Root,Total Occurrences,Josa Count,Eomi Count,MWE Count,MWE Examples
대,272022,27,11,57,"에 대한, 에 대해, 으로 대한, 을 대한, 에 대하, 에서 대한, 이 대한, 는 대한, 를 대한, 가 대한, 에 대항해, 로 대한, 에게 대한, 으로 대하, 의 대한, 를 대하, 을 대할, 을 대함, 로 대하, 으로 대했, 처럼 대했, 은 대한, 의 대항해, 으로써 대한, 께 대한, 까지 대한, 은 대항해, 을 대하, 나 대한, 를 대할, 와 대한, 의 대함, 도 대한, 의 대하, 부터 대한, 과 대한, 는 대운하, 처럼 대하, 는 대항해, 만 대한, 은 대함, 는 대함, 에게 대해, 으로 대할, 이 대하, 로 대해, 처럼 대해, 으로부터 대한, 로 대했, 의 대운하, 을 대했, 의 대해, 은 대운하, 에게 대하, 을 대해, 으로 대해, 은 대하"
의,170110,20,30,26,"에 의해, 에 의한, 에 의하, 와 의한국시리즈, 과 의하나이, 에게 의해, 에 의함, 의 의하, 으로 의해, 의 의한, 의 의해, 에 의할, 로 의해, 로 의하, 과 의한종, 과 의한속, 과 의하나로, 으로부터 의해방을, 로부터 의해방을, 과 의한종류, 와 의해저생활, 까지 의하타모토,, 과 의한종이, 에서 의하룻밤(, 에서 의하룻밤》, 을 의함"
통,122731,16,6,35,"을 통해, 를 통해, 을 통한, 를 통한, 을 통하, 를 통하, 으로 통한, 을 통할, 도 통할, 이 통하, 로 통하, 에 통하, 가 통하, 를 통할, 으로 통하, 만 통하, 과 통하, 로 통해, 로 통했, 으로 통했, 도 통하, 으로 통해, 에 통해, 는 통하, 와 통하, 은 통하, 로 통한, 에서 통하, 이 통한, 에 통한, 이 통해, 을 통했, 에게 통한, 이 통했, 은 통해"
위,119673,11,6,16,"를 위한, 을 위해, 를 위해, 을 위한, 에 위해, 을 위하, 를 위하, 를 위함, 으로 위해, 의 위해, 의 위한, 에게 위해, 을 위함, 가 위해, 에 위한, 이 위해"
사용,97909,31,268,529,"을 사용하여, 에서 사용하는, 으로 사용한다, 를 사용하여, 로 사용하는, 를 사용하면, 를 사용하기, 를 사용하지만, 를 사용하는, 를 사용하였, 을 사용하기, 이 사용하는, 으로 사용하기, 를 사용하도록, 를 사용한다, 마다 사용하는, 를 사용할수, 을 사용한다, 을 사용하는, 을 사용할수, 가 사용하는, 만 사용했다, 을 사용하면, 를 사용함, 을 사용했던, 을 사용하지, 으로 사용했고, 부터 사용했다, 까지 사용하였, 를 사용했다, 을 사용해이, 으로 사용하고, 로 사용한다, 으로 사용하는데, 을 사용하였, 를 사용하였으나, 을 사용하고, 를 사용한것, 도 사용할수, 를 사용하고, 도 사용하고, 에 사용하도록, 을 사용하며, 를 사용하지, 을 사용했고, 을 사용했다, 를 사용한다(, 를 사용하는지, 을 사용할때, 로 사용하거나, 를 사용하였으며, 을 사용했을, 를 사용하며, 는 사용하지, 을 사용하거나, 로 사용했다, 에서 사용한다, 을 사용해만든, 를 사용할때, 로 사용하고, 만 사용하도록, 은 사용하지, 을 사용했으나,, 이 사용할수, 도 사용한다, 에서 사용하고, 로 사용할수, 을 사용하면서, 까지 사용하고, 를 사용할것, 를 사용할경우, 을 사용하곤, 를 사용함으로써, 로 사용하기, 에서 사용하며, 에서 사용할수, 를 사용했지만, 을 사용하므로, 을 사용할경우, 로 사용한사람, 를 사용한정의, 로 사용했다는, 를 사용하면서, 만 사용할수, 로 사용하였, 으로 사용할수, 를 사용했을, 가 사용하기, 에서 사용하던, 으로 사용하였, 이 사용하였, 에 사용하던, 로 사용하던, 만 사용하면, 이 사용하기, 을 사용하게, 에 사용할수, 는 사용할수, 으로 사용했다, 까지 사용한로고, 에서 사용할목적, 에서 사용하기, 를 사용하므로, 를 사용하게, 에서 사용하였, 으로 사용하며, 을 사용하는데, 로 사용하여, 에 사용하면, 을 사용하였으나, 은 사용하기, 을 사용해서는, 으로 사용하는, 를 사용한다는점, 을 사용한실험, 을 사용한예, 에 사용하고, 만 사용하였, 에 사용할것, 에서 사용했다, 로 사용했을, 로 사용하다가, 로서 사용하고, 을 사용해야한다, 으로 사용할때, 을 사용할것, 를 사용했으며,, 를 사용함), 으로 사용하던, 에 사용한다, 가 사용할수, 를 사용하는데, 를 사용해왔, 도 사용하는, 에게 사용할수, 이 사용했던, 를 사용하거나, 이 사용하게, 이 사용하고, 을 사용하지만, 을 사용함, 을 사용했기, 로 사용했던, 로 사용하지, 을 사용해야하, 를 사용한적, 에 사용했고, 에 사용했다, 로 사용한것, 으로 사용하였으며, 을 사용하던, 를 사용하다, 를 사용한최초, 이 사용하던, 을 사용한것, 로 사용했고, 를 사용해야하, 에서 사용했던, 에 사용했던, 로 사용할것, 가 사용했던, 를 사용하려고, 에서 사용한것, 은 사용하는, 나 사용할수, 는 사용하기, 를 사용한제품, 으로 사용할경우, 로서 사용하는, 로 사용하도록, 로 사용하며, 를 사용해야한다, 을 사용해보, 를 사용해야만, 을 사용하다가, 을 사용하라는, 를 사용하다가, 가 사용한다, 을 사용하였으며, 에 사용하기, 으로 사용하여, 를 사용한다는것, 는 사용하는, 을 사용함으로써, 로 사용하게, 로 사용하지만, 을 사용하도록, 을 사용한첫, 도 사용하였, 를 사용하던, 으로 사용하다가, 를 사용해야한다고, 을 사용해야했, 을 사용한초기, 에 사용할목적, 으로 사용하게, 를 사용했던, 으로 사용하려고, 에 사용하였, 로 사용할목적, 은 사용할수, 를 사용했기, 을 사용하겠, 를 사용하고자, 를 사용했는데, 이 사용했다, 에 사용하면서, 로 사용했으며,, 만 사용하는, 가 사용하며, 을 사용했는지, 를 사용했음, 을 사용했지만, 까지 사용하던, 만 사용하던, 를 사용했다면, 을 사용했다는, 가 사용하도록, 으로 사용하도록, 이 사용한용어, 를 사용했고, 에 사용하는, 으로 사용하지, 를 사용한실험, 으로 사용했던, 으로 사용하면서, 을 사용함에, 로 사용하는데, 을 사용한점, 로서 사용할수, 으로 사용함으로써, 에게 사용하는, 에 사용하지, 를 사용한다:, 도 사용했다, 을 사용했다고, 을 사용하나,, 을 사용할시, 이 사용한다, 를 사용한다), 을 사용해야한다고, 을 사용한이, 으로 사용한것, 로 사용하려는, 을 사용한데, 로 사용하였으며, 으로 사용했을, 가 사용하던, 를 사용한점, 를 사용했다고, 을 사용했으며,, 을 사용하더라도, 부터 사용했던, 이 사용하며, 를 사용하나,, 까지 사용했던, 을 사용한다는점, 를 사용하자는, 에서 사용하지, 만 사용하고, 로 사용하면, 밖에 사용할수, 에 사용하지만, 을 사용했었다, 를 사용할필요, 로서 사용한다, 를 사용해만들, 을 사용한바, 로서 사용하기, 부터 사용하였, 을 사용할필요, 가 사용하고, 로 사용하려고, 를 사용하여도, 에서 사용하여, 까지 사용할수, 를 사용해야한다는, 를 사용하려면, 를 사용했다는, 가 사용한것, 을 사용하려면, 도 사용하며, 을 사용하려, 을 사용해왔, 를 사용할줄, 을 사용한다는것, 에 사용하였으며, 만 사용하게, 에게 사용하기, 을 사용하다, 처럼 사용한다, 으로 사용한사람, 만 사용한다, 부터 사용하던, 만 사용할것, 도 사용하지, 으로 사용하면, 으로 사용하고자, 를 사용하려는, 를 사용해서는, 를 사용해오, 에 사용했을, 을 사용해야할, 에 사용한것, 을 사용한최초, 을 사용하여야, 를 사용한후, 로 사용할때, 에서 사용하면, 를 사용한다면,, 으로 사용했기, 을 사용한다(, 는 사용하고, 부터 사용하고, 를 사용하자, 이 사용하지, 을 사용해그, 을 사용했는데, 만 사용하며, 도 사용했었다, 으로 사용한혐의, 을 사용한적, 에 사용하여, 을 사용할예정, 으로 사용했다고, 에서 사용하도록, 로 사용하면서, 를 사용하여야, 로 사용했다고, 으로서 사용하는, 를 사용한첫, 에 사용하며, 처럼 사용할수, 으로 사용했으며,, 에게 사용한다, 이 사용한언어, 을 사용함으로, 을 사용한후, 을 사용한작품, 을 사용한공격, 까지 사용하여, 을 사용한사람, 을 사용하여도, 를 사용했는지, 를 사용함에, 에서 사용하거나, 로 사용하려면, 가 사용하게, 도 사용하기, 으로 사용하거나, 부터 사용해온, 을 사용한경우, 으로 사용했으나,, 도 사용하게, 를 사용할권리, 부터 사용하기, 만 사용하여, 으로 사용할것, 으로 사용해왔, 을 사용하자, 를 사용할예정, 으로 사용하였으나, 까지 사용했다, 를 사용하려, 부터 사용하는, 으로 사용할예정, 를 사용할계획, 이 사용한연호, 를 사용하겠, 을 사용해서,, 에서 사용하게, 을 사용함), 로 사용하고자, 에 사용하거나, 를 사용한데, 를 사용한다른, 에 사용할때, 를 사용해,, 가 사용하였, 만 사용하기, 을 사용하려고, 은 사용하고, 을 사용한다), 를 사용해만, 으로 사용하다, 을 사용하되, 를 사용한마지막, 을 사용했음, 에 사용하게, 을 사용한사실, 으로서 사용하고, 로 사용했는데, 을 사용한요리, 처럼 사용하기, 을 사용해,, 가 사용했다, 를 사용해만든, 를 사용한이, 이 사용한것, 를 사용했었다, 을 사용하라고, 로 사용했기, 로 사용했었다, 로 사용할경우, 을 사용한다면,, 을 사용하고자, 가 사용했다는, 를 사용했으나,, 처럼 사용하는, 를 사용하더라도, 를 사용한사례, 으로 사용하지만, 으로 사용해야한다, 로 사용해왔, 에 사용했다고, 를 사용한이유, 을 사용하는지, 로 사용해야한다, 에서 사용한연호, 으로 사용할계획, 을 사용한연구, 에 사용하였으나, 를 사용해서,, 밖에 사용하지, 를 사용한,, 로 사용했지만, 을 사용하려는, 만 사용해야한다, 에게 사용하도록, 로 사용하였으나, 에 사용했으며,, 에 사용할계획, 를 사용해이, 을 사용한이후, 을 사용해오, 에서 사용할경우, 이 사용하도록, 에서 사용할때, 가 사용함), 으로 사용했는데, 이 사용하면서, 까지 사용하는, 을 사용해적, 으로서 사용하기, 으로 사용했지만, 으로 사용했다는, 에 사용함으로써, 를 사용한새로운, 가 사용하지, 를 사용할가능, 를 사용해야할, 에서 사용하였으며, 를 사용하되, 를 사용한경우, 를 사용함으로, 를 사용하느냐, 으로 사용하려, 을 사용한', 을 사용해야만, 으로 사용해온, 에 사용했지만, 이 사용했다고, 부터 사용할수, 를 사용하라, 을 사용한"", 으로 사용함, 을 사용한마지막, 가 사용했다고, 을 사용하였을, 을 사용한다:, 을 사용할권리, 로 사용함으로써, 을 사용한게임, 를 사용할시, 을 사용한다고하, 으로 사용했었다, 처럼 사용하여, 를 사용한요리, 에 사용할경우, 도 사용하지만, 에 사용해야한다, 를 사용해야했, 을 사용할계획, 을 사용하길, 을 사용했다가, 을 사용한팀, 도 사용하여, 를 사용한"", 을 사용한2, 을 사용하느냐, 에서 사용한건흥, 에서 사용한연희, 에서 사용한영안, 에서 사용한황초, 에서 사용한태평, 이 사용한사연호, 에서 사용한가평, 에서 사용한영화, 에서 사용한황시, 에서 사용한건국, 에서 사용한옥형, 에서 사용한건무, 에서 사용한승평, 에서 사용한백작, 에서 사용한건, 에서 사용한태안, 에서 사용한등국, 에서 사용한영락, 에서 사용한영강, 에서 사용한태초, 에서 사용한건평, 에서 사용한경자, 에서 사용한홍시, 에서 사용한천흥, 에서 사용한경시, 에서 사용한건초, 에서 사용한용승, 에서 사용한현시, 에서 사용한태상, 에서 사용한태원, 에서 사용한융안, 에서 사용한의희, 에서 사용한원가, 에게 사용했다, 으로 사용해야하, 로서 사용했다, 으로 사용했으면, 을 사용할가능, 을 사용한비디오"
포,91221,20,2,20,"을 포함, 를 포함, 이 포함, 에 포함, 가 포함, 도 포함, 으로 포함, 만 포함, 로 포함, 까지 포함, 는 포함, 은 포함, 의 포함, 에서 포함, 와 포함, 로서 포함, 에게 포함, 부터 포함, 과 포함, 이나 포함"
인,85339,15,5,21,"으로 인해, 로 인한, 로 인해, 으로 인하, 으로 인한, 로 인하, 이 인한, 에 인하, 의 인하, 에 인해, 의 인해, 은 인해, 에 인한, 를 인하, 을 인하, 는 인하, 대로 인해, 에서 인하, 가 인하, 이 인하, 와 인하"
관,63819,17,5,27,"을 관할, 에 관한, 에 관해, 에 관하, 과 관할, 과 관한, 로 관할, 만 관할, 이 관할, 는 관할, 를 관할, 가 관할, 의 관한, 이 관한, 에 관할, 에서 관할, 의 관할, 도 관할, 까지 관할, 와 관할, 으로 관할, 와 관한, 은 관할, 을 관하, 이 관하, 의 관하, 의 관할리"
위치,60573,12,524,537,"에 위치하며, 에 위치한미국, 에 위치한다, 에 위치하여, 에 위치한사찰, 에 위치해있, 에 위치한나라, 에 위치하고, 가 위치한다, 에 위치하는, 에 위치한서울, 에 위치한공원, 이 위치해있, 에 위치한수, 에 위치하게, 가 위치하여, 이 위치하고, 에 위치한에, 에 위치한지역, 에 위치한현대, 에 위치한2, 에 위치하였, 에 위치한현재, 에 위치해야한다, 에 위치한천문대, 에 위치한부산, 에 위치했던, 가 위치하는, 에 위치한다는것, 에 위치한광역시, 에 위치한중앙, 에 위치한유엔, 가 위치해있, 이 위치한다, 에 위치했다, 에 위치한도쿄, 이 위치한지역, 에 위치한정원, 에 위치한건물, 에 위치한고려, 에 위치한구로, 에 위치한대, 에 위치한두, 에 위치한곳, 에 위치한이, 에 위치한군사, 에 위치한롯데월드, 에 위치한넓, 에 위치한전, 에 위치한독일, 에 위치함, 에 위치한섬나라, 에 위치한섬, 에 위치한산, 에 위치한국가, 에 위치한오스트레일리아, 에 위치한도시, 에 위치한1, 에 위치한비행장, 에 위치한부분, 에 위치하는데, 에 위치한빈, 에 위치한관계, 에 위치한숲, 에 위치하면서, 에 위치한3, 에 위치한,, 에 위치한시, 에 위치한조선, 에 위치한군, 에 위치한미군, 에 위치한신, 에 위치한가톨릭, 에 위치했으며,, 에 위치한세종, 에 위치한종합, 에 위치한대한민국, 가 위치한도시, 에 위치한여러, 가 위치한곳, 에 위치한‘, 에 위치한아파트, 에 위치한기차역, 에 위치한집, 에 위치한기념비, 에 위치한궁전, 에 위치한로마, 에 위치할때, 에 위치한국립, 이 위치하는, 에 위치하기, 에 위치한것, 에 위치한공화국, 에 위치한그, 에 위치한언덕, 에 위치했고, 에 위치했었다, 에 위치한화산섬, 에 위치한고대, 에 위치한교통, 에 위치한별, 에 위치한자신, 에 위치한경기장, 에 위치함에, 에 위치하므로, 에 위치한인천, 에 위치한금, 에 위치한거대, 에 위치한7, 가 위치하게, 도 위치해있, 이 위치했던, 에 위치한자치구, 이 위치하며, 에 위치한상업, 이 위치하게, 에 위치한강남, 에 위치한구이, 가 위치하고, 에 위치한경부선, 에 위치한대구, 에 위치한시립, 에 위치한사립, 에 위치한광주, 이 위치하여, 에 위치한대전, 에 위치한전통, 에 위치한학교, 에 위치한삼, 으로 위치하고, 도 위치한다, 에 위치한유명, 에 위치한교량, 에 위치한전문, 에 위치한경우, 에 위치해,, 에 위치한세계, 에 위치한"", 이 위치한곳, 에 위치한대학교, 에 위치한울산, 에 위치한독립, 에 위치하였으나, 에 위치한', 이 위치하였, 에 위치한점, 에 위치한시설, 에 위치한해양, 에 위치한''', 가 위치하며, 에 위치한대학, 에 위치한자율, 에 위치한공립, 에 위치한명문, 에 위치할수, 에 위치한상급, 에 위치한사, 에 위치한소, 에 위치한마을, 에 위치한거리, 에 위치한공공, 에 위치한해안, 에 위치한한국, 에 위치한4, 에 위치한국제, 에 위치한박물관, 에 위치한옛, 에 위치한기독교, 에 위치한건, 에 위치한서산, 가 위치하였, 에 위치한지리, 에 위치한해발, 에 위치한호수, 에 위치한다는점, 에 위치한까닭, 에 위치한대한, 에 위치한작, 에 위치한시이다, 에 위치한탑, 에 위치하지만, 에 위치한반도, 에 위치한다른, 에 위치한역, 에 위치한더, 에 위치한국제공항, 에 위치한반, 에 위치한높이, 에 위치한개신교, 에 위치한지명, 에 위치한봉우리, 에 위치한세인트, 에 위치한자택, 에 위치한스, 에 위치한산악, 에 위치한데, 으로 위치해있, 에 위치한제, 에 위치한성, 에 위치한이스라엘, 에 위치한이집트, 에 위치한그리스, 에 위치한위성, 에 위치한주로, 에 위치한주이, 에 위치한뉴욕, 에 위치한항구, 에 위치한오, 에 위치한본사, 에 위치했기, 에 위치한성당, 에 위치한주, 로 위치하고, 에 위치한프랑스, 에 위치한영국, 가 위치한것, 에 위치했는데, 에 위치하면, 에 위치한유럽, 에 위치한한, 에 위치한약, 에 위치한광장, 에 위치하였으며, 에 위치한레지옹, 에 위치한역사, 에 위치한마이크, 에 위치했다는, 에 위치한철도, 에 위치한중국, 에 위치한레스토랑, 에 위치한음악, 에 위치한수도, 가 위치했던, 에 위치한알, 에 위치한런던, 에 위치한잉글랜드, 에 위치한현, 에 위치한지방, 에 위치하지, 에 위치한동일본, 에 위치한8, 에 위치하나,, 에 위치한큰, 에 위치한중화민국, 에 위치한세븐일레븐, 에 위치한다(, 에 위치한구, 에 위치한환초, 로 위치해있, 가 위치했다, 이 위치하던, 에 위치한인공, 에 위치함을, 에 위치한쇼핑, 에 위치한읍, 에 위치한연구, 에 위치한바다, 에 위치한많, 에 위치한일본, 에 위치하거나, 에 위치했지만, 에 위치한지자체, 에 위치한러시아, 에 위치한지하, 에 위치함), 에 위치한동굴, 에 위치한빌라, 에 위치한해변, 에 위치한특수, 에 위치한몬트리올, 에 위치한6, 에 위치한천체, 에 위치한공항, 도 위치하고, 에 위치한지구, 에 위치한실내, 에 위치한동물원, 에 위치한고원, 에 위치한밀라노, 에 위치한중부, 에 위치한강, 에 위치한폭포, 에 위치한온천, 에 위치한계곡, 에 위치한스포츠, 에 위치한바, 에 위치한공업, 에 위치한팔, 에 위치한유일, 에 위치한해수욕장, 에 위치한영동선, 에 위치한버스, 에 위치한백제, 에 위치한민간, 에 위치한군도, 에 위치한인구, 에 위치한10, 에 위치한산맥, 에 위치하는지, 에 위치할것, 에 위치했었던, 에 위치한댐, 에 위치한지, 에 위치한요새, 가 위치한지역, 에 위치한회사, 이 위치했다, 에 위치한폴란드, 에 위치한다카마쓰, 에 위치했을, 에 위치한만, 에 위치한자연, 에 위치한프로, 에 위치한철도역, 에 위치한중앙선, 에 위치한도로, 에 위치한긴키, 에 위치한행정, 에 위치한판, 에 위치한스페인, 에 위치한야구장, 에 위치한12, 에 위치한스타드, 에 위치한제도, 에 위치한크로아티아, 에 위치한마셜, 에 위치한서일본, 에 위치한코뮌, 에 위치한주요, 에 위치한5, 에 위치한고개, 에 위치한테, 에 위치한면, 에 위치한다리, 에 위치한도카이, 에 위치한난, 에 위치한아, 에 위치한최초, 에 위치한후, 에 위치한주립, 에 위치한비, 에 위치했다고, 에 위치한항성, 에 위치한왕국, 에 위치하도록, 에 위치한베른, 에 위치한불교, 에 위치한축구, 에 위치한다목, 에 위치한식당, 에 위치한지급시, 에 위치한마천루, 에 위치한공군, 에 위치한상, 에 위치한말, 에 위치한세, 에 위치한놀이, 에 위치한명, 에 위치한구역, 에 위치한빌딩, 에 위치한부대, 에 위치한이곳, 에 위치한오래, 에 위치한백, 에 위치한클럽, 에 위치한사단, 에 위치한산업, 에 위치한극장, 에 위치한스타, 에 위치한중세, 에 위치한미, 에 위치한모든, 에 위치한또, 에 위치한이스타, 에 위치한에스, 에 위치하던, 에 위치한엔, 에 위치한호텔, 에 위치한가장, 에 위치한평라선, 에 위치한경기도, 에 위치한초, 에 위치한말레이시아, 에 위치한왕립, 에 위치한경원선, 에 위치한키리바시, 에 위치한터널, 에 위치한자동차, 에 위치한지하철역, 에 위치한관광지, 에 위치한게, 에 위치한열, 에 위치한노보, 에 위치한포르투갈, 에 위치한새로운, 에 위치한오페라, 에 위치한가상, 에 위치한배, 에 위치한무, 에 위치한대형, 에 위치한파리, 에 위치한인도, 에 위치한도서관, 으로 위치한다, 에 위치한홋카이도, 에 위치한동해선, 이 위치한도시, 에 위치한남, 에 위치한지점, 에 위치한덴마크, 에 위치한호남선, 에 위치한전라선, 에 위치한경전선, 에 위치한태백선, 에 위치한데파르, 에 위치한크, 에 위치한비디오, 에 위치한나, 에 위치한기업, 에 위치한주한, 에 위치한복합, 에 위치한저택, 에 위치한라, 에 위치한이탈리아, 에 위치한아레나, 에 위치한신라, 에 위치한홍콩, 에 위치할예정, 에 위치한신사, 에 위치한전략, 에 위치한미술관, 에 위치한고급, 에 위치한사원, 에 위치한워터, 에 위치한남해고속도로, 에 위치한모카, 에 위치한리, 에 위치한코, 에 위치한적색, 에 위치한정, 에 위치한소규모, 에 위치한하이드, 에 위치한과거, 에 위치한시외버스, 에 위치한경북선, 에 위치한나고야, 에 위치한화산, 에 위치한동, 에 위치한고기압, 에 위치한고고학, 에 위치한코무네, 에 위치한병원, 에 위치한자, 에 위치한이스트, 에 위치한부, 에 위치한상하, 에 위치한독일군, 에 위치한저기압, 에 위치한우크라, 에 위치한중학교, 에 위치한휴양지, 에 위치한'', 에 위치한호남고속도로, 에 위치한키, 에 위치한수도원, 에 위치한지상, 에 위치한지하철, 에 위치한행정동, 에 위치한천주교, 에 위치한시장, 에 위치한지즈, 에 위치한일, 에 위치한규슈, 에 위치한길, 에 위치한공장, 에 위치한벨, 에 위치한네, 에 위치한 , 에 위치한베이징, 에 위치한법정동, 에 위치한시내버스, 에 위치한마천, 에 위치한마을버스, 에 위치한올림픽, 에 위치한근육, 에 위치한요로, 에 위치한캐나다, 에 위치한예술, 에 위치한촌, 에 위치한화력, 에 위치한초고층, 에 위치한시코쿠, 에 위치한고등학교, 에 위치한고속, 에 위치한평택, 에 위치해지세, 에 위치한웸블리, 에 위치한북한, 에 위치한어항, 에 위치한장, 에 위치한김포, 에 위치한워싱턴, 에 위치한큐, 에 위치한교회, 에 위치한초등, 에 위치한산기, 에 위치한컨벤션, 에 위치한베를린, 에 위치한에이, 에 위치한아오이모리, 에 위치한스타디온, 에 위치한경부고속도로, 에 위치한주상, 에 위치한출입구, 에 위치한오다큐, 에 위치한오피스, 에 위치한간토, 에 위치한모스크, 에 위치한무덤, 에 위치한도야마, 에 위치한서해안, 에 위치한삿포로, 에 위치한스위스, 에 위치한다루미, 에 위치한통계, 에 위치한모스크바, 에 위치한사가미, 에 위치한GO, 에 위치한헤이세이, 에 위치한고난, 에 위치한이요, 에 위치한히로시마, 에 위치한지쿠호, 에 위치한구마모토, 에 위치한페나인, 에 위치한퀘벡, 에 위치한under"
말,50133,31,128,316,"을 말한다, 를 말한다, 를 말할때, 을 말하다, 를 말하다, 은 말한다, 고 말했다, 을 말해준다, 라고 말했다, 이라고 말하는, 이라고 말했다, 을 말하면서, 라고 말하면서, 라고 말하여, 로 말하고, 고 말하자, 라고 말하고, 은 말할것, 이라고 말하였, 을 말하며, 고 말할수, 가 말했듯이, 를 말하기, 을 말해주, 만 말할수, 을 말할때, 을 말하는, 고 말하기, 를 말하며, 에서 말한바, 이라고 말한다, 에게 말했다, 라고 말하는, 를 말한다(, 를 말하자면, 에서 말하는, 을 말한다*, 를 말하고, 에서 말하길, 고 말하였, 라고 말할수, 에게 말하였, 이 말한것, 이 말했다, 을 말하고, 라고 말하며, 가 말하는, 에서 말했다, 라고 말한바, 을 말하기, 에서 말하기, 을 말하지만, 도 말하고, 을 말하자면, 고 말하고, 가 말할때, 는 말할것, 를 말하는, 을 말하였, 이라고 말하기, 를 말했다, 을 말하는데, 을 말한것, 라고 말한다, 고 말했지만, 에 말하기, 고 말했다고, 이 말해주, 고 말한바, 으로 말하는, 을 말해봐, 에게 말하고, 가 말하기, 에게 말하기, 이라고 말했다고, 으로 말할때, 으로 말한다, 을 말했다, 는 말한다, 서 말하는, 이 말하는, 에서 말했듯이, 은 말할나위, 라고 말하였, 로 말할수, 로 말하자면, 이라고 말할수, 라고 말할정도, 을 말한다), 라고 말했으며,, 을 말한다(, 은 말하자면, 를 말하면, 라고 말하자, 을 말하는가, 고 말하며, 는 말하기, 이라고 말했으며,, 에게 말할수, 을 말했는데, 가 말한대로, 라고 말했다고, 을 말하자, 라고 말하고는, 라고 말했다는, 을 말하여, 를 말하여, 를 말하므로, 을 말하면, 으로 말한것, 를 말하는데, 고 말한것, 라고 말했고, 으로 말하기, 라고 말하기, 이라고 말한것, 를 말하였, 라고 말했는데, 을 말할수, 에서 말하면, 의 말하는, 를 말하나,, 에게 말하는, 는 말하지, 이 말하기, 을 말함*, 로 말하면, 으로 말하지, 을 말하게, 라고 말한것, 라고 말한적, 도 말하지, 은 말할수, 라고 말했지만, 이 말했던, 고 말한다, 가 말한바, 을 말한적, 라고 말한뒤, 이라고 말하며, 를 말하면서, 은 말하기, 는 말했다, 에게 말하지, 가 말하길, 가 말했던, 이 말하고자, 고 말했는데, 에 말했다, 를 말해준다, 는 말할수, 을 말함), 으로 말하면, 고 말하는, 를 말한다-, 에서 말하고, 도 말할수, 라고 말했던, 와 말하기, 를 말해주, 고 말했다는, 이 말했듯이, 이라고 말한바, 에게 말하여, 이 말한바, 가 말한다, 가 말하였, 이 말한다, 는 말하는, 고 말하면서, 는 말하고, 로 말한다, 으로 말하고, 에게 말한다, 이 말하길, 이라고 말하면서, 도 말했다, 라고 말했을, 가 말한"", 를 말하지, 고 말했고, 를 말할수, 에게 말하길, 로 말하며, 를 말함), 라고 말하면, 으로 말하여, 대로 말하면, 는 말하였, 에서 말한다, 로 말하는, 으로 말했다, 고 말한뒤, 을 말한다', 에게 말하게, 에서 말해지, 에서 말한것, 가 말한것, 라고 말함으로써, 를 말하거나, 고 말할정도, 처럼 말한다, 처럼 말하는, 은 말했다, 을 말하거나, 고 말하여, 을 말하지, 로 말했다, 를 말한다), 에 말한것, 은 말하지, 도 말하였, 이라고 말하고, 도 말하는, 에 말하는, 로 말해지, 가 말했다, 도 말했듯이, 을 말하고자, 로 말하였, 고 말했으며,, 도 말해진다, 도 말한다, 에게 말해주, 에 말하였, 의 말하기, 이 말하고, 으로 말해서,, 가 말하고, 가 말해주, 을 말한다,, 을 말하니, 으로 말해,, 으로 말하자면, 라고 말해지, 으로 말해주, 에서 말한대로, 라고 말하곤, 은 말할필요, 이라고 말했고, 로 말할때, 에게 말한것, 을 말함, 에게 말했고, 라고 말하게, 라고 말한후, 를 말한다*, 가 말한', 라고 말하지만, 에서 말하였, 를 말하지만, 가 말하고자, 까지 말했다, 로 말하기, 를 말하게, 라고 말하지, 도 말해지, 도 말하며, 은 말하고, 을 말했고, 가 말하지, 에게 말했다고, 에 말하지, 고 말하였으며, 에 말할수, 고 말한적, 는 말하자면, 에게 말했던, 으로 말할수, 를 말한것, 처럼 말하고, 를 말함, 라고 말했습니다, 를 말한다》, 라고 말해주, 으로 말하였, 로 말할것, 을 말하라고, 에게 말할때, 을 말했을, 라고 말할때, 에 말하고, 을 말할것, 을 말하므로, 이 말하지, 에서 말하자면, 라고 말해,, 고 말했던, 에게 말하자, 은 말하는, 가 말할수, 와 말하는, 이 말하였, 도 말하기, 에서 말한', 만 말했다, 에서 말할수, 이 말한대로, 으로 말해지, 로 말하지만, 만 말하고, 을 말하라, 은 말하였, 이라고 말했던, 이 말할때, 라고 말하였으며, 고 말했으나,, 이라고 말했지만, 을 말함**, 은 말한다독회, 라고 말했어요, 은 말했는데, 를 말한다오병호, 으로 말하겠, 라고 말해서도둑, 는 말했는데"
기록,49390,24,177,261,"를 기록했다, 를 기록했고, 를 기록했기, 를 기록하였, 를 기록하기, 을 기록하는, 고 기록하였, 을 기록한바, 를 기록하여, 을 기록하고, 를 기록하며, 을 기록한일기, 를 기록했으며,, 를 기록하고, 을 기록하였, 을 기록했다, 를 기록한이후, 을 기록하거나, 로 기록하여, 에 기록할수, 를 기록하는, 을 기록했고, 을 기록하여, 을 기록하며, 가 기록한성적, 을 기록했는데, 을 기록해1, 도 기록하지, 를 기록한다, 에 기록했다, 에 기록하였, 을 기록하였으며, 를 기록하였으며, 를 기록한중앙아프리카, 을 기록하다, 를 기록하다, 을 기록하면, 을 기록할수, 으로 기록하였, 을 기록한것, 를 기록하던, 으로 기록하고, 을 기록했으며,, 을 기록한다, 고 기록했다, 을 기록한첫, 을 기록한《, 가 기록한것, 를 기록하면서, 로 기록하고, 를 기록하거나, 로 기록하기, 을 기록하게, 을 기록할때, 을 기록했지만, 을 기록한책, 가 기록했다, 를 기록했지만, 를 기록할때, 라고 기록했다, 를 기록할수, 을 기록하기, 에 기록하고, 라고 기록하고, 만 기록하고, 를 기록한것, 을 기록한그, 를 기록한후, 라고 기록하였, 을 기록한역사, 로 기록한것, 를 기록한《, 이 기록한것, 는 기록하지, 를 기록하게, 으로 기록한다, 로 기록하였, 고 기록하고, 를 기록한책, 도 기록하였, 로 기록했다, 를 기록한선수, 을 기록한뒤, 을 기록한비석, 를 기록한적, 을 기록한문서, 을 기록한문헌, 으로 기록하는, 을 기록함으로써, 에 기록한것, 를 기록했던, 으로 기록하기, 을 기록하던, 에 기록해놓, 을 기록하면서, 를 기록하지, 를 기록해,, 을 기록할정도, 를 기록한데, 을 기록했던, 을 기록할것, 을 기록한1, 을 기록함에, 을 기록하도록, 를 기록했음, 이 기록했다, 을 기록한선수, 도 기록했다, 를 기록하자, 를 기록한바, 를 기록하면, 를 기록하였으나, 를 기록함으로써, 을 기록하였으나, 로 기록하는, 는 기록하고, 를 기록해두, 로 기록한다, 을 기록해놓, 을 기록했으나,, 를 기록했는데, 을 기록했다고, 를 기록한뒤, 가 기록하였, 을 기록하긴, 에서 기록한것, 밖에 기록하지, 이 기록한최고, 은 기록하지, 을 기록해2, 을 기록한후, 를 기록했다고, 에 기록한다, 을 기록한이후, 를 기록했다는, 을 기록한투수, 을 기록하지, 을 기록했었다, 을 기록했을, 를 기록했으나,, 를 기록해2, 을 기록해,, 이 기록한장준하, 을 기록한팀, 에 기록하는, 을 기록해그, 을 기록하다가, 를 기록한첫, 을 기록한적, 을 기록한데, 을 기록함과, 으로 기록한것, 를 기록한팀, 으로 기록했다, 으로 기록하여, 가 기록했던, 을 기록해팀, 을 기록하자, 에서 기록했다, 을 기록한경기, 을 기록해경기, 을 기록해3, 을 기록해우승, 에서 기록했는데, 을 기록한최초, 을 기록한유일, 을 기록해소속, 을 기록해대회, 에서 기록한골, 을 기록해이, 도 기록하고, 에 기록하여, 까지 기록했다, 를 기록해팀, 이 기록했던, 를 기록해역대, 를 기록한그, 을 기록했음, 를 기록한싱글, 를 기록한음반, 를 기록함과, 을 기록했으나팀, 를 기록할정도, 을 기록하지만, 을 기록해5, 을 기록해득점, 을 기록해4, 을 기록한지진, 까지 기록하였, 을 기록해두, 를 기록했었다, 로 기록했고, 을 기록한작품, 를 기록한최초, 을 기록한공로, 을 기록해구단, 로 기록할수, 을 기록한이, 를 기록한〈, 을 기록한영화, 를 기록하지만, 을 기록했으며이, 를 기록한유일, 를 기록할것, 에서 기록한득점, 를 기록한곡, 을 기록한반면, 을 기록해"", 을 기록해리그, 에서 기록하였, 를 기록한경기, 를 기록한노래, 을 기록한사람, 을 기록하는데, 을 기록하였을, 을 기록한지역, 를 기록했으며이, 에 기록했던, 가 기록한이후, 를 기록함에, 을 기록해역대, 를 기록한4, 을 기록했기, 을 기록한시즌, 를 기록한투수, 을 기록한타자, 이라고 기록하였, 을 기록했으며그, 을 기록한골키퍼, 가 기록한이래, 을 기록했다는, 를 기록했을, 을 기록한실록, 를 기록하다가, 을 기록해'', 을 기록한경우, 를 기록한두, 을 기록한역대, 에서 기록한최고, 을 기록한‘, 을 기록한채, 을 기록하진, 를 기록한구단, 를 기록한"", 을 기록한2, 를 기록함), 를 기록한이, 를 기록함, 를 기록한뮤직, 가 기록한최고, 을 기록한국가, 를 기록한2004, 를 기록한2010, 을 기록한CVP, 를 기록한2011, 을 기록한SVP, 을 기록한SP, 을 기록한FDP, 을 기록한스위스, 로 기록한실록, 가 기록한득표율"
시작,45200,24,140,262,"로서 시작했다, 에서 시작하여, 로 시작하는, 을 시작하다, 을 시작하고, 를 시작했다, 가 시작했다, 을 시작했다, 를 시작할때, 에서 시작한다, 를 시작하게, 을 시작하는, 을 시작했다고, 가 시작한지, 으로 시작하고, 으로 시작하여, 를 시작하였, 을 시작한다, 를 시작했지만, 부터 시작하여, 부터 시작했다, 을 시작했고, 에서 시작하는, 을 시작하자, 을 시작했으며,, 으로 시작하는, 으로 시작하며, 을 시작했다는, 을 시작하였, 를 시작한다, 를 시작했다고, 를 시작한뒤, 을 시작하면서, 로 시작하였으나, 를 시작하지, 으로 시작하였으나, 로 시작하고, 에 시작한다, 으로 시작하였, 를 시작하기, 을 시작하기, 을 시작하여, 로 시작한다, 로 시작하며, 이 시작하는, 부터 시작한다, 이 시작한다, 를 시작하고, 를 시작하지만, 를 시작하면서, 이 시작하여, 가 시작하였, 을 시작한후, 를 시작했을, 을 시작하게, 으로 시작했다, 를 시작한것, 를 시작했고, 에서 시작했다, 로 시작했다, 에 시작하였, 에서 시작하고, 를 시작할수, 을 시작하였으나, 을 시작함으로써, 을 시작하도록, 에 시작하여, 이 시작하였, 로 시작하여, 을 시작했을, 이 시작할무렵, 으로 시작한다, 을 시작한것, 을 시작했다가, 을 시작할수, 을 시작한이래, 를 시작하여, 가 시작하는, 를 시작하다, 을 시작함, 을 시작한이후, 로부터 시작하는, 를 시작할것, 을 시작했는데, 에서부터 시작하여, 에서 시작했고, 를 시작하는, 이 시작하기, 가 시작하면서, 을 시작할때, 로서 시작하였, 를 시작하며, 를 시작했는데, 로부터 시작하여, 을 시작했지만, 을 시작해야했, 을 시작했음, 부터 시작하며, 이 시작할때, 에서부터 시작한다, 을 시작했던, 를 시작하자, 부터 시작하였, 로 시작하였, 를 시작했던, 을 시작한곳, 에서 시작하며, 을 시작했으나,, 으로부터 시작하여, 을 시작했기, 로 시작해,, 을 시작하였으며, 을 시작하면, 로 시작하게, 를 시작했으나,, 을 시작할계획, 을 시작하던, 을 시작한사람, 가 시작할무렵, 을 시작하지, 을 시작할무렵, 을 시작하거나, 에 시작한것, 을 시작하자마자, 으로 시작하게, 를 시작하였으며, 을 시작할것, 도 시작했다, 를 시작한지, 를 시작할무렵, 에 시작하는, 를 시작해,, 이 시작했다, 을 시작하겠, 에서 시작하였, 이 시작했고, 를 시작함, 로 시작하는데, 으로 시작할수, 을 시작하라는, 을 시작하지만, 을 시작한지, 을 시작하며, 으로 시작하는데, 로 시작했지만, 이 시작했을, 도 시작하였, 부터 시작하고, 을 시작하려, 에 시작했다, 에 시작했지만, 으로 시작했고, 에 시작한대한민국, 를 시작했으며,, 으로 시작하면, 을 시작해야한다, 을 시작한시기, 을 시작했으며2010, 를 시작하도록, 을 시작했습니다, 에서 시작했으며,, 을 시작할예정, 를 시작하면, 을 시작하는데, 를 시작하였으나, 에 시작하기, 를 시작할예정, 을 시작해10, 을 시작한뒤, 부터 시작하는, 가 시작한다, 에서 시작하게, 으로 시작하지만, 을 시작한《, 로 시작했으나,, 가 시작할때, 을 시작한그, 을 시작한계기, 부터 시작해서,, 으로 시작했지만, 를 시작하려고, 로부터 시작한다, 으로 시작해,, 을 시작하려고, 에서 시작하지만, 에 시작한미국, 로 시작했으며,, 를 시작했다는, 를 시작한그, 를 시작하자마자, 로 시작하기, 를 시작한후, 가 시작한것, 를 시작한이후, 가 시작하기, 에서 시작해,, 에 시작한이, 를 시작했기, 으로부터 시작한다, 를 시작한이래, 에 시작하고, 으로 시작했으며,, 이 시작하고, 에 시작하였으며, 으로 시작하기, 을 시작해,, 로 시작하지만, 에 시작하며, 가 시작하고, 로 시작해서,, 으로 시작했으나,, 으로 시작했다가, 로 시작하면, 으로 시작하였으며, 부터 시작했으며,, 가 시작하여, 을 시작하려는, 을 시작함과, 부터 시작하게, 에 시작했고, 으로 시작했는데, 부터 시작하기, 를 시작할당시, 부터 시작해,, 에서 시작하였으며, 를 시작한다고발표, 에서 시작해서동쪽, 를 시작하는데, 서 시작한다, 을 시작함에, 으로 시작한것, 에서 시작했지만, 로 시작했던, 를 시작한계기, 을 시작한다고발표, 을 시작한지얼마, 부터 시작하였으며, 에서 시작한것, 에 시작한TV, 가 시작하자마자, 로 시작하였으며, 을 시작한이, 에 시작할것, 을 시작했으며이후, 을 시작해그, 를 시작하려, 를 시작해야한다, 를 시작하거나, 부터 시작하자, 에 시작했으며,, 을 시작하려면, 이 시작하면서, 을 시작해현재, 을 시작한대한민국, 로 시작했다가, 를 시작한대한민국, 에 시작한영국, 에 시작한일본, 을 시작해역대, 에 시작할예정, 로 시작했고, 을 시작했으며그"
존재,39555,25,115,307,"이 존재한다, 는 존재할수, 가 존재한다는사실, 에 존재하는, 에 존재한다, 으로 존재할수, 가 존재하므로, 으로 존재했다, 부터 존재했으며,, 가 존재하는지, 에서 존재하지, 도 존재하며, 부터 존재했을, 가 존재하는, 은 존재하지, 도 존재한다, 까지 존재하는, 에 존재하고, 으로 존재하는데, 로 존재하지, 이 존재할때, 에 존재하지만, 가 존재한다, 이 존재하지, 는 존재하지, 가 존재하지, 이 존재한다면,, 가 존재하며, 이 존재하므로, 가 존재하고, 에 존재하지, 으로 존재하지, 로 존재한다, 이 존재할수, 가 존재하여, 이 존재하는, 만 존재한다, 이 존재한다는것, 가 존재해야한다, 가 존재한다는것, 이 존재한다고가정, 가 존재한다면,, 이 존재한다는사실, 에 존재하는지, 에 존재할수, 이 존재해왔, 이 존재하며, 이 존재하나,, 로 존재했던, 가 존재하여야, 에 존재할때, 가 존재하게, 가 존재했기, 의 존재하는, 로 존재하므로, 으로 존재한다, 이 존재하기, 도 존재하였, 만 존재했던, 이 존재하거나, 에 존재했던, 가 존재하였, 도 존재했지만, 가 존재한다:, 로 존재하는, 이 존재하는데, 이 존재한다면이, 에 존재한다는것, 로서 존재하는, 이 존재하는가, 로 존재할수, 로 존재하며, 가 존재한다는점, 가 존재함을, 이 존재했다, 이 존재하고, 이 존재하였, 에 존재하던, 가 존재할가능, 이 존재할것, 이 존재했다는, 까지 존재한다, 가 존재할수, 이 존재함을, 으로 존재하게, 으로 존재하고, 가 존재하는가, 가 존재할때, 는 존재한다, 만 존재할뿐, 도 존재했다, 가 존재하기, 는 존재하지만, 으로 존재하며, 이 존재한다:, 가 존재할것, 에 존재하므로, 도 존재하고, 도 존재하지, 도 존재하는, 로 존재했다, 에서 존재하는, 으로 존재하는, 이 존재해야한다, 도 존재할수, 까지 존재하지, 만 존재하기, 가 존재하면, 가 존재한다고하, 이 존재하지만, 은 존재하며, 부터 존재했던, 가 존재했던, 에 존재하게, 만 존재하였으나, 이 존재한다고주장, 이 존재했으나,, 이 존재함, 까지 존재했던, 가 존재했고, 이 존재한다는증거, 이 존재했다고, 이 존재하게, 이 존재할가능, 이 존재하던, 에 존재하였, 가 존재했는데, 으로 존재했던, 이 존재했으며,, 이 존재한다(, 이 존재했지만, 으로 존재하기, 도 존재했으며,, 부터 존재하던, 가 존재했다, 만 존재하던, 마다 존재하는, 만 존재하고, 로서 존재한다, 에 존재하며, 은 존재하였, 이 존재한다는점, 이 존재하여, 는 존재하는, 부터 존재하는, 이 존재할경우, 에 존재한다는사실, 에 존재했다, 이 존재했을, 로 존재하고, 는 존재하였, 도 존재하지만, 부터 존재했다, 부터 존재해왔, 만 존재하는, 으로 존재하였, 까지 존재했다, 가 존재하지만, 이 존재한다고생각, 은 존재할수, 은 존재한다, 가 존재했지만, 가 존재했을, 부터 존재하였, 가 존재했다는, 이 존재했는데, 으로서 존재하는, 는 존재했다, 으로서 존재한다, 가 존재하는데, 도 존재하는데, 이 존재했던, 에 존재했지만, 가 존재했음, 으로 존재하던, 이 존재했음, 도 존재하기, 에 존재했다고, 은 존재하고, 로 존재하기, 도 존재했는데, 이 존재했기, 가 존재함에, 이 존재했고, 만 존재하였, 이 존재하였으나, 가 존재하였으나, 까지 존재하였, 만 존재하며, 가 존재한다고주장, 에 존재했다는, 이 존재하였으며, 도 존재하였으나, 는 존재하고, 이 존재한다고보, 의 존재하에, 가 존재했다고, 에 존재할것, 이 존재한것, 로 존재하다가, 부터 존재하였으며, 가 존재한다), 이 존재해야만, 부터 존재한다, 이 존재했었다, 에서 존재하고, 밖에 존재하지, 까지 존재하며, 에 존재해왔, 이 존재한다고하, 이 존재하는지, 에 존재하기, 가 존재한다고믿, 도 존재하여, 은 존재하지만, 에 존재했으며,, 로 존재하지만, 까지 존재하고, 부터 존재해왔으며, 가 존재할경우, 가 존재한다고가정, 부터 존재하고, 가 존재하나,, 도 존재했었다, 로 존재하였, 이 존재한다고믿, 에 존재했을, 으로 존재하지만, 의 존재하에서, 나 존재한다, 가 존재한다고보, 까지 존재하던, 에 존재하면서, 에서 존재할수, 만 존재했다, 이 존재하여야, 까지 존재했으며,, 가 존재한다(, 부터 존재하여, 에서 존재한다, 은 존재하는, 에 존재하여, 만 존재할수, 로 존재하던, 가 존재한다는증거, 이 존재하면, 도 존재하나,, 에 존재했음, 부터 존재했다고, 에서 존재했던, 도 존재한다), 부터 존재하지, 에서 존재하며, 가 존재하거나, 는 존재하는가, 이 존재함에, 까지 존재했었던, 가 존재해,, 이 존재하긴, 에 존재했었던, 밖에 존재하는, 도 존재한다는것, 이 존재하더라도, 로 존재하게, 부터 존재했지만, 가 존재하였으며, 나 존재하는, 가 존재했었다, 가 존재했으며,, 로서 존재할수, 에 존재했고, 이 존재할뿐, 로 존재해왔, 까지 존재한일본, 에게 존재하는, 에 존재하는데, 이 존재한다), 은 존재했다, 로서 존재하고, 도 존재한다(, 가 존재할필요, 부터 존재해온, 만 존재하게, 이 존재해,, 로 존재하여, 까지 존재했었다, 은 존재하는가, 이 존재한다고한다, 가 존재하던, 이 존재함이, 가 존재함이, 까지 존재한대한민국, 에 존재하면, 까지 존재한미국, 에 존재했었다, 으로 존재한다는것, 에 존재해야한다, 에서 존재했다, 가 존재한다고한다, 에 존재한중국, 까지 존재한경기도, 에 존재한다고주장, 도 존재했던, 부터 존재한것, 으로 존재하다가, 으로 존재해왔, 이 존재할필요"
속,38378,14,12,34,"에 속하, 에 속한, 이 속한, 이 속해, 에 속한다는것, 에 속할, 가 속하, 에 속했, 에 속해, 가 속한, 에 속했으며,, 도 속하, 는 속하, 에 속함, 가 속해, 로 속해, 이 속하, 에게 속하, 에게 속한, 으로 속하, 에 속한다는가설, 께 속한, 에 속한다는점, 만 속하, 가 속했, 도 속해, 으로 속해, 에게 속해, 이 속했, 에 속한다는사실, 만 속해, 로 속하, 에게 속했, 의 속하는"
차지,35913,16,108,163,"를 차지하고, 이 차지하고, 를 차지하게, 을 차지하며, 를 차지하였, 을 차지하고, 을 차지했다, 을 차지한다, 를 차지한다, 를 차지할정도, 를 차지했고, 를 차지했다, 를 차지하던, 이 차지했고, 에서 차지하는, 을 차지하는, 을 차지하였, 을 차지하면서, 을 차지하게, 를 차지하였으며, 를 차지하여, 가 차지하기, 를 차지하는, 를 차지할만큼, 이 차지하기, 를 차지한적, 를 차지했지만, 을 차지했으며,, 이 차지하는, 이 차지한다, 이 차지하며, 를 차지하며, 이 차지하였, 가 차지하는, 를 차지한다고한다, 를 차지하지만, 을 차지할수, 을 차지한팀, 를 차지한바, 를 차지한데, 을 차지하여, 을 차지할정도, 을 차지한바, 을 차지했지만, 를 차지했으며,, 을 차지한정당, 를 차지하는데, 를 차지하면서, 을 차지하다, 를 차지할수, 를 차지해,, 에 차지하는, 을 차지하던, 을 차지했고, 가 차지했다, 을 차지하려는, 를 차지할것, 를 차지하기, 을 차지함, 을 차지했던, 을 차지하였으며, 을 차지했는데, 이 차지했다, 을 차지한후, 을 차지했으나,, 이 차지했던, 에서 차지하고, 가 차지하고, 가 차지하게, 를 차지하지, 을 차지하기, 를 차지함으로써, 을 차지했다고, 를 차지한것, 를 차지한국가, 까지 차지하였, 를 차지하고자, 를 차지하려, 가 차지하였, 를 차지했다고, 을 차지했음, 을 차지했을, 으로 차지하고, 를 차지했으나,, 을 차지한뒤, 를 차지하였으나, 를 차지한다(, 을 차지하지, 을 차지함으로써, 을 차지할것, 에 차지하지, 를 차지하려는, 을 차지하려고, 를 차지하려고, 가 차지한다, 을 차지한것, 을 차지하자, 를 차지했었다, 을 차지하므로, 을 차지해왔, 을 차지하지만, 을 차지할만큼, 을 차지하는데, 가 차지하며, 를 차지하면, 을 차지한적, 를 차지함), 를 차지했을, 를 차지했던, 를 차지하자, 을 차지했었다, 를 차지하도록, 를 차지해왔, 을 차지하려, 을 차지하였으나, 를 차지한선수, 에 차지하였, 을 차지함과, 을 차지한유일, 을 차지함에, 를 차지했는데, 가 차지했던, 이 차지하게, 를 차지한이후, 를 차지한후, 도 차지하지, 이 차지하던, 도 차지했다, 를 차지한팀, 를 차지하긴, 을 차지할때, 로 차지하고, 을 차지하고자, 까지 차지했다, 를 차지했다는, 을 차지한최초, 를 차지함과, 를 차지한뒤, 을 차지했다는, 를 차지할때, 를 차지한첫, 을 차지한선수, 를 차지한곡, 을 차지한시즌, 를 차지한구단, 을 차지했기, 를 차지한〈, 를 차지함에, 를 차지한7, 이 차지하여, 을 차지한중국, 을 차지한이후, 을 차지하도록, 가 차지했고, 으로 차지하였, 를 차지해UEFA, 를 차지한6, 를 차지한두, 를 차지한최초, 를 차지한8, 를 차지한4, 를 차지한10, 를 차지한축구"
참여,35840,21,139,240,"으로 참여할수, 에 참여했다가, 에 참여하여, 에 참여하고, 로 참여하여, 도 참여하였, 에 참여했다, 이 참여하여, 에 참여하도록, 에 참여한것, 에 참여하지, 에 참여하기, 에 참여하였, 에 참여할가능, 나 참여할수, 에 참여할수, 에 참여한사용, 으로 참여하는, 으로 참여한다, 에 참여했었다, 에 참여하자, 에 참여하는, 으로 참여하여, 이 참여하였, 에 참여하면서, 에 참여한사람, 에 참여한다, 이 참여하도록, 으로 참여하였, 에 참여하였으며, 에 참여하고자, 으로 참여하고, 에 참여하였으나, 에 참여했던, 로 참여하기, 가 참여하는, 도 참여하는, 에 참여했는데, 은 참여하는, 가 참여하여, 에 참여하게, 도 참여할수, 이 참여하는, 에 참여한뒤, 에 참여한공로, 으로 참여하기, 에 참여했고, 에 참여해달, 으로 참여하게, 이 참여하고, 에 참여해야하, 가 참여한가운데, 이 참여할수, 에 참여해야한다, 도 참여하고, 도 참여하지, 에 참여한첫, 에 참여한많, 에 참여할것, 에 참여했을, 으로 참여했다, 에 참여하려고, 으로 참여했던, 는 참여하지, 은 참여하지, 로 참여하고, 로 참여하면서, 로 참여하였으며, 에 참여했다는, 으로 참여하지, 로 참여하였, 에 참여했기, 으로 참여했고, 도 참여했다, 이 참여하기, 에 참여한이유, 에 참여하거나, 에 참여하다, 에 참여할권리, 에 참여하며, 이 참여한국제, 에 참여한이, 이 참여했으며,, 으로 참여하였으며, 이 참여했다, 가 참여하기, 에 참여하라는, 에 참여한학생, 가 참여한다, 로서 참여하였, 으로 참여했으며,, 만 참여했다, 가 참여한마지막, 로 참여했다, 이 참여한가운데, 가 참여하였, 에 참여함으로써, 에 참여했다고, 에 참여할때, 에 참여한이후, 에 참여한후, 도 참여했는데, 에 참여했으며,, 가 참여했고, 로 참여하는, 가 참여하고, 이 참여한첫, 이 참여하면서, 에 참여한인물, 도 참여하여, 으로 참여하였으나, 에 참여하면, 이 참여했고, 이 참여한이, 가 참여한것, 는 참여할수, 이 참여하게, 가 참여하며, 만 참여할수, 에서 참여하였, 에 참여한군인, 도 참여했고, 에 참여할자격, 으로 참여한것, 이 참여하지, 에 참여해왔, 가 참여했다, 으로 참여한곡, 도 참여한다, 으로 참여하며, 만 참여하는, 로 참여하게, 에 참여하려는, 가 참여하였으며, 가 참여할수, 만 참여하고, 도 참여하게, 에 참여한적, 에 참여하던, 이 참여했는데, 에 참여한바, 으로서 참여했다, 이 참여했던, 로 참여한다, 도 참여하였으나, 에 참여하려, 가 참여하게, 이 참여한', 에 참여하겠, 이 참여한것, 도 참여하기, 에 참여하지만, 에 참여한경험, 에 참여했으며그, 에 참여하려면, 에 참여한자, 에 참여한모든, 이 참여하였으며, 로 참여했던, 에 참여한국가, 이 참여한다, 만 참여한다, 로 참여하지, 가 참여한"", 에 참여해온, 으로 참여하면서, 에 참여할기회, 이 참여하며, 가 참여하지, 에 참여했지만, 까지 참여했다, 에 참여해줄, 로 참여한유일, 에 참여한다른, 에 참여하다가, 가 참여했으며,, 로서 참여했다, 가 참여했던, 에 참여했음, 에 참여한경력, 도 참여하였으며, 에 참여한인원, 에 참여했으나,, 로 참여하며, 로 참여했고, 으로 참여한공로, 도 참여했으며,, 가 참여하면서, 가 참여한두, 도 참여했지만, 에 참여하는데, 에 참여한세력, 에 참여한곡, 로 참여했으며,, 에 참여했거나, 이 참여한마지막, 로 참여할수, 에 참여해,, 가 참여한첫, 에 참여할예정, 만 참여하였, 에 참여한유일, 에 참여한다는것, 가 참여한〈, 이 참여한앨범, 으로 참여하도록, 으로 참여한바, 에 참여함, 에 참여한〈, 에 참여한여러, 에 참여한정당, 도 참여했던, 에 참여한주요, 으로 참여했는데, 가 참여한유일, 이 참여할것, 도 참여한바, 가 참여한', 에 참여한공, 로 참여한바, 에 참여한선수, 로 참여한것, 이 참여했다고, 까지 참여하였, 로 참여한첫, 에 참여한일, 이 참여한곡, 에 참여한작품, 에 참여했으며이, 이 참여한〈, 가 참여한밴드, 도 참여하며, 로 참여한앨범, 로 참여한작품, 에서 참여했다, 부터 참여한다, 부터 참여하는, 로 참여한마지막, 에 참여한마크, 에 참여한유닛"
거주,35703,14,167,212,"에 거주하는, 에 거주하던, 이 거주하며, 에 거주하게, 에 거주했다, 에 거주한캐나다인, 으로 거주하기, 에 거주하고, 에 거주한대한민국, 에 거주한오스트리아인, 에 거주한중국인, 에 거주한일본인, 가 거주하는, 에서 거주하는, 에서 거주한다, 에 거주하며, 에 거주하다가, 에 거주한남아프리카, 에 거주한브라질인, 에 거주하였으나, 에 거주하였, 으로 거주하는, 에서 거주했다, 에 거주한다, 이 거주할수, 에 거주했던, 이 거주했고, 이 거주하는, 이 거주하고, 에서 거주하였, 가 거주하고, 이 거주하기, 에 거주한스위스, 에서 거주하였으며, 에 거주한독일인, 에 거주한프랑스인, 에 거주하여, 에 거주한잉글랜드인, 에 거주한폴란드인, 에 거주한영국인, 이 거주하였, 도 거주한다, 이 거주한다, 에서 거주하며, 에 거주한한국인, 에 거주하였으며, 에 거주했고, 에 거주한것, 에 거주한미국인, 로 거주하고, 에 거주한아일랜드인, 에 거주한덴마크인, 가 거주했다, 이 거주하던, 에서 거주하던, 이 거주하지, 가 거주한다, 에 거주한핀란드인, 가 거주하기, 으로 거주하고, 에 거주하면서, 가 거주하며, 에 거주한러시아인, 가 거주하던, 가 거주하였, 이 거주했다, 에 거주했다는, 에 거주한네덜란드인, 도 거주하고, 에 거주하는데, 에 거주한이탈리아인, 에 거주한케냐, 이 거주한것, 에 거주한조선, 에서 거주하면서, 에 거주한사람, 에서 거주하기, 이 거주했던, 는 거주하는, 에 거주하기, 에 거주한대만인, 에 거주했다고, 이 거주하게, 에 거주하거나, 가 거주했던, 에서 거주했던, 이 거주했다고, 에 거주한노르웨이인, 에 거주한적, 에 거주한사우디아라비아, 이 거주하였으며, 에 거주한스웨덴인, 에 거주한루마니아인, 에 거주한헝가리인, 에 거주하지, 에 거주한스페인인, 까지 거주하였, 에 거주할때, 에서 거주하다가, 에 거주한우크라이나인, 에서 거주했고, 이 거주했으며,, 이 거주하여, 에 거주할수, 에 거주한아르헨티나, 에 거주했는데, 이 거주하면서, 에서 거주하고, 에 거주한아이슬란드인, 에 거주했으며,, 에 거주한에스, 에 거주한체코인, 에 거주한오스트, 에 거주했을, 에 거주한인도인, 에 거주한포르투갈인, 에 거주한토고, 에 거주한칠, 에 거주한이란인, 에 거주한트리니다드, 에 거주한아제르바이잔, 에 거주한튀르, 에 거주한페루, 에 거주한콜롬비, 에 거주한코트디부아르, 에 거주한파라, 에 거주한우루과이, 에 거주한코스, 에 거주한짐바브웨, 에 거주하지만, 에 거주한도미니카, 에 거주한멕시코인, 에 거주한베트남인, 에 거주한크로아티아, 에 거주한불가리아인, 에 거주한가나, 에 거주한그리스인, 에 거주한벨라루스인, 에 거주한에콰도르, 에 거주한베네수엘라, 에 거주한스코틀랜드인, 에 거주한세르비아인, 에 거주한자메, 에 거주한이스라엘, 에 거주한소련, 에 거주한필리핀인, 에 거주한몬테네그로, 에 거주해왔, 에 거주한중화, 에 거주했지만, 에 거주한인도, 에 거주한나이, 에 거주한보스니아, 에 거주한북마, 에 거주한조지, 에 거주한웨일스인, 에 거주한카메룬, 에 거주한세네갈, 에 거주한벨기에인, 에 거주한알, 에 거주한홍콩인, 에 거주한파키스탄, 에 거주했기, 에 거주한슬로바키아, 에 거주한온, 에 거주하도록, 에 거주한뉴질랜드인, 에 거주한우즈베키스탄, 까지 거주했다, 에 거주한말리, 에 거주한라트비아, 에 거주한슬로베니아, 에 거주한콩고, 에 거주한앙골, 에 거주한알바니아인, 에 거주한태국, 에 거주한이라크, 에 거주한쿠바인, 에 거주한이집트인, 에 거주한코, 에 거주한아이, 에 거주한모로, 에 거주한우루, 에 거주한말레이시아, 에 거주한파나마, 에 거주한기니인, 에 거주한바, 에 거주한부르키나파소, 에 거주한리투아니아, 에 거주한베냉, 에 거주한레바, 에 거주한튀니지, 에 거주한카보베르데, 에 거주한잠비, 에 거주한시리, 에 거주한카자흐스탄, 에 거주한키르기스스탄, 에 거주한가봉, 에 거주한기니, 에 거주한아르메니아인, 에 거주한볼리, 에 거주한투르크메니스탄, 에 거주한시에라리온, 에 거주한모잠비크, 에 거주한감비아, 에 거주한룩셈부르크인, 에 거주한카타르, 에 거주한유고슬라비아, 에 거주한수리, 에 거주한체코슬로바키아, 에 거주함, 에 거주한서독"
발생,35124,28,192,328,"가 발생하여, 이 발생하였, 이 발생하였으나, 에서 발생하는, 로부터 발생하는, 이 발생한다는것, 가 발생하는, 이 발생하는, 이 발생했다, 에 발생한태풍, 이 발생한다, 가 발생하자, 까지 발생했다, 이 발생하기, 도 발생하지, 에 발생한다, 가 발생하게, 가 발생한것, 이 발생하여, 으로써 발생하는, 에서 발생했다, 에서 발생한다, 이 발생했고, 이 발생하고, 가 발생했다, 가 발생했고, 에서 발생하였, 이 발생하면, 도 발생하고, 가 발생했을, 이 발생하다, 에서 발생한화재, 가 발생하다, 이 발생하였으며, 이 발생한지, 이 발생했으며,, 이 발생하면서, 이 발생하자, 에서 발생한규모, 로 발생한다, 가 발생하므로, 으로 발생할수, 가 발생하지, 이 발생할수, 은 발생하지, 는 발생하지, 이 발생하지만, 이 발생할가능, 이 발생하지, 이 발생했는데, 으로 발생하는, 이 발생했던, 에서 발생한열대, 가 발생했으며,, 에서 발생하고, 이 발생할것, 가 발생하였, 가 발생할가능, 로 발생하는, 가 발생한다, 에 발생하는, 가 발생할때, 이 발생하게, 도 발생하였, 가 발생할것, 을 발생하지, 에 발생하였, 에서 발생할것, 에 발생한일, 에서 발생할수, 에서 발생했으며,, 에 발생했던, 으로 발생한다, 에서 발생한폭탄, 가 발생해,, 이 발생해3, 가 발생해2, 에서 발생한산불, 가 발생해3, 에서 발생한지진, 가 발생하였으며, 이 발생함, 가 발생하였으나, 가 발생해1, 가 발생할수, 으로 발생했다고, 에서 발생하였으며, 이 발생하며, 가 발생하면, 가 발생했기, 이 발생하곤, 이 발생한후, 가 발생한후, 이 발생했다고, 가 발생하고, 에 발생하면, 이 발생했을, 도 발생했다, 이 발생한경우, 가 발생할확률, 에서 발생한것, 으로 발생했다, 가 발생했지만, 만 발생한다, 에서 발생했고, 에 발생하며, 에서 발생한폭발, 에 발생했다, 에 발생했는데, 을 발생한다, 으로 발생하였, 가 발생한다는사실, 가 발생했다고, 도 발생하는, 에서 발생하여, 가 발생하기, 에서 발생한역사, 도 발생한다, 이 발생함으로써, 에 발생했고, 가 발생해5, 가 발생하며, 이 발생할경우, 가 발생한데, 가 발생하거나, 에서 발생했다고, 를 발생하여, 에 발생하여, 에 발생한화재, 에서 발생하기, 이 발생한지역, 에 발생한사고, 가 발생했던, 에게서 발생한다, 가 발생할시, 이 발생함에, 에서 발생하는데, 이 발생한장소, 이 발생하는데, 이 발생한것, 에서 발생한태풍, 도 발생하며, 에서 발생한허리케인, 이 발생할때, 에서 발생하지만, 가 발생하는데, 가 발생하면서, 이 발생했다면, 에 발생한홍수, 이 발생한사건, 이 발생한직후, 에서 발생한사건, 이 발생한이후, 가 발생함, 에 발생한동일본, 가 발생한다는점, 로부터 발생한다, 이 발생했기, 이 발생하더라도, 가 발생했는데, 에 발생한것, 가 발생한곳, 로 발생했다, 으로부터 발생하는, 으로 발생하거나, 으로 발생하고, 으로 발생하며, 이 발생한곳, 이 발생한다고주장, 에서 발생하지, 가 발생한이후, 에 발생하기, 에 발생할수, 에 발생하나,, 도 발생하여, 에 발생하고, 에게 발생하는, 에서 발생하며, 이 발생한바, 이 발생했으며이, 이 발생할위험, 가 발생했었다, 에 발생한사건, 이 발생했음, 으로 발생하기, 에서 발생하므로, 를 발생하는, 에서 발생할때, 에서 발생한주요, 이 발생해,, 이 발생하였음을, 가 발생한이유, 에서 발생한열, 가 발생할우려, 가 발생한지, 에 발생한지진, 가 발생한지역, 이 발생한지점, 에서 발생했던, 가 발생했다는, 에 발생했을, 가 발생한지진, 가 발생했음, 에서 발생한대, 로 발생하였, 이 발생하였을, 가 발생한경우, 에게서 발생하는, 이 발생해1, 이 발생해최소, 가 발생해4, 에서 발생한홍수, 가 발생한다는것, 가 발생해최소, 이 발생했다는, 가 발생할경우, 에 발생하지, 나 발생할수, 가 발생하였을, 로 발생할수, 가 발생하지만, 가 발생한적, 에 발생한규모, 으로 발생한지진, 이 발생하므로, 으로 발생하여, 가 발생하더라도, 만 발생할수, 이 발생했는지, 이 발생할확률, 가 발생했는지, 가 발생한원인, 이 발생하도록, 으로부터 발생한다, 를 발생한다, 까지 발생하는, 서 발생하는, 까지 발생하였, 에 발생하는데, 을 발생하는, 도 발생할수, 이 발생할시, 는 발생하는, 이 발생한이유, 이 발생하거나, 에서 발생한3, 로 발생하며, 이 발생했지만, 에 발생한한신, 에 발생한,, 가 발생함으로써, 로 발생한것, 으로 발생한것, 이 발생한뒤, 에 발생하지만, 이 발생하는지, 는 발생할수, 으로써 발생한다, 에서 발생한제, 에서 발생하거나, 가 발생할위험, 가 발생한사고, 만 발생하는, 에게 발생하며, 를 발생하게, 이 발생한다고보, 에서 발생했지만, 에서 발생한경우, 이 발생한적, 까지 발생한다, 에 발생한이, 까지 발생하고, 에 발생하였으며, 이 발생했었다, 에서 발생한이, 가 발생함에, 으로써 발생할수, 만 발생하며, 가 발생한때, 까지 발생하여, 에 발생할것, 에서 발생했다는, 에서 발생했는데, 에서 발생한전투, 에서 발생한사고, 에 발생했으며,, 으로 발생하지, 에 발생했다고, 에서 발생한살인, 가 발생한사건, 에서 발생한모든, 로 발생하여, 에서 발생했을, 에서 발생한가장, 에서 발생한총기, 을 발생하고, 에서 발생한반란, 이 발생한때, 가 발생한날, 에서 발생한여러, 을 발생하게, 이 발생한상황, 에 발생한제, 으로 발생했던, 에서 발생한6, 가 발생하는지, 에서 발생한항공, 이 발생한다는사실, 에서 발생한일, 이 발생할우려, 에 발생한도호쿠, 에 발생한허리케인, 에 발생한열대, 에서 발생한열차, 에서 발생한사이클론, 에서 발생한일련, 에게 발생한다, 이 발생한데, 에서 발생한모멘트, 에서 발생한테러, 으로부터 발생하였, 으로 발생하지만, 에서 발생한최대, 에 발생한M, 에서 발생한연쇄, 으로 발생한화재, 에서 발생한코로나, 이 발생해새"
활동,32894,25,97,232,"에 활동하며, 로 활동하다가, 으로 활동했다, 로 활동하던, 으로 활동하였, 에서 활동하는, 으로 활동할수, 으로 활동하는, 로 활동했다, 에서 활동했다, 으로 활동하며, 에 활동하고, 에 활동하는, 로 활동했으며,, 가 활동하고, 으로 활동하던, 으로 활동하고, 에서 활동할수, 에서 활동하며, 로 활동하며, 이 활동하는, 이 활동하고, 에서 활동한로마, 로 활동하였으며, 로 활동했고, 에서 활동하였, 로 활동한다, 으로 활동했으며,, 로 활동하는, 으로 활동하면서, 도 활동하였, 로서 활동하였, 로 활동하였, 가 활동하였, 도 활동하며, 로 활동할수, 로 활동하고, 에 활동했던, 로 활동하지, 이 활동하며, 에 활동하던, 에서 활동하고, 에서 활동했는데, 에서 활동하던, 로 활동하다, 도 활동했다, 로 활동하기, 에서 활동하면서, 으로 활동하였으며, 도 활동했던, 으로 활동한사람, 로서 활동하게, 이 활동했던, 에 활동하였, 에서 활동하다, 으로 활동하였으나, 도 활동하여, 으로 활동하다가, 이 활동하기, 가 활동했다, 로 활동했었다, 에서 활동했을, 가 활동하던, 이 활동하였, 에 활동하기, 까지 활동하였으며, 이 활동하였으며, 에서 활동한것, 으로 활동하기, 으로 활동한다, 로서 활동했다, 에서 활동하게, 까지 활동했다, 로서 활동하며, 에서 활동하기, 으로 활동했고, 까지 활동했고, 만 활동하였, 으로서 활동하였, 이 활동하던, 으로 활동해왔, 에서 활동하다가, 로서 활동했고, 로 활동할때, 에 활동했다, 까지 활동했던, 에 활동한것, 으로서 활동하는, 에서 활동했던, 으로 활동했던, 로 활동한적, 로 활동하면서, 로 활동하게, 으로 활동하여, 에서 활동하거나, 로 활동했으나,, 으로 활동한것, 로 활동했는데, 으로 활동했으나,, 까지 활동한대한민국, 까지 활동하다가, 로 활동했던, 로 활동하였으나, 가 활동했던, 으로 활동하다, 에서 활동할때, 까지 활동하며, 에서 활동한다, 에 활동한다, 로 활동했지만, 도 활동하고, 으로 활동하지, 로 활동한경력, 로서 활동하면서, 로 활동하여, 으로 활동한바, 가 활동하는, 까지 활동하였, 에서 활동할것, 로서 활동하고, 에서 활동한영국, 으로 활동한그, 로서 활동하기, 도 활동한다, 에서 활동한기독교, 도 활동했으며,, 에서 활동하였으며, 으로 활동한미국, 까지 활동하고, 에서 활동하여, 로 활동한그, 에서 활동했고, 에서 활동한인물, 에서 활동하였으나, 으로 활동했는데, 으로 활동할당시, 까지 활동하는, 이 활동할수, 에서 활동한독립운동가, 에서 활동한후, 로 활동한것, 에서 활동했으며,, 으로 활동하게, 도 활동하기, 만 활동하는, 만 활동했다, 로 활동한뒤, 로 활동한후, 으로 활동한후, 에서 활동할당시, 로 활동할당시, 는 활동하지, 에서 활동했다는, 으로 활동했었다, 로 활동했으며현재, 으로 활동했다가, 로 활동했다가, 에서 활동하지, 로 활동할것, 으로 활동할때, 도 활동하는, 에서 활동한적, 로 활동했을, 로 활동했기, 도 활동하였으며, 만 활동하고, 에서 활동해오, 으로서 활동했다, 도 활동하면서, 에서 활동한뒤, 도 활동했고, 로서 활동하는, 로서 활동하던, 에 활동한일본, 으로 활동한적, 도 활동하게, 이 활동했다, 으로 활동했지만, 로 활동해오, 에서 활동한한국, 로 활동할예정, 에서 활동한경력, 에서 활동한독일, 에서 활동했지만, 도 활동했는데, 로서 활동한다, 에 활동하면서, 로서 활동하다가, 부터 활동하고, 으로서 활동하고, 에서 활동했었다, 을 활동했다, 에서 활동한미국, 로 활동한경험, 도 활동하다가, 부터 활동한한국, 에서 활동해온, 도 활동할수, 부터 활동한대한민국, 로 활동한바, 을 활동하고, 까지 활동했으며,, 에 활동한독일, 로 활동했다고, 로써 활동하였, 도 활동했었다, 에 활동한로마, 만 활동하며, 에 활동한프랑스, 로 활동해왔, 로 활동해온, 도 활동한바, 을 활동하였, 에서 활동해왔, 까지 활동하면서, 으로 활동할예정, 으로 활동한경력, 로써 활동하고, 으로 활동해오, 로 활동한인물, 도 활동한경력, 에서 활동한바, 부터 활동한법조인, 까지 활동한일본, 도 활동한적, 부터 활동하기, 으로 활동해온, 에서 활동한배우, 까지 활동한미국, 에 활동한,, 에 활동한조각, 로 활동했으며팀"
참가,30691,19,162,273,"에 참가했다, 으로 참가하기, 에 참가한후, 에 참가하여, 에 참가하기, 에 참가하는, 으로 참가하여, 에 참가하면서, 에 참가하였, 에 참가했는데, 이 참가하고, 에 참가하고, 에 참가해2, 에 참가했으며,, 으로 참가했다, 에 참가한다, 이 참가하는, 에 참가할자격, 이 참가하여, 도 참가할수, 에 참가한한, 도 참가하는, 에 참가하며, 에 참가한경험, 에 참가했을, 도 참가했다, 도 참가하였, 에 참가하였으며, 에 참가한바, 에 참가하다, 이 참가한가운데, 에 참가했던, 에 참가한대한민국, 만 참가하고, 으로 참가하였으나, 가 참가하는, 으로 참가한것, 이 참가한해전, 에 참가하겠, 이 참가한전투, 에 참가하지, 도 참가하였으며, 이 참가하였, 이 참가했다, 이 참가하지, 로 참가하지, 에 참가한것, 로 참가하여, 으로 참가하였으며, 에 참가하거나, 이 참가하기, 에 참가한팀, 도 참가하여, 에 참가했다고, 이 참가하였으며, 에 참가한선수, 이 참가했지만, 이 참가할수, 에 참가할수, 으로 참가하지, 만 참가하는, 는 참가하지, 으로 참가하였, 이 참가하면서, 에 참가한경력, 으로 참가하고, 에 참가하였으나, 가 참가한것, 가 참가하기, 으로 참가하면서, 에 참가하게, 가 참가하여, 에 참가했다는, 도 참가하기, 로 참가했다, 가 참가하며, 에 참가했다가, 이 참가한대회, 에 참가했고, 이 참가하며, 이 참가한다, 에 참가할것, 로 참가하고, 에 참가하도록, 이 참가하게, 에 참가해1, 가 참가하였으며, 부터 참가하는, 가 참가했다, 으로 참가하며, 도 참가하였으나, 가 참가했다는, 도 참가하지, 에 참가한한국, 도 참가한다, 도 참가하게, 에 참가해왔, 로 참가하였, 에 참가한국가, 에 참가한뒤, 도 참가하고, 으로 참가했고, 이 참가한한국, 가 참가한한국, 가 참가하였, 으로 참가하는, 에 참가하고자, 가 참가한전투, 로 참가한다, 로 참가할자격, 으로 참가했었다, 에 참가한6, 에 참가한32, 만 참가할수, 으로 참가하게, 에 참가한독일, 으로 참가했던, 에 참가한프랑스, 가 참가한해전, 에 참가할기회, 가 참가한다, 부터 참가하였, 에 참가할예정, 에 참가하지만, 로 참가하는, 에 참가한모든, 이 참가했고, 에 참가할때, 도 참가했으며,, 가 참가하고, 이 참가한군사, 가 참가하게, 이 참가한이, 로 참가하기, 에 참가하던, 에 참가했었다, 부터 참가하게, 에 참가하다가, 에 참가한적, 가 참가할수, 로 참가했고, 도 참가했는데, 에 참가한이탈리아, 에 참가했지만, 로 참가했지만, 로 참가해우승, 에 참가해우승, 으로 참가했는데, 에 참가해금메달, 가 참가했으며,, 가 참가하지, 이 참가했으며,, 에 참가하려고, 에 참가한미국, 은 참가하지, 만 참가하였, 에 참가했기, 로 참가하였으며, 으로 참가했지만, 이 참가한제, 에 참가한3, 에 참가한4, 로서 참가했다, 에 참가함으로써, 에 참가한스페인, 이 참가한것, 에 참가함, 에 참가한이후, 에 참가함에, 에 참가했으나,, 도 참가했지만, 로 참가하게, 으로 참가한다, 으로 참가했으며,, 에 참가한구단, 도 참가했었다, 도 참가해,, 만 참가하게, 에 참가한사람, 에 참가한선수단, 에 참가해준, 에 참가해3, 에 참가한그, 에 참가해,, 도 참가했던, 가 참가한제, 에 참가한자, 에 참가하라는, 도 참가했고, 으로 참가했다가, 만 참가했다, 에 참가해결승전, 에 참가한5, 는 참가할수, 로 참가할수, 에 참가한8, 로 참가했는데, 로 참가했으며,, 부터 참가했다, 에 참가한2, 으로서 참가했다, 가 참가한군사, 로 참가했던, 로 참가하면서, 로서 참가하였, 이 참가한베트남, 에 참가한작곡가, 부터 참가한다, 에 참가한18, 가 참가했지만, 으로 참가한고등학교, 에 참가하자, 에 참가할마지막, 이 참가한포위전, 으로 참가할수, 으로 참가한팀, 에 참가한유일, 에 참가한첫, 에 참가하면, 에 참가한마지막, 에 참가한최초, 에 참가하려, 에 참가한16, 에서 참가하는, 에 참가할팀, 에 참가한영국, 에 참가한9, 에 참가한15, 이 참가했는데, 로 참가했었다, 에 참가할23, 에 참가한11, 이 참가할예정, 로 참가하였으나, 에 참가할선수단, 까지 참가하는, 에 참가한잉글랜드, 이 참가했던, 만 참가한다, 에 참가할선수, 가 참가했던, 에서 참가하여, 나 참가할수, 에 참가해4, 에 참가한기록, 에 참가한올림픽, 에 참가했으며팀, 에 참가한러시아, 이 참가할것, 에 참가한스웨덴, 이 참가한비, 에 참가한20, 에 참가한일본, 도 참가했으나,, 에 참가한12, 이 참가한다:, 이 참가했다고, 에 참가한대표, 는 참가하고, 로 참가할예정, 까지 참가하고, 에 참가했으며세계, 에 참가한17, 에 참가해최종, 에 참가한추기경, 도 참가한구단, 에 참가할최종, 가 참가한바둑, 이 참가했으며조당, 으로 참가한MSI, 로 참가한국내, 에 참가한10, 에 참가한7"
사망,30614,21,85,215,"가 사망했다는, 이 사망하기, 이 사망하였, 이 사망한지, 이 사망하는, 가 사망했다, 가 사망한것, 에서 사망한채, 이 사망하면서, 가 사망하자, 로 사망했다, 이 사망한이후, 이 사망할때, 이 사망했다, 이 사망했다는, 으로 사망했다, 에 사망했다, 에서 사망했다, 이 사망하자, 이 사망하고, 로 사망하였, 가 사망한뒤, 이 사망하다, 이 사망하였으며, 이 사망했고, 는 사망했다, 에 사망한그, 으로 사망하였, 에 사망하는, 가 사망한후, 가 사망하기, 으로 사망하면서, 에서 사망하였, 가 사망했으며,, 을 사망하게, 가 사망했고, 가 사망하고, 가 사망하면서, 이 사망함에, 는 사망한다, 에 사망하였, 에 사망하여, 으로 사망하게, 에서 사망했고, 이 사망한사건, 은 사망하였, 로 사망한뒤, 는 사망하기, 이 사망한것, 로 사망하다, 으로 사망하다, 가 사망할때, 가 사망할당시, 에서 사망한사람, 이 사망한날, 가 사망함에, 이 사망하거나, 로 사망한사람, 에서 사망했을, 가 사망하거나, 는 사망할때, 이 사망한후, 로 사망하기, 로 사망했으며,, 가 사망한날, 이 사망하여, 이 사망할것, 에 사망했기, 에서 사망한후, 가 사망하였, 가 사망한지, 로 사망하여, 가 사망한이후, 으로 사망하자, 으로 사망한다, 에서 사망한다, 은 사망했다, 으로 사망했다는, 부터 사망할때, 이 사망하게, 이 사망했다고, 로 사망하고, 에서 사망하였으며, 이 사망하면, 가 사망하면, 에서 사망한것, 로 사망하자, 로 사망한것, 이 사망했을, 에서 사망한프랑스, 이 사망한뒤, 가 사망함으로써, 이 사망함으로써, 에서 사망하기, 으로 사망했다고, 에 사망했고, 에 사망했다는, 에 사망한것, 으로 사망하는, 로 사망하게, 로 사망한다, 로 사망하는, 에 사망했다고, 에 사망하거나, 에서 사망하고, 로 사망했을, 은 사망하고, 으로 사망하고, 에 사망한다, 가 사망하는, 로 사망할때, 가 사망하던, 에 사망하자, 가 사망한다, 이 사망하며, 에 사망함으로써, 에 사망하기, 으로 사망했고, 에 사망하면서, 에 사망했는데, 에 사망하고, 에 사망한뒤, 으로 사망했을, 가 사망했을, 에 사망했을, 가 사망하여, 에 사망하였으며, 로 사망하면서, 에 사망할때, 로 사망했고, 이 사망했는데, 으로 사망한뒤, 이 사망했으며,, 은 사망하기, 이 사망한직후, 에서 사망할때, 가 사망하게, 에 사망했으며,, 에 사망하게, 으로 사망하기, 는 사망하였, 에서 사망했다고, 으로 사망한사람, 가 사망할수, 으로 사망할수, 이 사망한경우, 으로 사망하여, 가 사망하며, 에서 사망했다는, 로 사망하였으며, 으로 사망한것, 이 사망할경우, 로 사망한후, 에 사망하였으나, 에 사망한후, 에 사망한경우, 가 사망하다, 으로 사망하였으며, 로 사망하거나, 가 사망하였을, 도 사망하였, 는 사망하고, 로 사망했는데, 에서 사망하면서, 이 사망한다, 로 사망했다고, 으로 사망할때, 도 사망했다, 이 사망한사고, 이 사망하였을, 서 사망하였, 에 사망하였으므로, 가 사망한경우, 도 사망하여, 로 사망했다는, 에서 사망했으며,, 은 사망한것, 에 사망했으며그, 에서 사망하자, 가 사망함으로, 에서 사망했는데, 로 사망한이후, 으로 사망했는데, 이 사망했던, 에서 사망하여, 으로 사망했으며,, 가 사망할경우, 에서 사망하게, 가 사망한다음, 에서 사망하는, 으로 사망했기, 이 사망할당시, 으로서 사망한사람, 가 사망했다고, 가 사망한직후, 이 사망했지만, 가 사망했는데, 에 사망했지만, 에서 사망했으며그, 에 사망하니, 으로 사망한인물, 에 사망한사람, 가 사망했기, 는 사망했고, 에 사망한이후, 에서 사망한인물, 은 사망한다, 가 사망한해, 이 사망했음, 으로 사망한후, 가 사망한때, 에게 사망한다, 에서 사망하니, 에서 사망했지만, 에 사망한저명"
제공,30567,16,93,190,"을 제공하며, 을 제공한다, 을 제공하지, 을 제공하기, 를 제공하였, 을 제공하는, 을 제공했을, 을 제공하고, 를 제공하는, 에서 제공하는, 로 제공하였, 이 제공하는, 를 제공하고, 를 제공한다, 을 제공하는데, 에게 제공했다, 을 제공하여, 을 제공한다는점, 을 제공했고, 을 제공한다:, 가 제공하는, 을 제공했다, 을 제공하므로, 를 제공할수, 을 제공할수, 도 제공하였, 을 제공하려, 를 제공하기, 를 제공하며, 를 제공했다, 에 제공하기, 를 제공하지만, 도 제공한다, 을 제공하려는, 을 제공하였, 로 제공한다, 에 제공하였, 을 제공했지만, 을 제공했던, 를 제공하게, 를 제공한다:, 을 제공할뿐, 을 제공할것, 로 제공하는, 을 제공하지만, 를 제공해주, 에게 제공함으로써, 을 제공함으로써, 에 제공한다, 을 제공해준다, 를 제공하지, 를 제공하였으며, 에 제공하는, 를 제공함과, 를 제공하겠, 를 제공하여, 로 제공했다, 으로 제공한다, 에서 제공하던, 로 제공하고, 를 제공했던, 를 제공해줄, 을 제공하거나, 를 제공했지만, 를 제공할것, 을 제공하게, 을 제공했기, 을 제공하겠, 에게 제공하는, 를 제공했기, 만 제공하고, 이 제공했다, 를 제공함으로써, 에게 제공하고, 에게 제공하였, 를 제공했고, 를 제공한사람, 는 제공하지, 까지 제공하는, 를 제공하므로, 를 제공해준다, 로 제공해주, 을 제공해주, 에 제공할수, 를 제공했는데, 을 제공해준, 를 제공하면, 에서 제공한다, 를 제공했을, 을 제공하던, 가 제공할수, 를 제공하도록, 을 제공함에, 를 제공해야한다, 을 제공한것, 에 제공했다, 으로 제공하는, 을 제공하면, 를 제공한것, 을 제공했다는, 를 제공하면서, 를 제공했으며,, 을 제공하였으나, 를 제공해달, 에 제공하여, 를 제공할목적, 에서 제공하고, 도 제공하고, 만 제공한다, 을 제공하고자, 를 제공하고자, 으로 제공하였, 을 제공하여야, 을 제공하였으며, 를 제공하는데, 를 제공할때, 만 제공했다, 을 제공한다는것, 를 제공하여야, 으로 제공하고, 가 제공한다, 을 제공했다고, 을 제공하면서, 에게 제공할수, 을 제공하려고, 을 제공했으며,, 만 제공하는, 도 제공했다, 를 제공해야했, 을 제공하도록, 을 제공해왔, 을 제공한다고주장, 에게 제공하여, 을 제공했는데, 를 제공할뿐, 가 제공하고, 을 제공할의무, 를 제공하거나, 를 제공했다는, 로 제공할수, 을 제공한다는장점, 를 제공하였으나, 을 제공할예정, 을 제공해야하, 를 제공할계획, 을 제공할계획, 도 제공하지, 에 제공하고, 를 제공하려는, 을 제공한다(, 로 제공하기, 에 제공하며, 에게 제공하기, 로 제공하여, 에서 제공하며, 를 제공하던, 으로 제공하며, 에게 제공한다, 을 제공해야한다, 도 제공할수, 를 제공하려고, 으로 제공하기, 이 제공한정보, 를 제공했다고, 를 제공해야하, 을 제공한혐의, 가 제공했다, 를 제공해오, 를 제공할예정, 을 제공할때, 에게 제공한곡, 은 제공하지, 이 제공할수, 도 제공하며, 에서 제공하였, 를 제공해왔, 으로 제공했다, 를 제공함에, 으로 제공할수, 로 제공하며, 을 제공한최초, 를 제공한다는것, 을 제공한다"", 에게 제공해주, 을 제공해줄, 을 제공할목적, 이 제공한다, 를 제공한다는점, 으로 제공하여, 가 제공한곡"
이용,28423,18,239,275,"를 이용하여, 을 이용하여, 를 이용한실험, 을 이용한실험, 를 이용하면, 을 이용하기, 으로 이용하는, 을 이용할수, 을 이용하면, 을 이용하는, 를 이용한다, 을 이용한증명, 를 이용해야했, 을 이용했다, 을 이용할때, 을 이용해서,, 를 이용해야하, 을 이용해,, 를 이용했다, 을 이용하려는, 를 이용하는, 로 이용하였, 를 이용할수, 을 이용한다, 를 이용해구현, 을 이용해다른, 를 이용하며, 을 이용하거나, 를 이용하였으며, 를 이용하고, 을 이용한것, 를 이용한놀이, 을 이용한전자, 을 이용한게임, 으로 이용하였, 을 이용할경우, 가 이용하는, 를 이용하기, 이 이용하는, 를 이용하게, 으로 이용할수, 으로 이용하여, 를 이용해야한다, 이 이용하고, 로 이용하기, 로 이용할수, 을 이용해야한다, 가 이용할수, 를 이용했다는, 을 이용하고, 으로 이용하고, 를 이용해적, 도 이용했다, 을 이용한다양, 을 이용해제작, 을 이용하였으나, 을 이용한음식, 에 이용하는, 을 이용해이, 를 이용한전자, 도 이용한다, 을 이용해야하, 을 이용하였, 에서 이용할수, 을 이용하며, 를 이용하지, 를 이용하면서, 로 이용한것, 를 이용한기술, 를 이용하고자, 도 이용할수, 로 이용하려는, 을 이용한치료, 이 이용하던, 를 이용하거나, 에 이용하고, 를 이용한인터넷, 로 이용하지, 으로 이용하기, 을 이용하지, 로 이용한다, 를 이용한방법, 을 이용한요리, 를 이용한요리, 를 이용해우주, 만 이용하는, 을 이용해사용, 를 이용한선거, 를 이용해,, 를 이용하므로, 을 이용해여러, 를 이용한공격, 을 이용하려고, 를 이용해다른, 을 이용하지만, 에 이용한다, 를 이용해자신, 를 이용한교통, 로 이용하여, 을 이용했지만, 를 이용할것, 를 이용하여야, 을 이용한정보, 를 이용하였, 에 이용했다, 도 이용하고, 를 이용한것, 을 이용한분석, 을 이용하려면, 를 이용하던, 을 이용하는데, 를 이용하는데, 로 이용하며, 로 이용하고, 를 이용해만들, 을 이용한연구, 를 이용한최초, 을 이용한최초, 을 이용함으로써, 로 이용했다, 를 이용했을, 을 이용했기, 을 이용한하천, 에 이용할수, 만 이용하고, 를 이용함으로써, 을 이용한관측, 를 이용했던, 을 이용하였으며, 을 이용하려, 를 이용하려, 을 이용한기술, 를 이용하려면, 를 이용할경우, 를 이용해계산, 을 이용한새로운, 까지 이용할수, 을 이용했다고, 을 이용해계산, 를 이용한후, 을 이용한방법, 을 이용해사람, 을 이용해만든, 가 이용한다, 이 이용할수, 를 이용한연구, 을 이용하게, 를 이용할때, 을 이용한방식, 에 이용하기, 를 이용해다양, 를 이용한새로운, 를 이용했고, 으로 이용했다, 이 이용하게, 를 이용한다양, 을 이용했다는, 를 이용한치료, 을 이용하고자, 로 이용하는, 를 이용해', 에 이용하게, 를 이용하지만, 을 이용해미국, 을 이용하던, 을 이용해공격, 을 이용한공격, 를 이용한계산, 을 이용해만들, 를 이용한음식, 이 이용했다, 이 이용했던, 만 이용할수, 에서 이용하는, 으로 이용한다, 를 이용하려는, 을 이용하면서, 를 이용해왔, 를 이용했기, 을 이용한계산, 을 이용해서만들, 을 이용해왔, 이 이용하기, 를 이용하도록, 을 이용할것, 를 이용했는데, 를 이용하려고, 을 이용하여야, 를 이용한통신, 를 이용해그, 을 이용해더, 으로 이용하며, 을 이용했을, 를 이용해이, 가 이용하고, 이 이용한다, 를 이용해서도, 을 이용한방송, 이 이용하며, 에 이용하여, 에 이용하였, 을 이용해다음, 을 이용해서만든, 을 이용했던, 를 이용한증명, 을 이용하도록, 으로 이용하게, 을 이용해시간, 를 이용해만든, 을 이용해자신, 를 이용한대중교통, 을 이용해출근, 로 이용하거나, 도 이용하기, 를 이용해3, 에서 이용하고, 을 이용해공기, 은 이용할수, 을 이용한인터넷, 을 이용해야했, 를 이용한무선, 를 이용한유전자, 으로 이용하려는, 이 이용하였, 을 이용한승객, 을 이용해먹이, 만 이용한다, 를 이용해물, 을 이용했으며,, 를 이용한방식, 으로 이용할때, 을 이용해정보, 를 이용해야만, 을 이용해게임, 을 이용했고, 를 이용해1, 을 이용한범죄, 을 이용해그, 를 이용해다음, 을 이용해다양, 을 이용한그, 는 이용할수, 을 이용해', 을 이용해적, 을 이용해세계, 를 이용해세계, 를 이용해서사진, 을 이용해발견, 에 이용한것, 를 이용해상대, 으로 이용한것, 을 이용한3, 를 이용해공격, 을 이용한', 을 이용한전투, 를 이용한전기, 를 이용했지만, 나 이용할수, 을 이용한세계, 을 이용해상대, 를 이용한3, 을 이용한말장난, 를 이용한경우, 를 이용해발표, 를 이용해승차, 으로 이용하지, 를 이용해사용, 에서 이용한다, 을 이용해GO, 을 이용해탈출, 를 이용해제작, 를 이용해버스, 이 이용할것, 를 이용할시, 을 이용해재"
등장,27374,28,86,214,"이 등장했다, 가 등장하였, 가 등장하는, 이 등장하였, 에 등장하는, 으로 등장한다, 가 등장한다, 이 등장하게, 이 등장했고, 에서 등장하는, 로 등장한다, 로 등장하였, 에 등장한다, 에 등장하고, 에 등장하며, 도 등장한다, 이 등장한다, 가 등장하면서, 로 등장했고, 가 등장하고, 이 등장하는, 이 등장하여, 으로 등장하였, 가 등장하기, 으로 등장했다, 에 등장하였, 가 등장했다, 도 등장하였, 에 등장했다, 도 등장하는, 이 등장하기, 에서 등장한다, 에 등장했지만, 가 등장하게, 이 등장하고, 에 등장하기, 으로 등장하여, 이 등장한이후, 이 등장하거나, 이 등장했는데, 가 등장한것, 가 등장하여, 이 등장했으며,, 도 등장하고, 으로 등장하기, 에 등장한것, 에 등장하여, 로 등장하게, 이 등장하였으며, 로 등장한것, 로 등장하며, 으로 등장하게, 이 등장하면서, 가 등장하며, 에서 등장하여, 가 등장하는데, 이 등장하는데, 이 등장하며, 으로 등장하는데, 으로 등장했던, 로 등장하기, 가 등장한이후, 에 등장했으며,, 로 등장하여, 으로 등장하는, 가 등장했고, 에서 등장하였, 도 등장하지, 에 등장한최초, 에서 등장하고, 에 등장하였으며, 부터 등장하였, 에 등장한후, 에 등장할정도, 이 등장하지만, 로 등장하는데, 로 등장하면서, 으로 등장하면서, 에서 등장하지, 도 등장하게, 으로 등장하며, 도 등장하며, 로 등장하는, 가 등장함에, 으로 등장한것, 이 등장하지, 이 등장할때, 에 등장하는데, 는 등장하지, 에 등장함, 에 등장하게, 에 등장하지, 도 등장하여, 도 등장하기, 도 등장했는데, 에 등장한새로운, 이 등장한것, 이 등장한다는점, 부터 등장했다, 에서 등장하기, 도 등장했다, 가 등장했으며,, 부터 등장한다, 로 등장하고, 서 등장하는, 이 등장한후, 이 등장함에, 까지 등장했다, 으로 등장하고, 로 등장했다, 만 등장하고, 으로 등장했고, 에서 등장했던, 에 등장했고, 으로 등장하였으며, 에선 등장하지, 도 등장하는데, 이 등장하다, 로 등장하지만, 은 등장하지, 이 등장한다는것, 이 등장하자, 가 등장할때, 에서 등장한것, 부터 등장하여, 이 등장할수, 이 등장했을, 에 등장하면서, 가 등장하였으며, 까지 등장하는, 에 등장했을, 이 등장해,, 만 등장하는, 만 등장한다, 에서 등장하며, 까지 등장하였, 가 등장하자, 가 등장했는데, 으로서 등장했다, 가 등장하지만, 만 등장하며, 로서 등장하고, 으로 등장하지, 로서 등장했다, 는 등장하는, 로 등장했을, 에 등장했던, 마다 등장하는, 에 등장했는데, 만 등장하지만, 로 등장한바, 가 등장하지, 에 등장하지만, 에 등장한이후, 에 등장할수, 에서 등장했다, 에서부터 등장하는, 로 등장하였으며, 에 등장할예정, 도 등장했지만, 가 등장했을, 로서 등장하였, 에 등장한', 까지 등장한다, 의 등장하는, 로 등장한적, 으로 등장한때, 로서 등장한다, 으로 등장했는데, 에 등장한캐릭터, 로 등장했던, 으로 등장했으며,, 으로 등장하지만, 으로 등장하였으나, 는 등장하고, 으로서 등장한다, 에서 등장했고, 가 등장한이래, 이 등장했던, 에서 등장하는데, 부터 등장하며, 가 등장한다(, 로 등장했으며,, 로 등장하지, 가 등장하거나, 부터 등장하는, 에 등장할때, 부터 등장하기, 가 등장해,, 에서 등장한인물, 만 등장했다, 부터 등장하고, 도 등장하지만, 도 등장한적, 만 등장하였, 로서 등장하는, 도 등장하였으며, 으로 등장했지만, 에 등장한인물, 에 등장할것, 에 등장한,, 에서부터 등장한다, 이 등장하면, 도 등장한바, 밖에 등장하지, 으로 등장한적, 이 등장했지만, 도 등장하나, 에 등장한〈, 으로 등장해,, 으로 등장한다), 로 등장한때, 에 등장한적, 도 등장했던"
출연,26889,20,83,155,"에 출연했지만, 에 출연했다, 에 출연했고, 가 출연했다, 에 출연하거나, 에 출연해', 을 출연하였, 으로 출연하였, 에 출연하였, 이 출연한영화, 에 출연하기, 에 출연하는, 에 출연하여, 에 출연함으로써, 로 출연하여, 으로 출연하게, 으로 출연하는, 이 출연하는, 가 출연한다, 에 출연하였으나, 이 출연하여, 에 출연하게, 에 출연했는데, 으로 출연한영화, 으로 출연하여, 에 출연하였으며, 에 출연했었다, 이 출연한다, 이 출연하였, 으로 출연하며, 로 출연했을, 으로 출연하고, 으로 출연하면서, 로 출연하게, 이 출연했던, 은 출연하지, 도 출연하고, 가 출연했던, 로 출연하였, 으로 출연하기, 이 출연하기, 에 출연해자신, 로 출연했다, 에 출연한가수, 가 출연하여, 로 출연하면서, 에 출연한뒤, 에 출연하며, 으로 출연했다, 이 출연하고, 으로 출연했던, 이 출연하며, 도 출연했다, 에 출연한이후, 에 출연하고, 에 출연했으며,, 로 출연하기, 으로 출연한것, 에 출연한다, 에 출연해"", 이 출연했다, 에 출연하지, 으로 출연했으며,, 에 출연한것, 에 출연하면서, 가 출연한영화, 으로 출연한《, 까지 출연했다, 에 출연하던, 에 출연했으나,, 으로 출연하였으며, 에 출연했던, 는 출연하지, 도 출연한다, 가 출연하였, 로 출연하고, 로 출연했던, 으로 출연했고, 도 출연하였, 으로 출연한적, 만 출연했다, 에 출연한후, 이 출연한《, 도 출연하는, 에 출연한배우, 가 출연하는, 가 출연하고, 에 출연했을, 도 출연했고, 도 출연하며, 으로 출연했지만, 로 출연했으며,, 에서 출연하여, 에 출연할예정, 에 출연한적, 도 출연하여, 이 출연한드라마, 도 출연하기, 로 출연했고, 에 출연해“, 로 출연한것, 으로 출연했었다, 에 출연해,, 도 출연했었다, 로 출연한다, 도 출연한적, 에 출연한《, 가 출연하며, 가 출연하기, 도 출연하였으며, 에 출연할수, 에 출연한영화, 으로 출연한다, 으로 출연해,, 로 출연하며, 이 출연했고, 에 출연하다가, 에 출연할것, 에 출연할때, 로 출연하였으며, 으로 출연했는데, 까지 출연하였, 에 출연했다는, 도 출연하게, 에 출연한바, 으로 출연한바, 만 출연한다, 로 출연하는, 로 출연했는데, 만 출연하는, 이 출연하였으며, 가 출연하지, 에 출연해온, 가 출연한《, 로서 출연하였, 으로 출연할예정, 로 출연한적, 가 출연하였으며, 로서 출연하고, 에서 출연했다, 만 출연하였, 가 출연했고, 만 출연하고, 에 출연해인기, 을 출연하여, 가 출연했으며,, 가 출연한드라마, 을 출연했다, 로서 출연했다, 도 출연한바, 이 출연했으며,, 에 출연한그, 에 출연한경력, 에 출연해최종, 에 출연해이름"
가능,25936,21,160,222,"이 가능해졌다, 를 가능하게, 이 가능하지, 에 가능한한, 도 가능하다, 이 가능하다, 을 가능하게, 만 가능하다, 이 가능하다는, 이 가능해진다, 에 가능한것, 이 가능하다고, 가 가능하다, 가 가능했던, 가 가능한지역, 이 가능했었다, 이 가능하고, 이 가능하지만, 는 가능하다, 가 가능했다, 이 가능하며, 가 가능하며, 가 가능해진다, 이 가능한환경, 이 가능하였, 도 가능하며, 이 가능해지, 이 가능하였으며, 만 가능하며, 이 가능하기, 이 가능하게, 이 가능한가?, 이 가능했다, 은 가능하다, 이 가능했기, 도 가능하게, 은 가능한한, 가 가능해졌다, 이 가능한모델, 만 가능하다는, 도 가능했다, 이 가능함, 가 가능할것, 으로 가능하다고, 이 가능한것, 이 가능했던, 이 가능한,, 가 가능하게, 가 가능했기, 는 가능한한, 가 가능하였, 이 가능해졌지만, 가 가능하므로, 이 가능하여, 이 가능했을, 이 가능한상태, 이 가능한경우, 만 가능하도록, 이 가능한반면, 도 가능하여, 가 가능하지만, 에서 가능하다, 에서 가능한한, 로 가능하다, 을 가능하도록, 도 가능하다고, 까지 가능하다, 이 가능할것, 가 가능하고, 이 가능한이유, 으로 가능하게, 가 가능하나, 으로 가능하다, 이 가능한최초, 이 가능한정도, 이 가능해졌고, 이 가능할정도, 를 가능한한, 만 가능했다, 에게 가능한한, 가 가능함을, 이 가능했고, 가 가능하다고, 도 가능하다는, 가 가능하다는, 이 가능한모든, 에 가능했던, 이 가능하나, 이 가능하도록, 이 가능했다고, 이 가능한지, 에 가능하다, 도 가능해지, 이 가능한부분, 만 가능한것, 은 가능하나, 을 가능한한, 에 가능하였, 만 가능하였, 도 가능해졌다, 이 가능해짐에, 이 가능함을, 이 가능하다면, 이 가능한지역, 도 가능하고, 이 가능한데,, 에 가능하다고, 가 가능할정도, 도 가능할것, 이 가능한곳, 이 가능할수, 도 가능한다각형, 가 가능하도록, 이 가능하면, 가 가능하여, 가 가능한곳, 가 가능해졌고, 이 가능한', 가 가능한경우, 이 가능했지만, 은 가능하지만, 이 가능해야하, 이 가능해졌으며,, 에 가능한일, 이 가능한국가, 는 가능하면, 은 가능하고, 가 가능한한, 이 가능한형태, 가 가능하지, 은 가능하며, 이 가능할뿐, 만 가능하다고, 이 가능한지에, 이 가능해졌, 에 가능했다, 가 가능한수준, 이 가능한2, 이 가능하므로, 도 가능할수, 으로써 가능하다, 부터 가능하다, 가 가능해지, 이 가능하였으나, 가 가능하기, 이 가능했는데, 은 가능한모든, 이 가능한한, 가 가능했지만, 의 가능한조합, 이 가능한역, 이 가능하긴, 이 가능한점, 은 가능하지, 에 가능한많, 이 가능한구조, 가 가능했었다, 의 가능한모든, 이 가능한컴퓨터, 도 가능하지만, 는 가능하지, 가 가능한상태, 도 가능하도록, 도 가능하기, 이 가능할때, 도 가능한것, 에서 가능한모든, 도 가능한수, 이 가능한게임, 까지 가능하며, 가 가능한데,, 까지 가능하게, 가 가능할수, 이 가능해야한다, 도 가능한데,, 도 가능한한, 에서 가능하며, 나 가능하다, 은 가능하면, 도 가능하지, 만 가능했던, 만 가능하게, 만 가능하고, 이 가능한신, 이 가능해,, 가 가능해졌으며,, 로 가능하게, 이 가능해짐, 이 가능하거나, 이 가능했으며,, 이 가능함에, 이 가능한수준, 는 가능하지만, 가 가능했고, 는 가능한모든, 가 가능한모든, 이 가능해진것, 가 가능한것, 이 가능한기능, 가 가능했으며,, 도 가능하였, 에서 가능하게, 이 가능한배선, 이 가능했으나,, 이 가능한데, 가 가능하다면, 만 가능했고, 이 가능하면서, 이 가능한지를, 는 가능하다고, 으로 가능하지, 이 가능한장점, 으로 가능한한, 은 가능한많, 가 가능한대체, 이 가능한유일, 으로 가능하지만, 도 가능해진다, 가 가능한아파트, 까지 가능하지만, 이 가능한어종, 의 가능한값"
발표,23834,19,123,201,"를 발표하여, 을 발표하면서, 를 발표하였으며, 를 발표하였, 을 발표하기, 를 발표하면서, 을 발표하였, 을 발표한다, 을 발표했다, 을 발표한바, 을 발표하여, 을 발표하고, 으로 발표했고, 에 발표한것, 를 발표한다, 를 발표하는, 을 발표하지, 에서 발표하는, 이 발표한자료, 가 발표한', 로 발표했다, 에 발표하였, 를 발표했다, 가 발표한친일인명사전, 을 발표한것, 를 발표하는데, 에 발표했다, 를 발표하고, 로 발표하였, 을 발표하거나, 에 발표한논문, 를 발표함으로써, 으로 발표한다, 에 발표한다, 을 발표할것, 을 발표하였으나, 에서 발표하여, 을 발표하자, 을 발표하게, 을 발표했는데, 을 발표할때, 를 발표하다, 을 발표하다, 을 발표한뒤, 을 발표하는데, 를 발표한뒤, 를 발표했지만, 이 발표했던, 를 발표했으며,, 으로 발표하고, 도 발표했다, 을 발표했고, 에 발표한작품, 에 발표하며, 으로 발표하면서, 을 발표했던, 가 발표한친, 이 발표한‘, 에 발표한자료, 가 발표한세계, 가 발표하였, 를 발표하기, 에 발표한두, 을 발표했을, 를 발표한후, 를 발표하며, 을 발표하는, 를 발표하였으나, 이 발표했다, 를 발표할예정, 를 발표하게, 이 발표한', 가 발표한바, 을 발표하며, 에 발표한바, 을 발표하였으며, 으로 발표하였, 를 발표했고, 에 발표한《, 를 발표했는데, 에 발표하고, 를 발표하자, 가 발표한"", 을 발표한후, 으로 발표했다, 을 발표했지만, 라고 발표하였, 고 발표했다, 에서 발표하고, 를 발표한이후, 도 발표하였, 에 발표한〈, 을 발표한직후, 에 발표하기, 으로 발표하기, 을 발표함으로써, 를 발표한이래, 을 발표한이래, 을 발표한이후, 가 발표한자료, 로 발표하고, 을 발표할당시, 에서 발표한"", 에 발표하는, 을 발표했으며,, 이 발표한친일파, 을 발표함, 를 발표했을, 라고 발표했다, 으로 발표하는, 가 발표한것, 가 발표한‘, 에 발표한4, 을 발표했었다, 를 발표할때, 을 발표할수, 를 발표할수, 고 발표하였, 가 발표하는, 을 발표하도록, 에서 발표한것, 이 발표한보고서, 으로 발표하여, 에 발표한', 가 발표했다, 에 발표한2, 에 발표한장편, 에 발표하여, 을 발표했으나,, 이 발표하였, 에서 발표했다, 으로 발표하지, 에 발표한"", 을 발표해,, 로 발표하면서, 이 발표한《, 에 발표한글, 에 발표한소설, 에 발표했고, 에 발표한곡, 을 발표할예정, 를 발표하지, 를 발표한지, 에서 발표한', 이라고 발표했다, 로 발표하기, 을 발표한지, 에서 발표하였, 를 발표하도록, 에 발표한정규, 에 발표한노래, 로 발표한다, 를 발표한바, 를 발표한것, 으로 발표한것, 이라고 발표하였, 가 발표한민족, 를 발표했던, 로 발표하는, 을 발표한공로, 에 발표한앨범, 에 발표하면서, 에 발표한일본, 를 발표했으나,, 이 발표하는, 가 발표한일제, 도 발표하지, 을 발표한적, 에 발표한단편, 이 발표한"", 가 발표했던, 가 발표한《, 에서 발표한《, 에 발표했던, 이 발표한세계, 에 발표한동명, 으로 발표하였으며, 을 발표해왔, 에 발표한첫, 에 발표한싱글, 에서 발표한친일파, 로 발표했고, 을 발표할계획, 에 발표한친, 에서 발표했던, 가 발표한싱글, 에 발표한음반, 에서 발표한자료, 에 발표하였으며, 은 발표하지, 에 발표한「, 가 발표한곡, 에 발표한3, 로 발표하여, 이 발표한곡, 가 발표한노래, 이 발표한인구, 은 발표했다, 에 발표함), 에서 발표한음반, 가 발표한미국"
의미,23833,8,54,72,"을 의미하는, 을 의미한다, 를 의미한다, 을 의미하게, 를 의미하는, 을 의미하며, 를 의미하며, 를 의미하기, 을 의미하므로, 를 의미하고, 을 의미하지, 을 의미하기, 을 의미하는데, 을 의미했다, 을 의미한다"", 을 의미한다), 을 의미했는데, 를 의미하게, 를 의미한다), 을 의미할수, 을 의미하고, 을 의미하는지, 을 의미했고, 를 의미함), 을 의미한다고보, 을 의미하는가, 을 의미하여, 을 의미하였, 를 의미했다, 를 의미하는데, 을 의미할것, 을 의미했으나,, 을 의미했으며,, 을 의미한다(, 를 의미함, 를 의미할수, 을 의미할뿐, 을 의미했을, 을 의미한다고주장, 을 의미했던, 을 의미하지만, 를 의미하지만, 을 의미함), 이 의미하는, 을 의미한다고한다, 을 의미한다고할, 가 의미하는, 도 의미한다, 을 의미하나,, 을 의미한다:, 를 의미한다는것, 을 의미한것, 를 의미하지, 을 의미한다는것, 를 의미하므로, 을 의미함, 를 의미한다(, 를 의미했고, 을 의미하거나, 를 의미하여, 를 의미하나,, 을 의미하였으며, 을 의미했지만, 을 의미할때, 을 의미한다고말, 를 의미하였, 을 의미한다고볼, 를 의미했지만, 을 의미함(, 을 의미함===, 를 의미한다고여겨진다, 을 의미한다고여겨진다"
향,19777,10,6,32,"에게 향한, 를 향해, 으로 향했, 을 향해, 를 향하, 을 향하, 을 향한, 으로 향하, 를 향한, 로 향했, 가 향하, 로 향한, 로 향하, 에게 향했, 에 향한, 으로 향함, 으로 향해, 으로 향한, 로 향해, 를 향했, 에 향하, 에게 향하, 이 향하, 을 향했, 을 향할, 로 향할, 이 향한, 로 향함, 으로 향할, 까지 향하, 를 향할, 에 향해"
해당,19060,13,49,64,"에 해당한다, 에 해당함), 에 해당하며, 에 해당하는, 에 해당하므로, 에 해당한다고주장, 에 해당하지, 에 해당하고, 는 해당하는, 에 해당하였, 에 해당한다고할, 에 해당했던, 에 해당하면, 에서 해당하는, 에 해당하지만, 에 해당할것, 에 해당하여, 도 해당한다, 에 해당하기, 에 해당했다, 에 해당한다고보, 에 해당한다), 만 해당하는, 에 해당한다는것, 에 해당한다고한다, 으로 해당하는, 에 해당하는데, 에 해당한다고판단, 은 해당하는, 의 해당하는, 도 해당하지, 에 해당한다(, 에 해당하는지, 에 해당함을, 에 해당한다고말, 에 해당할수, 에 해당하게, 이 해당한다, 에 해당한다고생각, 에 해당한다"", 에 해당하던, 에 해당했고, 에 해당한다고볼, 에 해당한다고하, 는 해당하지, 에 해당함, 만 해당하며, 까지 해당하는, 에 해당한다”, 에 해당하나, 가 해당한다, 에 해당할경우, 에 해당한다할, 만 해당한다, 에 해당한다===, 에 해당한다고한, 에 해당한다*, 에 해당할뿐, 에 해당한다는이유, 에 해당해개원, 까지 해당한다, 에 해당한다고본다, 만 해당한다), 이 해당하는"
역임,18725,10,60,85,"를 역임했다, 을 역임했던, 을 역임했다, 을 역임했고, 을 역임하기, 을 역임했으며,, 을 역임하였, 을 역임하던, 를 역임하였으며, 을 역임하면서, 를 역임하며, 을 역임했는데, 를 역임하였, 을 역임했으며그, 을 역임하고, 를 역임했으며,, 도 역임했다, 을 역임했지만, 이 역임하였, 을 역임하는, 을 역임한후, 를 역임하고, 을 역임하여, 을 역임한것, 을 역임한바, 을 역임하며, 도 역임하였, 를 역임했던, 을 역임하였으며, 를 역임한것, 를 역임하기, 를 역임하면서, 을 역임한다, 을 역임하다, 을 역임하게, 을 역임한미국, 를 역임했고, 를 역임하다, 을 역임하다가, 으로 역임하고, 를 역임한다, 를 역임하는, 을 역임하였으나, 를 역임한바, 을 역임한문신, 까지 역임했다, 을 역임했었다, 로 역임했다, 을 역임한뒤, 를 역임하다가, 을 역임한대한민국, 을 역임한인물, 를 역임했지만, 을 역임한사람, 을 역임한정치인, 을 역임했으나,, 을 역임한일본, 를 역임하던, 까지 역임하였, 을 역임한법조인, 으로 역임하였, 을 역임했을, 을 역임했다는, 를 역임한뒤, 으로 역임했다, 에 역임하였, 를 역임한인물, 을 역임한공무원, 을 역임한관료, 를 역임한법조인, 로 역임했고, 를 역임한대한민국, 로 역임하였, 을 역임할때, 를 역임하여, 로 역임하고, 을 역임한그, 을 역임한군인, 를 역임했으며현재, 을 역임한이후, 를 역임한후, 을 역임한''', 를 역임했는데, 를 역임한''', 을 역임함"
비,18449,14,5,14,"에 비하, 에 비해, 을 비하, 의 비전하, 으로 비하, 에 비할, 를 비하, 의 비해, 의 비하, 도 비할, 로 비하, 는 비할, 에 비한, 과 비하"
이,18362,31,39,109,"를 이해, 으로 이해, 의 이해, 로 이해, 을 이용한, 을 이해, 는 이해, 은 이듬해, 로 이듬해, 를 이용한, 를 이동한, 에게 이해, 으로 이주하, 로 이주하, 이 이해, 은 이해, 으로 이동하, 을 이용해, 에서 이해, 를 이동하, 를 이용해, 도 이해, 의 이듬해, 로 이동하, 에 이해, 가 이해, 도 이듬해, 에서 이주한, 로 이주해, 에 이주하, 와 이해, 로 이동한, 만 이할수, 으로서 이해, 으로 이동해, 부터 이듬해, 과 이듬해, 로 이주한, 가 이듬해, 과 이해, 으로 이주한, 는 이하, 으로 이장하, 로서 이해, 에서 이주해, 는 이해에, 와 이듬해, 는 이듬해, 는 이동하, 로 이장하, 에 이동해, 이 이주해, 를 이수한, 으로 이동한, 만 이해, 으로 이듬해, 까지 이동하, 에 이듬해, 에 이주해, 로 이하, 에서 이동해, 에서 이동하, 가 이동한, 은 이하, 가 이하, 을 이하, 에 이동하, 에서 이듬해, 를 이듬해, 의 이스파한, 의 이하, 로 이동해, 에 이주한, 이 이듬해, 까지 이해, 으로 이주해, 로 이행함, 이 이주하, 에서부터 이듬해, 라고 이해, 이 이동한, 를 이장하, 에서 이동한, 이 이동하, 을 이듬해, 이나 이해, 으로써 이해, 까지 이동한, 에 이장하, 보다 이해, 가 이상해, 로 이용해, 에서 이주하, 를 이동해, 를 이하, 을 이동하, 나 이해, 이 이하, 에 이동한, 에 이하, 로 이건하, 으로 이하, 가 이동해, 도 이하, 에서 이하, 만 이하는, 는 이스파한, 는 이해역도, 는 이해역을"
당,18221,17,7,49,"를 당한, 을 당하, 를 당해, 을 당해, 을 당했, 를 당하, 을 당한, 를 당함, 를 당했, 을 당할, 에게 당했, 만 당하, 에게 당하, 을 당함, 이 당하, 에서 당했, 에서 당한, 이 당한, 에게 당한, 으로 당하, 를 당할, 는 당해, 도 당해, 에서 당해, 에 당했, 까지 당하, 으로 당해, 에 당한, 으로 당할, 에 당하, 가 당한, 이 당했, 까지 당한, 은 당해, 까지 당했, 에 당해, 이 당해, 가 당해, 로 당하, 으로 당했, 도 당했, 에게 당해, 에게 당할, 에서 당하, 도 당하, 까지 당해, 가 당하, 로 당해, 는 당해년도"
제외,17841,9,132,157,"를 제외하고, 을 제외한모든, 을 제외하고, 를 제외하면, 을 제외하면, 을 제외한전, 를 제외한모든, 을 제외한그, 을 제외하여, 를 제외한전체, 을 제외한지구, 을 제외하곤, 을 제외한다, 을 제외한다면,, 을 제외하고는, 를 제외한전국, 을 제외한정당, 을 제외한9, 는 제외한다, 을 제외한나머지, 을 제외한대부분, 를 제외한대부분, 를 제외한나머지, 을 제외한이, 를 제외한거의, 를 제외한다른, 을 제외한다른, 을 제외한지역, 을 제외한,, 을 제외한거의, 에서 제외하기, 을 제외하기, 은 제외하는, 를 제외하고는, 를 제외한지역, 을 제외한전국, 을 제외한두, 을 제외한7, 를 제외한전, 을 제외한11, 는 제외하였, 을 제외한여러, 에서 제외하였, 을 제외한부분, 을 제외하는, 를 제외하는, 을 제외한3, 은 제외하였, 를 제외하곤, 에서 제외하는, 만 제외하면, 을 제외한어떤, 를 제외한일반, 에서 제외하고, 을 제외한다섯, 을 제외한각, 를 제외한전역, 을 제외한세계, 을 제외한일부, 은 제외했다, 만 제외하고, 을 제외한''', 를 제외한8, 을 제외한전체, 를 제외하여, 를 제외한), 를 제외한이, 를 제외하였, 을 제외하더라도, 에서 제외했다, 는 제외하고, 을 제외한네, 에서 제외할수, 을 제외한대다수, 을 제외한모두, 를 제외한것, 를 제외한미국, 를 제외한기타, 을 제외한것, 을 제외한유럽, 을 제외한세, 을 제외한1, 은 제외하고, 를 제외한12, 를 제외한유럽, 를 제외한다면,, 를 제외한세, 를 제외한다, 를 제외한그, 을 제외한평일, 을 제외한일반, 를 제외한많, 을 제외한2, 를 제외한1, 을 제외하고선, 를 제외한,, 를 제외한일본, 를 제외한세계, 을 제외한일본, 에서 제외한다, 를 제외한모두, 를 제외한4, 을 제외한5, 을 제외한), 를 제외한9, 을 제외한전원, 을 제외한팀, 를 제외한인도, 을 제외한몸, 를 제외한3, 은 제외한다, 를 제외한35, 을 제외하였, 에서 제외한것, 을 제외한8, 을 제외한영장류, 를 제외한5, 를 제외한각, 을 제외한전역, 는 제외한다), 를 제외하기, 을 제외한타, 를 제외하고서, 를 제외한아프리카, 을 제외한국가, 을 제외한아시아, 를 제외한몸, 를 제외한10, 에서 제외하여, 을 제외한다), 를 제외한전원, 를 제외한부분, 를 제외한멤버, 를 제외한네, 를 제외한7, 을 제외한기타, 를 제외한다), 을 제외한10, 을 제외한법정, 은 제외한다), 를 제외한6, 를 제외한전적, 을 제외한4, 를 제외한11, 을 제외한TV, 을 제외한관공서, 을 제외한6, 을 제외한상위, 을 제외한13, 을 제외하고서, 를 제외해,, 을 제외한아프리카, 을 제외한전신, 을 제외한공휴일, 을 제외한화물, 를 제외한몸길이, 를 제외한색계"
지원,17710,16,84,160,"를 지원하기, 을 지원하기, 을 지원하며, 를 지원한다, 을 지원하는, 으로 지원하고, 를 지원하여, 을 지원하여, 를 지원하지, 를 지원하는, 을 지원하지만, 까지 지원하는, 만 지원할수, 이 지원하는, 을 지원함으로써, 을 지원하지, 까지 지원한다, 를 지원하고, 으로 지원하지, 에 지원하였, 를 지원하며, 의 지원하에, 가 지원한다, 을 지원한다, 을 지원하고, 을 지원했다, 에서 지원하는, 를 지원하지만, 는 지원하지, 를 지원해주, 을 지원하였, 를 지원하게, 가 지원하는, 를 지원했다, 를 지원했지만, 를 지원하면서, 까지 지원하고, 을 지원해야한다, 도 지원하고, 을 지원해주, 를 지원하였, 도 지원한다, 을 지원했고, 에 지원하여, 을 지원하겠, 을 지원할계획, 이 지원했고, 을 지원할것, 를 지원했다는, 를 지원할것, 을 지원하였으며, 으로 지원하는, 로 지원하는, 을 지원하였으나, 을 지원했으며,, 을 지원하게, 에서 지원한다, 으로 지원한다, 을 지원하면서, 을 지원하도록, 으로 지원할수, 으로 지원하였, 을 지원하러, 를 지원하므로, 를 지원하도록, 가 지원하고, 으로 지원하여, 을 지원한것, 이 지원하고, 에 지원하기, 을 지원했던, 에 지원했지만, 에 지원했다, 에 지원하는, 으로 지원하기, 도 지원하였, 가 지원하였, 이 지원하여, 을 지원했는데, 으로 지원했다, 은 지원하지, 를 지원해줄, 를 지원한다:, 에 지원할수, 으로 지원해주, 를 지원함, 을 지원한다:, 을 지원해왔, 를 지원하였으며, 을 지원해줄, 으로 지원했던, 을 지원하던, 을 지원했다는, 을 지원할수, 를 지원했고, 를 지원함으로써, 을 지원했지만, 을 지원한혐의, 를 지원해준, 가 지원하던, 을 지원하고자, 를 지원해야한다, 가 지원했다, 를 지원하는데, 에 지원하였으나, 만 지원하는, 에서 지원하였, 까지 지원하며, 를 지원했으며,, 를 지원할수, 에 지원한다, 로 지원했다, 에서 지원하지, 을 지원해달, 도 지원하지, 를 지원하겠, 에서 지원하고, 에 지원하게, 을 지원하라는, 만 지원한다, 으로 지원하며, 만 지원하고, 을 지원하려고, 를 지원하였으나, 를 지원한것, 로 지원하고, 로 지원한다, 를 지원했던, 를 지원할목적, 이 지원했다, 를 지원하던, 도 지원하며, 를 지원하거나, 을 지원하므로, 에 지원하고, 에 지원했고, 로 지원하지, 도 지원하는, 만 지원했다, 만 지원하며, 을 지원해준, 를 지원하고자, 을 지원하는데, 로 지원하여, 가 지원하지, 부터 지원한다, 을 지원하거나, 를 지원해왔, 는 지원하는, 로 지원하였, 도 지원했다, 을 지원해야하, 를 지원할예정, 을 지원하려는, 에 지원하지, 을 지원할목적, 에서 지원해주, 이 지원하였, 을 지원함, 에 지원해합격"
필요,17524,22,207,247,"에 필요한모든, 에 필요한기능, 이 필요했지만, 이 필요했고, 이 필요했다, 이 필요하다, 가 필요하다, 에 필요한자료, 이 필요하게, 도 필요하다는, 도 필요하다, 이 필요하다는, 이 필요하다고, 가 필요하게, 가 필요한데,, 에 필요한자금, 가 필요하다는, 에 필요한에너지, 이 필요하였, 이 필요하지, 에 필요한여러, 이 필요하며, 이 필요한것, 이 필요해지, 이 필요한작업, 가 필요하지만, 이 필요한경우, 에 필요한사업, 이 필요할것, 에 필요한효소, 가 필요함을, 은 필요하지, 가 필요하지, 가 필요하다고, 에 필요한행위, 이 필요하면, 가 필요하다면, 에 필요하다, 이 필요해졌다, 에 필요하고, 이 필요하기, 으로 필요한것, 이 필요함, 에 필요한기본, 가 필요했던, 이 필요할때, 이 필요함을, 가 필요하고, 은 필요하다고, 가 필요하기, 가 필요해지, 가 필요했다, 에 필요한비용, 가 필요할것, 에 필요한시설, 에 필요한3, 에 필요한정보, 는 필요할때, 가 필요하였으며, 도 필요하지, 가 필요한경우, 가 필요했는데, 이 필요한업무, 이 필요한부분, 이 필요했던, 이 필요한분야, 가 필요했기, 이 필요하지만, 에 필요한물질, 가 필요해졌다, 가 필요했지만, 에 필요한조건, 가 필요했으며,, 은 필요한경우, 가 필요하며, 이 필요하므로, 에 필요한요소, 이 필요한데,, 이 필요했기, 에 필요한것, 가 필요할때, 에 필요한노동력, 에 필요한각종, 이 필요하나, 에 필요한절차, 가 필요한환자, 이 필요한곳, 가 필요한것, 에 필요한인력, 이 필요하여, 이 필요한지역, 에 필요한자재, 이 필요한상태, 으로 필요하다, 이 필요한사람, 도 필요했다, 에 필요한물자, 이 필요했는데, 에 필요한조치, 가 필요하거나, 가 필요했고, 가 필요한부분, 에 필요한지식, 에게 필요한교육, 이 필요한상황, 는 필요하지, 가 필요하였, 에 필요한주요, 에 필요한재정, 에 필요한기술, 은 필요하다, 에 필요하다면, 이 필요해진다, 에 필요한돈, 에게 필요한정보, 에 필요한도구, 에 필요한물품, 에 필요한장비, 이 필요할수, 가 필요할수, 은 필요할때, 에 필요한시간, 에 필요하다고, 이 필요한사항, 에 필요한사항, 이 필요하다며, 이 필요하고, 가 필요해〉, 만 필요하다, 에 필요한서류, 가 필요하므로, 에 필요한산소, 이 필요한시점, 에게 필요한것, 에 필요한무기, 에 필요한경비, 에 필요한소득, 가 필요한상황, 에 필요한경우, 이 필요할정도, 가 필요함에, 에 필요한추가, 이 필요하다면, 은 필요하다면, 는 필요한경우, 이 필요하였으나, 에 필요한전력, 에 필요한물, 에 필요한자원, 가 필요하여, 에 필요한부품, 가 필요함), 가 필요했다고, 가 필요한개, 에 필요한핵심, 에 필요한준비, 이 필요함), 도 필요하게, 가 필요한이유, 는 필요하다, 도 필요하다고, 이 필요했으며,, 에 필요한업무, 에 필요한최소, 가 필요하다며, 이 필요했다고, 이 필요했을, 으로 필요하다고, 가 필요했을, 이 필요한데, 에 필요한자본, 에 필요한다양, 이 필요한다른, 가 필요한곳, 이 필요함에, 에 필요한재원, 가 필요하면, 에 필요한기초, 에 필요한인재, 에 필요한만큼, 에 필요한전기, 에 필요한최소한, 에 필요했던, 이 필요한환자, 가 필요해》, 가 필요해(, 는 필요하다고, 가 필요한때, 이 필요해》, 에서 필요한것, 이 필요한때, 가 필요해*, 가 필요해2012, 이 필요해졌고, 이 필요한문제, 에 필요하다는, 에 필요한연료, 에 필요하지만, 에 필요한원료, 에 필요한구성, 이 필요해시즌, 가 필요해'', 에 필요한예산, 이 필요한이유, 에 필요한주의, 로 필요하다고, 에 필요한지원, 이 필요하니, 가 필요할정도, 에 필요한전문, 가 필요함, 에 필요한재료, 이 필요한일, 가 필요해3, 로 필요하다, 이 필요할뿐, 에 필요한데이터, 가 필요한시점, 가 필요해1987, 가 필요해》(, 에 필요하지, 가 필요한상태, 이 필요한시간, 이 필요한거, 에 필요하며, 에 필요한물건, 가 필요할경우, 에 필요한범위, 이 필요할경우, 가 필요해OST, 는 필요하다면, 에 필요한단백질, 에 필요한교육, 이 필요하거나, 에 필요한필수, 이 필요한모든, 이 필요한순간, 이 필요해(, 가 필요한사람, 가 필요해''', 이 필요해!, 에 필요한연구, 에 필요한능력, 으로 필요하지, 이 필요해'', 이 필요해-, 가 필요해-"
유지,17476,15,78,152,"를 유지하는, 을 유지하는, 을 유지하고, 를 유지한다, 을 유지했으나,, 를 유지했다, 를 유지하기, 를 유지하여, 를 유지했고, 를 유지해오, 를 유지하고, 을 유지하였, 을 유지할수, 을 유지해야한다, 을 유지했다, 를 유지하였, 을 유지하면서, 을 유지하였으며, 을 유지했지만, 로 유지하기, 까지 유지하였, 를 유지하면서, 를 유지하려고, 를 유지했었다, 를 유지하였으나, 까지 유지하고, 으로 유지하기, 을 유지한다, 를 유지하지, 을 유지한채, 를 유지할수, 으로 유지했다, 를 유지해왔, 를 유지했지만, 을 유지하며, 를 유지하게, 를 유지하려는, 을 유지하므로, 을 유지하다, 를 유지하다가, 을 유지하지만, 을 유지하게, 를 유지할것, 를 유지한채, 를 유지해야한다, 를 유지하며, 도 유지하고, 을 유지하기, 을 유지하지, 을 유지하도록, 를 유지했는데, 를 유지할필요, 을 유지했으며,, 을 유지하여, 를 유지했던, 을 유지했고, 을 유지했기, 를 유지하였으며, 을 유지할것, 을 유지했던, 을 유지하다가, 을 유지해왔, 를 유지하고자, 를 유지함으로써, 을 유지함으로써, 를 유지하던, 로 유지하는, 는 유지하면서, 를 유지하려, 을 유지하려면, 을 유지하려고, 로 유지하도록, 으로 유지하여, 을 유지하고자, 을 유지하였으나, 를 유지했으나,, 을 유지하려는, 를 유지하는데, 를 유지하도록, 를 유지했기, 을 유지했다고, 로 유지한다, 을 유지할필요, 를 유지하다, 을 유지하던, 로 유지할수, 으로 유지하는, 을 유지하면, 를 유지해야한다는, 를 유지했다고, 를 유지하지만, 으로 유지할수, 은 유지하되, 를 유지했다는, 은 유지하고, 을 유지하라는, 를 유지해야하, 을 유지하려, 을 유지하는데, 를 유지해야한다고, 를 유지해나가, 은 유지하였, 로 유지하고, 는 유지하고, 를 유지했으며,, 을 유지할뿐, 을 유지한것, 로 유지했다, 을 유지해야하, 으로 유지한다, 를 유지해주, 를 유지해나갔, 은 유지하는, 은 유지할수, 으로 유지하였, 를 유지한것, 를 유지하되, 로 유지하며, 을 유지해오, 을 유지하거나, 은 유지한채, 을 유지해야한다고, 을 유지해온, 으로 유지하면서, 을 유지했다는, 을 유지할정도, 을 유지해주, 를 유지한상태, 를 유지하려면, 까지 유지했다, 을 유지해야한다는, 으로 유지하고, 은 유지했다, 를 유지했을, 를 유지해온, 를 유지하여야, 를 유지하겠, 을 유지해나갔, 를 유지하거나, 에 유지하기, 을 유지하여야, 을 유지하되, 을 유지했음, 을 유지하겠, 로 유지하여, 로 유지하였, 를 유지하자는, 를 유지하면, 은 유지하면서, 을 유지한다는것, 을 유지했는데, 을 유지한상태"
출전,16995,19,110,191,"로 출전했다, 에 출전하지, 에 출전하는, 도 출전하지, 이 출전하는, 에 출전할수, 만 출전하고, 에 출전해서1, 에 출전한다, 에 출전한적, 에 출전했다, 가 출전하는, 가 출전한다, 에 출전한경력, 에 출전하면서, 에 출전하였, 로 출전했던, 에 출전한선수, 에 출전하여, 로 출전하여, 에 출전했을, 에 출전하였으며, 으로 출전하였, 에 출전해10, 으로 출전한다, 이 출전하였, 로 출전하였으며, 이 출전하게, 에 출전한기록, 에 출전한것, 에 출전하고, 으로 출전하여, 으로 출전한국가, 에 출전해3, 가 출전하였, 도 출전할수, 에 출전해1, 에 출전한대한민국, 까지 출전하지, 는 출전하지, 에 출전하였으나, 에 출전한이후, 에 출전하며, 만 출전했고, 로 출전하게, 에 출전할선수, 에 출전하게, 로 출전하였, 도 출전하여, 가 출전하여, 로 출전하지, 로 출전했고, 로 출전한다, 에 출전하기, 에 출전했던, 에서 출전하였, 으로 출전하였으나, 밖에 출전하지, 으로 출전했다, 에 출전해타율, 도 출전하였으나, 로서 출전했다, 만 출전했다, 에 출전해7, 에 출전했고, 를 출전하지, 에 출전해,, 에서 출전하지, 에 출전해9, 에 출전했는데, 로 출전했지만, 에 출전해11, 에 출전해2, 에 출전했지만, 로 출전해첫, 로 출전하기, 을 출전했다, 에 출전한역대, 에 출전한바, 에 출전해4, 로 출전하는, 로 출전한바, 으로 출전하지, 이 출전할수, 도 출전했다, 도 출전하였, 이 출전하여, 는 출전할수, 에 출전했으나,, 에 출전해8, 을 출전하였, 로 출전하며, 으로 출전하기, 에 출전해24, 에 출전한후, 에 출전해33, 이 출전한다, 에 출전해5, 에 출전해15, 에 출전했으며,, 으로 출전하였으며, 로서 출전하여, 에 출전해6, 도 출전했고, 로 출전해1, 에 출전해팀, 에 출전한최초, 를 출전하여, 를 출전하였, 가 출전한경기, 를 출전하는, 로 출전했는데, 으로 출전했으며,, 으로 출전할수, 로 출전한것, 에 출전해우승, 에 출전할자격, 에 출전해16, 로 출전할수, 에 출전할예정, 으로 출전하게, 만 출전할수, 도 출전하기, 만 출전하였, 으로 출전했지만, 으로 출전하며, 도 출전했지만, 로 출전하면서, 에 출전해14, 를 출전했다, 으로 출전한것, 도 출전하는, 에 출전했었다, 에서 출전하여, 으로 출전했고, 으로 출전하는, 를 출전하며, 이 출전했다, 도 출전하였으며, 로 출전하였으나, 만 출전하는, 가 출전했다, 로 출전한경기, 도 출전했는데, 로 출전한미스코리아, 에 출전해12, 에 출전해23, 에 출전한뒤, 으로 출전하면서, 나 출전했다, 가 출전할수, 에 출전한첫, 로 출전했으며,, 로서 출전했지만, 로 출전해2, 에 출전한최, 으로 출전했는데, 를 출전했는데, 에 출전해13, 에 출전해28, 을 출전하지, 에 출전해21, 에 출전해20, 에 출전한그, 가 출전한첫, 에 출전해18, 으로 출전했었다, 에서 출전했다, 은 출전하지, 가 출전하게, 에 출전하지만, 로서 출전하는, 을 출전했고, 로서 출전했고, 를 출전했고, 에 출전해리그, 에 출전할때, 이 출전하며, 에 출전해, 도 출전하며, 가 출전하였으며, 에 출전해서6, 에 출전해서4, 에 출전했으나팀, 에 출전했으며이, 에 출전해서2, 에 출전한경험, 로 출전한적, 이 출전했으며,, 로 출전해타석, 에 출전할대표"
수상,16785,18,59,90,"을 수상했다, 을 수상하였, 을 수상하는, 에 수상했다, 을 수상했고, 을 수상한다, 을 수상한미국, 을 수상한후, 을 수상하게, 을 수상한이후, 에서 수상했다, 를 수상했다, 을 수상하며, 을 수상하다, 을 수상한것, 을 수상하기, 을 수상하였으며, 를 수상하게, 에 수상하였, 을 수상한《, 을 수상하지, 이 수상했다, 을 수상한사람, 을 수상한바, 을 수상했던, 를 수상했고, 을 수상하면서, 을 수상했으며,, 를 수상하여, 을 수상하였으나, 을 수상함으로써, 을 수상한독일, 을 수상하고, 를 수상한다, 을 수상한첫, 에서 수상하였, 까지 수상하는, 를 수상하였, 을 수상한영국, 를 수상하기, 을 수상했는데, 이 수상하였, 가 수상하였, 를 수상하는, 나 수상했다, 으로 수상하는, 을 수상하여, 도 수상하였, 으로 수상했다, 을 수상한뒤, 을 수상했지만, 을 수상한작품, 을 수상한작가, 를 수상하였으며, 로 수상했다, 를 수상하며, 을 수상함, 도 수상했다, 을 수상한인물, 를 수상하고, 를 수상했으며,, 로 수상하였, 의 수상한요괴, 을 수상한선수, 을 수상한두, 에서 수상하는, 을 수상한경력, 을 수상했다고, 으로 수상하였, 을 수상한최초, 에서 수상하였으며, 을 수상했을, 을 수상한유일, 에서 수상했고, 를 수상한것, 가 수상했다, 를 수상한선수, 을 수상한영화, 까지 수상했다, 을 수상한그, 을 수상한데이, 을 수상할정도, 가 수상하다, 을 수상할수, 를 수상하면서, 가 수상하는, 를 수상했는데, 을 수상한적, 에서 수상하며, 의 수상한손님"
획득,16285,15,80,106,"을 획득했다, 를 획득하여, 을 획득하고, 를 획득하기, 을 획득한뒤, 을 획득하여, 을 획득하게, 를 획득하지, 을 획득하지, 을 획득하는, 을 획득하며, 을 획득했지만, 을 획득할수, 을 획득한다, 를 획득하였, 를 획득하고, 를 획득했다, 를 획득한사람, 을 획득하였, 을 획득하기, 를 획득할수, 에 획득하였, 를 획득하게, 을 획득함에, 을 획득하고자, 을 획득한후, 을 획득한바, 을 획득하려는, 도 획득했다, 을 획득하였으며, 도 획득할수, 을 획득하자, 를 획득한다, 를 획득함으로써, 을 획득함으로써, 를 획득했고, 를 획득하는, 을 획득하였으나, 에 획득하지, 을 획득한선수, 을 획득했고, 을 획득한경우, 를 획득하였으나, 를 획득하면서, 을 획득하면서, 도 획득하지, 를 획득한후, 으로 획득할수, 을 획득한최초, 를 획득하며, 로 획득하였, 로 획득했다, 를 획득한것, 를 획득했는데, 를 획득하였으며, 를 획득하면, 을 획득하면, 을 획득했으며,, 을 획득해병역, 을 획득한첫, 을 획득했던, 에 획득했다, 을 획득한일본, 을 획득했는데, 에서 획득하였, 을 획득한미국, 를 획득했지만, 가 획득했다, 를 획득할때, 을 획득할것, 을 획득할때, 을 획득하거나, 을 획득하려고, 을 획득해,, 를 획득했을, 을 획득했다고, 에서 획득한메달, 을 획득한것, 에서 획득할수, 도 획득하였, 를 획득했으며,, 을 획득함과, 으로 획득한것, 을 획득한이후, 를 획득해,, 을 획득한유일, 이 획득했다, 을 획득한팀, 로 획득할수, 을 획득했을, 으로 획득했다, 을 획득하였으므로, 에서 획득한금메달, 으로 획득하는, 을 획득했다는, 에 획득한것, 을 획득한국가, 을 획득한사람, 으로써 획득한무루, 에서 획득한성적, 로 획득한다, 를 획득한플레이어, 을 획득한플레이어, 을 획득했으며2022, 을 획득한스페인, 을 획득했으며세계"
뜻,16189,11,29,47,"을 뜻하는, 를 뜻한다, 을 뜻할수, 을 뜻한다, 를 뜻하는, 를 뜻했다, 를 뜻하며, 이 뜻하는, 을 뜻하고, 를 뜻하므로, 을 뜻하며, 을 뜻하므로, 을 뜻하는지, 를 뜻하기, 을 뜻함, 를 뜻함), 를 뜻하게, 을 뜻하였, 을 뜻하기, 가 뜻하는, 를 뜻하는데, 을 뜻했다, 을 뜻하지, 를 뜻하고, 를 뜻한, 을 뜻함), 을 뜻한다는것, 에 뜻하지, 은 뜻하지, 을 뜻하는데, 을 뜻할때, 를 뜻하였, 가 뜻하지, 을 뜻하게, 을 뜻하거나, 을 뜻한다고한다, 를 뜻하지만, 을 뜻하지만, 는 뜻하지, 를 뜻하나,, 를 뜻함, 을 뜻한다고말, 를 뜻하지, 을 뜻한, 을 뜻함*, 이 뜻하지, 을 뜻하여"
진출,15829,12,80,143,"으로 진출할수, 에 진출하는, 에 진출하였, 에 진출하기, 에 진출해있, 으로 진출하는, 에 진출했다, 도 진출하였, 에 진출하고, 로 진출하여, 까지 진출했다, 에 진출했으며,, 에 진출한다, 으로 진출했다, 에 진출하게, 에 진출하여, 으로 진출하고, 에 진출한적, 로 진출하게, 에 진출한것, 에 진출할자격, 으로 진출하지, 에 진출하다, 에 진출함, 에 진출하면서, 로 진출할수, 까지 진출하기, 에 진출할수, 에 진출했고, 에 진출하거나, 까지 진출하여, 에 진출한후, 까지 진출하였, 으로 진출하여, 으로 진출하였, 에 진출한32, 에 진출한국가, 로 진출하기, 에 진출하였으나, 까지 진출하였으며, 에 진출한이래, 으로 진출하였으며, 도 진출하여, 으로 진출한다, 으로 진출하면서, 로 진출하는, 로 진출하려는, 이 진출해있, 이 진출하여, 가 진출해있, 로 진출한다, 가 진출하였, 에 진출하며, 로 진출했다, 에 진출한이후, 도 진출했다, 까지 진출하게, 에 진출함으로써, 까지 진출하는, 으로 진출하기, 에 진출하지, 이 진출하였, 에 진출한대한민국, 에 진출한선수, 에 진출하였으며, 도 진출해있, 는 진출하지, 까지 진출하며, 이 진출한다, 까지 진출했으며,, 에 진출하자, 으로 진출하게, 도 진출하고, 으로 진출하며, 로 진출하며, 에 진출하려는, 에 진출했을, 도 진출하지, 로 진출하였, 로 진출하였으며, 에 진출하면, 도 진출하게, 이 진출하는, 도 진출하였으나, 이 진출했다, 에 진출할때, 에 진출한팀, 에 진출하지만, 까지 진출하였으나, 도 진출한다, 에 진출한최초, 에 진출한뒤, 에 진출했으나,, 에 진출해우승, 에 진출했지만, 에 진출한첫, 에 진출했는데, 로 진출하고, 에 진출할것, 으로 진출하려는, 이 진출할수, 로 진출했고, 에 진출했던, 이 진출하고, 에 진출해,, 로 진출하면서, 까지 진출했지만, 에서 진출하는, 에 진출했었다, 에 진출할계획, 에 진출한두, 까지 진출했고, 에 진출한2, 에 진출하도록, 에 진출할경우, 에 진출한4, 에 진출할팀, 에 진출한12, 에서 진출한팀, 에 진출한경우, 에 진출한조, 에 진출한바, 에 진출했기, 에 진출함에, 까지 진출한다, 에 진출하겠, 에 진출한8, 이 진출하게, 에 진출한16, 으로 진출할때, 에 진출할1, 에 진출한모든, 에 진출할예정, 이 진출하며, 로 진출한팀, 으로 진출함===, 에 진출한3, 가 진출할수, 가 진출했다, 에 진출했음, 에 진출한열대, 에 진출함'', 로 진출할자격"
전,15541,28,11,86,"는 전하, 은 전하, 의 전하, 도 전한, 에 전해, 을 전하, 라고 전했, 을 전했, 과 전하, 는 전한, 의 전하는, 은 전했, 에게 전해, 는 전해, 가 전해, 가 전하, 에게 전했, 을 전해, 이 전해, 도 전하, 로 전하, 도 전했, 에서 전해, 를 전해, 고 전했, 를 전하, 이 전하, 에 전하, 와 전하, 처럼 전해, 을 전함, 로 전해, 를 전할, 이 전한, 이 전했, 은 전한, 으로 전해, 에게 전하, 까지 전해, 의 전함, 은 전함, 를 전한, 를 전했, 이라고 전했, 가 전한, 도 전해, 과 전함, 에서 전하, 에 전했, 만 전해, 로부터 전해, 은 전해, 이 전할, 으로 전하, 만 전하, 까지 전하, 부터 전해, 라고 전하, 을 전할, 에 전한, 에 전함, 에게 전한, 고 전하, 에 전할, 을 전한, 는 전함, 와 전함, 으로 전했, 에서 전사한, 는 전했, 의 전투함, 가 전했, 으로부터 전해, 로 전했, 으로 전함, 으로 전한, 이 전함, 로 전함, 도 전할, 에게 전할, 에서 전함, 로 전한, 라고 전해, 의 전차상륙함, 에서 전한, 의 전해"
피,15419,23,7,56,"에 피해, 에서 피해, 을 피하, 을 피했, 를 피해, 의 피해, 를 피하, 에게 피해, 으로 피해, 와 피해, 을 피해, 은 피할, 로 피해, 을 피할, 이 피하, 으로 피하, 를 피할, 이 피해, 은 피해, 도 피하, 는 피해, 도 피해, 에서 피할, 은 피하, 로부터 피하, 는 피할, 를 피했, 도 피했, 으로부터 피해, 이나 피해, 을 피한, 로 피했, 을 피함, 에 피하, 가 피해, 으로 피할, 는 피했, 과 피해, 를 피한, 이 피할, 까지 피해, 은 피했, 로부터 피해, 만 피해, 의 피할, 는 피하, 도 피할, 의 피하, 를 피함, 로 피하, 으로 피했, 가 피하, 보다 피해, 나 피해, 가 피할, 으로부터 피하"
활약,15377,20,62,175,"로 활약한그, 으로 활약하였, 로 활약했다, 로 활약하는, 로 활약하고, 이 활약하고, 이 활약했다, 으로 활약하는, 로 활약했는데, 에 활약하던, 에서 활약하기, 에서 활약하고, 로서 활약하였, 로 활약했고, 으로 활약하고, 에서 활약한미국, 에 활약한무장, 에서 활약한독일, 으로 활약한다, 도 활약하였으며, 로 활약하며, 에서 활약하게, 도 활약하였, 으로 활약했던, 에서 활약하던, 으로 활약했다, 에서 활약하면서, 이 활약하였, 으로 활약하던, 으로서 활약하는, 가 활약하였, 에서 활약하는, 에서 활약하였으나, 로 활약하였, 로 활약하면서, 가 활약했던, 까지 활약한무장, 에서 활약했던, 에서 활약한적, 에서 활약할당시, 도 활약했다, 로 활약하였으며, 도 활약하며, 에 활약했던, 까지 활약하였, 을 활약한후, 에서 활약했다, 에서 활약한축구, 로 활약하여, 로 활약했던, 에서 활약하여, 으로 활약하여, 로 활약하다, 에서 활약한다, 에서 활약하였, 에서 활약하였으며, 로 활약했으며,, 에서 활약하며, 에서 활약했을, 가 활약하고, 에서 활약했으며,, 으로 활약하기, 로서 활약했다, 로 활약한다, 도 활약한다, 으로 활약하며, 도 활약하는, 에서 활약한선수, 에서 활약하다가, 으로 활약했으며,, 이 활약하며, 로 활약하던, 까지 활약하며, 에서 활약할기회, 으로서 활약하기, 에서 활약한것, 에서 활약했지만, 가 활약하는, 로 활약할수, 을 활약하며, 에서 활약할수, 으로 활약했는데, 도 활약했는데, 에서 활약한소련, 가 활약했다, 로 활약한전, 도 활약하고, 도 활약하기, 로 활약하다가, 로 활약했지만, 으로 활약하다, 로 활약하였으나, 에 활약했다, 에 활약하여, 으로 활약했지만, 으로 활약했고, 에 활약하였, 로 활약하기, 로 활약하게, 도 활약하게, 으로 활약하다가, 도 활약하여, 로 활약했으며현재, 에서 활약했고, 에서 활약한후, 에 활약하지, 로 활약했으나,, 으로 활약하였으며, 로 활약한적, 으로서 활약한다, 에서 활약한뒤, 로서 활약하고, 로서 활약하기, 을 활약하였, 의 활약한경기, 를 활약하여, 으로서 활약하고, 가 활약하던, 까지 활약했다, 로 활약한뒤, 으로 활약했었다, 이 활약하는, 으로 활약하였으나, 으로 활약한뒤, 으로 활약하지, 에서 활약할것, 까지 활약했던, 에서 활약했었다, 로서 활약하게, 에서 활약하다, 로 활약했었다, 에 활약하고, 으로 활약하면서, 까지 활약하고, 을 활약하고, 로서 활약하여, 에서 활약한일본, 에서 활약하지, 으로서 활약했다, 도 활약했고, 로 활약한후, 으로 활약하지만, 도 활약할수, 도 활약했던, 까지 활약했고, 에서 활약할때, 로서 활약하는, 에서 활약한바, 으로 활약한전, 으로 활약하게, 만 활약했는데, 로 활약한미국, 으로서 활약하였, 에 활약하는, 에서 활약했는데, 로서 활약한다, 로서 활약했고, 의 활약하는, 로서 활약했는데, 를 활약하는, 으로 활약한그, 를 활약하였, 에 활약한미국, 만 활약하였, 로 활약한바, 으로 활약했으나,, 에서 활약한그, 을 활약하여, 만 활약했다, 으로 활약한적, 로서 활약했지만, 을 활약했다, 을 활약하면서, 을 활약했고, 을 활약했는데"
수행,15272,18,85,147,"를 수행했으며,, 을 수행했다, 를 수행하며, 을 수행하는, 만 수행할수, 을 수행한다, 를 수행하는, 에서 수행하는, 을 수행했지만, 을 수행하기, 을 수행할수, 도 수행한다, 을 수행하게, 를 수행하여, 를 수행하기, 이 수행한실험, 을 수행하였, 를 수행하게, 을 수행하여, 이 수행했던, 를 수행하고, 이 수행한연구, 를 수행하지, 을 수행하면서, 을 수행하며, 에 수행할수, 을 수행할것, 에 수행하는, 를 수행할수, 를 수행했다, 을 수행하지, 을 수행하려고, 을 수행하고, 를 수행하던, 를 수행하여야, 를 수행하면서, 으로 수행할수, 를 수행한다, 을 수행하거나, 을 수행한뒤, 을 수행하고자, 을 수행하도록, 을 수행하던, 를 수행해야했, 을 수행했으며,, 를 수행하였, 을 수행했고, 가 수행하는, 을 수행한다음, 으로 수행하는, 을 수행한후, 을 수행할때, 를 수행한결과, 을 수행한결과, 이 수행하는, 을 수행하였으며, 을 수행하라는, 을 수행한것, 를 수행하였으며, 을 수행했을, 이 수행했다, 를 수행하겠, 을 수행했기, 를 수행하러, 을 수행해왔, 을 수행했다고, 를 수행한후, 도 수행하고, 으로 수행하여, 를 수행하는데, 를 수행하고자, 가 수행한다, 를 수행함에, 을 수행하는데, 이 수행한다, 을 수행해야하, 을 수행하면, 를 수행한것, 를 수행했지만, 을 수행했는데, 를 수행하도록, 에 수행한다, 으로 수행하였, 을 수행해야한다고, 을 수행하는지, 을 수행했다는, 을 수행했던, 도 수행했다, 을 수행하므로, 를 수행함으로써, 이 수행하던, 에 수행했다, 로 수행할수, 를 수행할능력, 을 수행하다가, 을 수행하다, 으로 수행했다, 을 수행하지만, 을 수행해야했, 으로 수행하기, 에서 수행할수, 을 수행하려면, 를 수행해야한다, 을 수행해오, 도 수행할수, 를 수행하지만, 를 수행했고, 를 수행하거나, 을 수행해야한다, 을 수행함에, 이 수행하였, 을 수행함으로써, 을 수행하려는, 를 수행했던, 도 수행하였, 에서 수행한다, 가 수행한연구, 으로 수행하고, 을 수행하였으나, 에서 수행하고, 으로 수행한다, 로 수행한다, 를 수행해왔, 를 수행할것, 를 수행하면, 를 수행할때, 를 수행하다, 를 수행해야하, 을 수행하여야, 로 수행하는, 만 수행하는, 를 수행했는데, 에 수행하고, 를 수행하다가, 도 수행하지, 를 수행할예정, 이 수행하고, 까지 수행했다, 에서 수행했다, 를 수행한뒤, 이 수행할수, 에서 수행한연구, 에서 수행하였, 까지 수행하였, 를 수행했다고, 가 수행하고, 에서 수행하지"
담당,15079,12,55,114,"을 담당했다, 가 담당한다, 를 담당하게, 를 담당했던, 를 담당하던, 을 담당하는, 을 담당한다, 를 담당했고, 을 담당하였, 을 담당하고, 를 담당하는, 에서 담당한다, 가 담당하는, 을 담당했던, 이 담당한다, 을 담당하며, 을 담당해왔, 를 담당했다, 를 담당하고, 도 담당하였, 를 담당한다, 을 담당하게, 이 담당하였, 을 담당하던, 를 담당하였, 을 담당했으며,, 를 담당하며, 을 담당하도록, 이 담당하고, 가 담당했다, 을 담당하였으며, 을 담당했다고, 을 담당하기, 을 담당하여, 가 담당하고, 를 담당한것, 를 담당하도록, 에서 담당하고, 을 담당함으로써, 이 담당하는, 을 담당할수, 도 담당한다, 을 담당했고, 에서 담당하는, 을 담당했었다, 가 담당했으며,, 을 담당했기, 을 담당하거나, 도 담당하게, 을 담당하지, 을 담당하지만, 를 담당하면서, 를 담당하기, 를 담당하여, 을 담당하였으나, 을 담당한것, 가 담당하였, 이 담당하며, 가 담당하며, 가 담당하게, 을 담당할것, 이 담당했다, 를 담당함, 을 담당함, 으로 담당하게, 을 담당했는데, 에서 담당하였으며, 이 담당하게, 도 담당하고, 를 담당했으며,, 를 담당했었다, 으로 담당하는, 이 담당하던, 을 담당하면서, 을 담당했지만, 에서 담당하며, 를 담당할수, 까지 담당하고, 만 담당한다, 만 담당하고, 에서 담당했다, 를 담당하였으나, 에서 담당하였, 를 담당하였으며, 가 담당했던, 가 담당해,, 도 담당하는, 도 담당했다, 를 담당하지만, 을 담당했을, 가 담당하던, 가 담당하기, 이 담당했던, 이 담당하여, 에서 담당하게, 을 담당한바, 을 담당하는데, 를 담당했지만, 을 담당했으나,, 를 담당하지, 를 담당해온, 가 담당했고, 를 담당했는데, 을 담당해온, 가 담당하였으며, 으로 담당하고, 을 담당해준, 를 담당한라이트, 을 담당해오, 을 담당해,, 가 담당하여, 를 담당한일본, 을 담당한모리타, 를 담당한성우"
결정,15076,15,71,128,"을 결정했다, 을 결정하는, 로 결정하였, 을 결정하면서, 을 결정할수, 을 결정하고, 를 결정할수, 로 결정했다, 로 결정하고, 을 결정하지, 이 결정한다, 을 결정하기, 를 결정한다, 를 결정하는, 을 결정하였, 을 결정한다, 를 결정하자, 를 결정했다, 로 결정했으며,, 가 결정하는, 을 결정하며, 을 결정했는데, 으로 결정했다, 를 결정하며, 를 결정하고, 에서 결정한다, 를 결정하기, 를 결정하게, 로 결정하였으나, 을 결정하게, 로 결정한다, 로 결정하다, 를 결정하였, 로 결정함, 를 결정하지, 가 결정한다, 를 결정하면, 를 결정해야한다, 로 결정하면서, 으로 결정한다, 를 결정함으로써, 로 결정하여, 이 결정하는, 를 결정하면서, 을 결정하였으나, 을 결정했지만, 으로 결정하는, 으로 결정할수, 로 결정할수, 를 결정할것, 으로 결정하기, 을 결정하도록, 로 결정하게, 로 결정한것, 으로 결정하였, 을 결정해야하, 로 결정했을, 로 결정했고, 로 결정하자, 를 결정한것, 를 결정하겠, 을 결정했고, 을 결정하여, 로 결정하며, 을 결정하였으며, 에서 결정하는, 로 결정하는, 로 결정했다는, 를 결정할때, 가 결정할수, 으로 결정하고, 로 결정함에, 고 결정했다, 으로 결정하여, 를 결정하거나, 을 결정했다고, 을 결정할때, 로 결정하였으며, 로 결정하기, 의 결정하에, 를 결정했고, 를 결정하려고, 을 결정한것, 을 결정하는데, 을 결정하지만, 로 결정했으나,, 로 결정했다고, 를 결정하되, 를 결정하도록, 로 결정한후, 도 결정할수, 을 결정해야한다, 로 결정함으로써, 로 결정했는데, 를 결정하였으며, 를 결정하여, 를 결정하여야, 를 결정해야하, 을 결정했으며,, 로 결정했지만, 를 결정했다고, 으로 결정하도록, 가 결정하고, 을 결정한후, 를 결정한다는것, 를 결정한후, 을 결정한다(, 에 결정했다, 로 결정할때, 에 결정하기, 을 결정함에, 으로 결정한것, 을 결정함으로써, 을 결정하자, 을 결정한뒤, 을 결정하면, 로 결정했던, 로 결정했습니다, 로 결정하면, 를 결정하지만, 를 결정하는데, 로 결정했기, 을 결정하거나, 을 결정할것, 로 결정한뒤, 로 결정하지만, 를 결정함에, 를 결정하려는"
불구,14989,2,1,2,"도 불구하고, 에 불구하고"
졸업,14919,15,47,84,"를 졸업하였, 를 졸업했다, 를 졸업하고, 을 졸업하고, 에 졸업하였, 를 졸업할때, 을 졸업한뒤, 을 졸업한학생, 을 졸업한후, 를 졸업한후, 를 졸업했고, 를 졸업한뒤, 를 졸업하게, 를 졸업하였으며, 에 졸업하고, 을 졸업하였으며, 을 졸업했다, 를 졸업한학생, 에 졸업했다, 에 졸업한후, 으로 졸업하고, 으로 졸업했다, 를 졸업한다, 으로 졸업하였, 를 졸업한직후, 이 졸업하였, 을 졸업하였, 으로 졸업한후, 로 졸업하고, 으로 졸업하여, 을 졸업하여, 로 졸업했다, 를 졸업했지만, 으로 졸업한뒤, 를 졸업하거나, 를 졸업한사람, 를 졸업한자, 을 졸업한사람, 를 졸업한것, 를 졸업한지, 를 졸업하여, 를 졸업하는, 를 졸업한그, 을 졸업했고, 를 졸업했는데, 를 졸업하면, 을 졸업하면서, 를 졸업하면서, 로 졸업하였, 으로 졸업했고, 를 졸업하지, 로 졸업하여, 을 졸업한그, 으로 졸업했으며,, 로 졸업한뒤, 를 졸업한이후, 를 졸업했으며,, 를 졸업하자, 에 졸업했고, 을 졸업하는, 를 졸업하던, 를 졸업하자마자, 를 졸업하며, 에 졸업하여, 에 졸업한뒤, 을 졸업했으며,, 을 졸업한자, 에 졸업한다, 을 졸업한이후, 을 졸업하지, 를 졸업했다고, 으로 졸업한다, 로 졸업한후, 를 졸업하였으나, 를 졸업하기, 을 졸업할때, 을 졸업한다, 을 졸업하면, 가 졸업한후, 에서 졸업했다, 을 졸업하기, 를 졸업해,, 에서 졸업하였, 이 졸업했다"
운영,14882,16,48,117,"이 운영하는, 을 운영하는, 를 운영하고, 이 운영하고, 를 운영하는, 를 운영하였, 를 운영하면서, 을 운영하고, 에서 운영하고, 를 운영했다, 에서 운영한다, 을 운영하기, 이 운영하던, 가 운영하는, 에 운영하는, 에서 운영하던, 가 운영하고, 가 운영한다, 에서 운영하는, 를 운영한다, 을 운영하며, 으로 운영하는, 으로 운영했다, 을 운영해오, 을 운영할수, 를 운영하거나, 가 운영하던, 으로 운영하고, 로 운영한다, 를 운영하였으며, 를 운영하기, 으로 운영한다, 을 운영했다, 을 운영하다가, 으로 운영하기, 를 운영하여, 을 운영하면서, 를 운영하게, 을 운영한다, 을 운영하였, 로 운영하였, 을 운영하던, 가 운영하였, 으로 운영하면서, 를 운영하다가, 로 운영하고, 이 운영하며, 가 운영하며, 을 운영해왔, 까지 운영한다, 만 운영한다, 을 운영하지, 도 운영하고, 을 운영했으며,, 을 운영하여, 만 운영하고, 를 운영하며, 으로 운영하여, 는 운영하지, 로 운영하며, 을 운영했는데, 에 운영하고, 도 운영한다, 을 운영하였으며, 를 운영하지, 으로 운영할수, 이 운영했던, 를 운영하던, 에서 운영하게, 을 운영할때, 으로 운영하던, 에서 운영했던, 에서 운영하였, 만 운영하는, 을 운영한적, 를 운영했던, 로 운영하는, 에서 운영하다가, 도 운영했다, 이 운영했다, 까지 운영하였, 를 운영할수, 을 운영하게, 으로 운영하며, 이 운영하게, 으로 운영하게, 으로 운영하였, 까지 운영했다, 에서 운영하며, 를 운영하려는, 을 운영함으로써, 이 운영한다, 을 운영하였으나, 이 운영하였, 를 운영하였으나, 까지 운영하는, 을 운영했던, 을 운영했지만, 을 운영하거나, 까지 운영하고, 가 운영했던, 을 운영했고, 로 운영하기, 에서 운영하기, 를 운영했으며,, 에서 운영했다, 에 운영하던, 을 운영하는데, 까지 운영했던, 을 운영하다, 부터 운영하고, 을 운영했었다, 을 운영할계획, 를 운영했고, 로 운영했다, 가 운영했다, 가 운영했었던"
주장,14836,20,56,147,"를 주장하지, 을 주장하지, 을 주장하고, 가 주장하는, 을 주장한다, 을 주장하는, 을 주장하며, 로 주장하고, 을 주장했다, 를 주장했는데, 를 주장하게, 을 주장하자, 을 주장하였, 를 주장하며, 를 주장하는, 라고 주장했다, 이라고 주장했다, 고 주장했다, 을 주장하던, 라고 주장하기, 을 주장할수, 이라고 주장하면서, 이 주장한것, 을 주장하여, 을 주장하지만, 라고 주장하며, 을 주장한바, 는 주장하고, 을 주장했던, 을 주장해왔, 이 주장하던, 으로 주장하였, 고 주장하였, 라고 주장하였, 을 주장하였으나, 고 주장하자, 를 주장하였, 은 주장하였, 를 주장하여, 을 주장함으로써, 을 주장했고, 을 주장하거나, 라고 주장하고, 로 주장했다, 이라고 주장하며, 을 주장하는데, 를 주장했다, 을 주장하다, 고 주장하면서, 를 주장하자, 이 주장하는, 을 주장하기, 를 주장했으나,, 를 주장했고, 고 주장한다, 를 주장하기, 을 주장했으며,, 를 주장하고, 라고 주장한다, 으로 주장할수, 를 주장하였으며, 을 주장했는데, 을 주장한것, 을 주장해온, 를 주장해왔, 를 주장했으며,, 도 주장하였, 를 주장했다는, 을 주장했으나,, 을 주장했지만, 을 주장하면서, 를 주장하던, 가 주장한것, 을 주장하였으며, 을 주장했다는, 에서 주장하였, 가 주장한', 을 주장했다가, 을 주장할때, 를 주장할수, 으로 주장했다, 라고 주장하면서, 로 주장하였, 으로 주장하기, 도 주장한다, 을 주장하다가, 가 주장했던, 를 주장한것, 에서 주장하고, 고 주장하며, 를 주장한다, 이 주장하고, 에서 주장하는, 으로 주장하는, 이라고 주장하고, 고 주장했지만, 는 주장하였, 를 주장하였으나, 를 주장하다, 고 주장하는, 로 주장하는, 이라고 주장하였, 라고 주장하는, 도 주장했다, 은 주장한다, 을 주장한사람, 이 주장했던, 고 주장하고, 를 주장하면서, 을 주장하게, 이 주장하였, 가 주장하였, 고 주장하여, 라고 주장하여, 을 주장할것, 으로 주장하여, 고 주장했고, 를 주장했던, 를 주장했지만, 을 주장한반면, 로 주장한다, 이라고 주장하는, 라고 주장했고, 으로 주장한다, 는 주장한다, 을 주장했다고, 고 주장하기, 에 주장하였, 으로 주장하고, 을 주장했기, 를 주장하다가, 는 주장하기, 가 주장했다, 이 주장한바, 이라고 주장한다, 가 주장한바, 은 주장하고, 고 주장했으며,, 은 주장했다, 을 주장함, 를 주장함, 까지 주장했다, 가 주장하고, 는 주장했다, 를 주장하거나, 에서 주장했다, 를 주장하지만"
촬영,13795,14,46,67,"를 촬영하여, 를 촬영하면서, 를 촬영한사진, 에서 촬영한것, 을 촬영하는, 을 촬영하였, 에 촬영한사진, 을 촬영했으며,, 을 촬영했고, 을 촬영했다, 에서 촬영한사진, 를 촬영할때, 을 촬영하여, 을 촬영하기, 를 촬영하기, 을 촬영한것, 으로 촬영하였, 을 촬영하던, 이 촬영한사진, 으로 촬영한사진, 을 촬영하고, 로 촬영하였, 에서 촬영하였, 로 촬영한것, 를 촬영하는, 를 촬영했다, 를 촬영한다, 으로 촬영할수, 에서 촬영하기, 을 촬영할때, 을 촬영할수, 를 촬영하였, 을 촬영하거나, 가 촬영한것, 가 촬영한사진, 을 촬영한영상, 에서 촬영한영상, 을 촬영할당시, 에서 촬영한영화, 에서 촬영했다, 을 촬영한사진, 에서 촬영하는, 으로 촬영하는, 을 촬영했던, 을 촬영한후, 이 촬영하였, 를 촬영하던, 을 촬영해,, 이 촬영한것, 로 촬영하고, 을 촬영하면서, 로 촬영하기, 가 촬영했다, 을 촬영했는데, 을 촬영한다, 로 촬영했다, 를 촬영하고, 로 촬영할수, 를 촬영한것, 으로 촬영했다, 를 촬영할수, 로 촬영하는, 로 촬영한사진, 을 촬영하면, 에서 촬영한여의도, 가 촬영한'''', 로 촬영하였으며"
발견,13554,14,76,133,"을 발견하였, 을 발견하여, 을 발견함으로써, 가 발견하였, 도 발견하지, 이 발견하였, 을 발견했고, 을 발견하기, 로 발견했다, 를 발견한공로, 을 발견하고, 을 발견했다, 를 발견한것, 을 발견하는, 를 발견했다, 를 발견한사람, 을 발견한사람, 을 발견하게, 으로 발견한것, 를 발견하면, 을 발견할수, 를 발견하였, 을 발견한다, 를 발견할확률, 를 발견함으로써, 이 발견했고, 를 발견한다, 을 발견했다고, 을 발견한것, 을 발견했는데, 으로 발견하고, 을 발견했으며,, 를 발견하고, 를 발견하게, 도 발견하였, 을 발견해내, 을 발견하였으나, 이 발견했다, 에 발견하고, 을 발견한공로, 를 발견한이후, 을 발견하다, 를 발견하다, 를 발견하기, 을 발견함, 를 발견하여, 으로 발견했다, 를 발견했다고, 를 발견한후, 에서 발견할수, 를 발견할수, 으로 발견하였, 을 발견했으나,, 에서 발견한것, 를 발견했으며,, 을 발견했던, 을 발견했다는, 을 발견한이후, 로 발견하여, 을 발견한후, 가 발견하고, 가 발견한것, 을 발견해,, 에서 발견했다, 가 발견하여, 을 발견했습니다, 에서 발견하고, 를 발견한뒤, 을 발견하면서, 을 발견할것, 를 발견하지, 를 발견하려는, 을 발견하려는, 을 발견하자, 을 발견하지, 를 발견했지만, 이 발견한소행성, 에 발견하여, 를 발견했고, 이 발견하고, 를 발견했는데, 에서 발견한소행성, 를 발견하자, 이 발견하여, 을 발견하면, 를 발견하며, 을 발견했기, 를 발견하였으며, 로 발견하였, 을 발견했을, 를 발견하는, 을 발견하였으며, 가 발견하였으며, 을 발견할때, 은 발견하지, 를 발견하면서, 에 발견했다, 는 발견하기, 을 발견하였을, 으로 발견하여, 도 발견했다, 을 발견했지만, 를 발견했다는, 이 발견하였으며, 를 발견했을, 는 발견할수, 이 발견한것, 을 발견해냈다, 에서 발견하였, 에 발견하였, 가 발견했다, 을 발견한뒤, 에서 발견하여, 을 발견했으며이, 을 발견하지만, 을 발견하는데, 을 발견하곤, 가 발견한소행성, 도 발견할수, 로 발견하였으며, 는 발견하지, 이 발견했다고, 가 발견하지, 으로 발견하였으며, 에서 발견했다고, 에 발견할수, 을 발견하거나, 를 발견하는데, 를 발견해내, 를 발견하지만, 를 발견할때, 을 발견하며, 에서 발견한다"
형성,12815,9,55,78,"를 형성하지, 을 형성하고, 를 형성할수, 를 형성하기, 를 형성하는, 를 형성하고, 을 형성할수, 을 형성한다, 을 형성하는, 를 형성한다, 을 형성하여, 을 형성하게, 을 형성함), 를 형성했다, 를 형성하면서, 을 형성하기, 를 형성하게, 를 형성하였, 을 형성하지, 을 형성하면서, 을 형성하며, 을 형성했다, 을 형성하였, 을 형성하는데, 를 형성하여, 을 형성하였으며, 를 형성했고, 를 형성하는데, 을 형성해가, 를 형성하였으며, 을 형성했고, 를 형성한것, 을 형성하는지, 이 형성하는, 을 형성한것, 을 형성하지만, 을 형성하므로, 을 형성할것, 를 형성함으로써, 가 형성하는, 를 형성했다고, 을 형성할때, 을 형성했다고, 를 형성해가, 를 형성하며, 를 형성하지만, 를 형성하도록, 를 형성했는데, 를 형성하려, 으로 형성하는, 을 형성했던, 을 형성하고자, 를 형성했다는, 를 형성한후, 을 형성해나갔, 를 형성하려는, 을 형성하였으나, 을 형성함으로써, 을 형성했는데, 을 형성한후, 을 형성하려, 을 형성하거나, 를 형성했지만, 을 형성하도록, 을 형성했을, 를 형성해,, 이 형성하였, 를 형성하거나, 를 형성할때, 을 형성했으며,, 를 형성한다는것, 를 형성할것, 를 형성했던, 을 형성한다는것, 을 형성하면, 를 형성했으며,, 를 형성했을, 를 형성하면"
요구,12595,16,57,102,"을 요구하고, 를 요구하고, 를 요구하며, 을 요구하기, 를 요구하기, 을 요구하지, 를 요구했다고, 을 요구하였, 을 요구하게, 에 요구했다, 을 요구한다, 을 요구하며, 를 요구하지만, 을 요구하던, 을 요구하는, 를 요구하는, 를 요구하지, 을 요구할수, 을 요구했던, 을 요구하거나, 를 요구하여, 을 요구하면서, 를 요구했지만, 을 요구했다, 을 요구하자, 를 요구하였, 를 요구한다, 를 요구했다, 가 요구하는, 으로 요구하는, 을 요구하는데, 를 요구하게, 을 요구하다, 에서 요구하는, 을 요구했는데, 을 요구하지만, 를 요구하였으나, 을 요구하였으나, 를 요구할수, 를 요구할때, 를 요구하던, 를 요구했으나,, 을 요구했고, 을 요구하여, 에게 요구하는, 을 요구했으나거절, 에 요구하기, 를 요구하면서, 을 요구함에, 로 요구하는, 이 요구하는, 를 요구했기, 을 요구했지만, 에 요구하였, 으로 요구하였, 을 요구했다는, 를 요구했고, 으로 요구했다, 을 요구하다가, 을 요구한것, 을 요구했으나,, 를 요구했으며,, 도 요구하지, 에게 요구하였, 에 요구했지만, 를 요구하거나, 를 요구했는데, 을 요구했다고, 을 요구했기, 를 요구해왔, 에 요구하는, 을 요구함으로써, 을 요구하였으며, 을 요구할것, 을 요구할때, 를 요구하자, 를 요구하면, 고 요구했다, 으로 요구하고, 를 요구할것, 을 요구했다가, 을 요구하므로, 을 요구했을, 을 요구한바, 을 요구했으며,, 에게 요구했다, 를 요구한것, 을 요구해왔, 을 요구할권리, 에게 요구한다, 을 요구하도록, 도 요구했다, 를 요구하였으며, 이 요구했던, 를 요구했던, 를 요구했을, 을 요구한다(, 까지 요구하는, 을 요구한편송언, 를 요구함에, 을 요구하면, 를 요구한다"""
진행,12484,18,79,150,"을 진행하기, 를 진행했다, 를 진행하도록, 을 진행했던, 을 진행하는, 를 진행했고, 을 진행함에, 를 진행하고, 를 진행하였, 를 진행하기, 을 진행한다, 을 진행하였으며, 를 진행하면서, 을 진행했다, 를 진행해왔, 을 진행하였, 를 진행하는, 로 진행하였, 를 진행한다, 이 진행하는, 으로 진행한다, 을 진행하고, 을 진행했지만, 을 진행하여, 을 진행하거나, 가 진행하는, 가 진행하고, 를 진행했는데, 을 진행하면서, 를 진행하는데, 를 진행하였으며, 을 진행하던, 을 진행하며, 도 진행하였, 를 진행하여, 을 진행한적, 으로 진행하고, 을 진행하게, 을 진행한것, 으로 진행하게, 을 진행하지, 를 진행하며, 을 진행한뒤, 이 진행하였, 이 진행했고, 로 진행하는, 로 진행한다, 을 진행했으며,, 을 진행해오, 으로 진행하기, 으로 진행하는, 에서 진행하는, 를 진행했지만, 을 진행해왔, 으로 진행하여, 으로 진행하며, 을 진행한결과, 도 진행했다, 이 진행하던, 를 진행하겠, 를 진행하다가, 을 진행해야한다, 를 진행한것, 에서 진행하였, 를 진행해나가, 을 진행하는데, 를 진행한결과, 을 진행했고, 에서 진행하게, 도 진행하고, 까지 진행하는, 을 진행하다, 에 진행하였, 까지 진행했다, 를 진행했으며,, 으로 진행하였, 가 진행하였, 을 진행하도록, 에서 진행하고, 으로 진행할수, 으로 진행했다, 까지 진행한다, 로 진행하며, 를 진행한후, 을 진행해나가, 를 진행한바, 를 진행하였으나, 가 진행하던, 도 진행한다, 로 진행하게, 를 진행해야한다, 에서 진행한다, 를 진행하게, 로 진행하여, 를 진행하던, 로 진행하기, 는 진행하지, 을 진행하였으나, 가 진행하며, 은 진행하지, 에 진행하고, 에 진행할수, 로 진행하고, 을 진행하면, 를 진행하려, 을 진행하지만, 가 진행한다, 를 진행한적, 를 진행하지, 에서 진행하기, 을 진행하다가, 를 진행하다, 을 진행했으나,, 까지 진행하였, 을 진행했다고, 로 진행했다, 이 진행하였으며, 까지 진행하고, 이 진행하며, 에 진행했다, 로 진행할수, 를 진행했던, 이 진행했던, 이 진행하고, 을 진행했는데, 를 진행하면, 을 진행하겠, 에 진행한다, 에 진행하는, 에서 진행했던, 가 진행했다, 에서 진행했다, 이 진행했다, 가 진행했던, 을 진행한다고밝혔, 에 진행하던, 이 진행한다, 까지 진행하기, 를 진행한한국어, 를 진행한뒤, 까지 진행했던, 으로 진행하던, 을 진행했었다, 을 진행한바, 가 진행했고, 을 진행함, 을 진행한후, 를 진행했었다, 를 진행한관계, 을 진행함으로써"
구,12484,25,8,62,"를 구하, 을 구하, 를 구했, 을 구할, 를 구할, 을 구한, 에서 구한, 으로 구할, 가 구해, 으로 구하, 로 구할, 을 구했, 에서 구할, 를 구해, 를 구한, 을 구해, 이 구하, 이 구해, 도 구할, 의 구축함, 에서 구했, 로부터 구하, 에 구하, 에서 구하, 도 구하, 으로 구한, 은 구한, 을 구함, 만 구할, 은 구해, 으로부터 구하, 으로부터 구해, 는 구하, 으로 구해, 에서 구해, 은 구축함, 과 구축함, 가 구하, 로부터 구해, 를 구함, 에서 구축함, 로부터 구한, 이 구한, 와 구축함, 을 구축함, 이 구할, 는 구할, 로 구한, 에 구축함, 는 구축함, 가 구한, 로부터 구할, 에 구해, 로 구하, 에 구할, 에게 구해, 도 구해, 은 구하, 는 구해, 에게 구하, 으로 구축함, 도 구함"
일,12322,24,59,122,"으로 일하였, 에서 일하며, 에서 일했다, 으로 일하던, 의 일반해, 로 일하던, 로 일했다는, 으로 일하기, 에서 일하는, 으로 일했던, 로 일했다, 으로 일하는, 에서 일하기, 으로 일했다, 으로 일하게, 에서 일하여, 에서 일했던, 으로 일하였으며, 에 일하는, 으로 일하다가, 에서 일하고, 에서 일하였, 로 일하면서, 까지 일했다, 에서 일하게, 에서 일하면서, 에서 일하던, 로서 일했다, 로 일하기, 로 일하게, 로 일하였, 로 일하고, 에서 일할수, 로 일할수, 으로 일하며, 로 일하며, 에서 일한경험, 으로 일하고, 으로 일하면서, 에서 일했으며,, 로 일하다가, 에서 일하다가, 이 일하기, 로서 일하였, 로 일하는, 으로 일했고, 로 일한다, 이 일하는, 을 일하는, 에 일하던, 이 일하고, 로 일했고, 도 일했다, 에서 일한다, 가 일하던, 에서 일했고, 도 일하였, 로 일하다, 로 일하러, 는 일하는, 에 일하러, 과 일하는, 에서 일할것, 서 일하는, 로서 일하고, 에 일하기, 에서 일한뒤, 로 일할때, 에서 일하거나, 으로 일할때, 과 일하였, 에 일하였, 의 일하는, 에서 일해왔, 로 일한후, 에서 일하지, 으로 일했으며,, 로 일했으나,, 로 일했으며,, 에서 일하다, 으로 일한다, 에서 일하였으며, 으로 일한후, 로 일했는데, 에 일하고, 로 일해왔, 에서 일한적, 이 일했던, 에서 일하도록, 가 일하는, 가 일하고, 으로 일했는데, 도 일하여, 이 일하던, 로서 일하기, 에서 일하지만, 로 일했던, 는 일하고, 으로서 일하였, 가 일했던, 으로서 일하고, 에서 일할때, 과 일하고, 에서 일했었다, 로 일하였으며, 로 일했지만, 와 일하는, 로서 일하는, 에서 일한후, 에 일했던, 으로 일할수, 으로 일했지만, 에서 일했는데, 은 일하는, 로 일한바, 에서 일했지만, 로 일하여, 도 일하고, 으로 일하다, 로서 일했고, 로 일했었다, 을 일했다"
취,12267,16,6,46,"를 취하, 가 취하, 를 취했, 을 취하, 를 취해, 을 취한, 을 취할, 을 취했, 을 취함, 를 취한, 로 취하, 를 취할, 에 취해, 을 취해, 도 취한, 이 취해, 이 취하, 로 취한, 으로 취한, 가 취한, 에 취하, 이 취할, 도 취해, 에서 취한, 은 취하, 에 취한, 이 취한, 는 취하, 가 취할, 으로 취하, 가 취해, 만 취한, 에 취했, 만 취해, 를 취함, 으로 취해, 에서 취하, 도 취하, 도 취할, 으로 취할, 만 취하, 에서 취할, 이 취했, 의 취하, 에 취할, 로 취했"
비롯,12233,7,248,214,"를 비롯한많, 에서 비롯하였, 을 비롯한보수, 을 비롯하여, 를 비롯한여러, 를 비롯하여, 을 비롯한다양, 을 비롯한해외, 을 비롯한수많, 를 비롯한10, 을 비롯한이, 을 비롯해모든, 을 비롯한세계, 을 비롯한많, 을 비롯한총, 을 비롯한여러, 를 비롯한모든, 에서 비롯한것, 에서 비롯하여, 를 비롯한다양, 을 비롯한초기, 을 비롯한새로운, 을 비롯한몇몇, 을 비롯한중화, 를 비롯해,, 을 비롯한다수, 를 비롯한수많, 를 비롯한,, 를 비롯해모든, 을 비롯한주요, 을 비롯한각, 를 비롯한일본, 을 비롯한각종, 을 비롯한몇, 를 비롯한3, 를 비롯해많, 를 비롯한각종, 을 비롯해많, 를 비롯한12, 을 비롯한,, 를 비롯한대부분, 를 비롯한다른, 를 비롯한전, 을 비롯해3, 를 비롯한수도, 을 비롯한야당, 을 비롯한10, 를 비롯한주요, 을 비롯한서방, 를 비롯한인도, 을 비롯한모든, 을 비롯한대부분, 을 비롯한영국, 을 비롯한국제, 을 비롯한대, 을 비롯한일부, 을 비롯한중국, 을 비롯한다른, 을 비롯한5, 을 비롯해그, 를 비롯한정부, 을 비롯한구, 을 비롯한기타, 를 비롯한그, 을 비롯한연합국, 를 비롯한동료, 를 비롯한소수, 을 비롯한불교, 을 비롯한신, 을 비롯해다양, 을 비롯한미국, 을 비롯한중요, 을 비롯한공산주의, 을 비롯한서양, 을 비롯한12, 를 비롯해다양, 을 비롯한당시, 을 비롯한전, 을 비롯한11, 를 비롯한그리스, 을 비롯한서구, 를 비롯한중국, 을 비롯한북한, 를 비롯한시민, 을 비롯한대한민국, 을 비롯한주변, 을 비롯해서,, 을 비롯해《, 를 비롯한관련, 을 비롯한그, 에서 비롯한다, 을 비롯해,, 를 비롯한일련, 를 비롯한지역, 을 비롯해일본, 를 비롯한불교, 을 비롯한수, 를 비롯한4, 를 비롯한5, 를 비롯한전국, 을 비롯한일본, 을 비롯한4, 를 비롯한국가, 를 비롯한몇, 을 비롯해중국, 를 비롯한국내, 을 비롯한아시아, 를 비롯한신, 을 비롯해여러, 을 비롯한19, 을 비롯해다수, 를 비롯한주변, 에서 비롯했다, 에서 비롯한이름, 를 비롯한고대, 을 비롯한동아시아, 를 비롯한다수, 을 비롯한국내, 를 비롯한7, 를 비롯한세, 를 비롯한프랑스, 를 비롯한기타, 서 비롯한다, 를 비롯해다른, 를 비롯한세계, 을 비롯한유럽, 을 비롯한선진국, 를 비롯한일부, 를 비롯한6, 을 비롯한프랑스, 를 비롯해여러, 를 비롯한총, 를 비롯한가족, 를 비롯해수많, 를 비롯한조정, 를 비롯한각, 을 비롯한한국, 를 비롯한이탈리아, 을 비롯한전국, 를 비롯한9, 를 비롯한초기, 를 비롯한몇몇, 를 비롯한서양, 를 비롯한유럽, 을 비롯해다른, 를 비롯해서,, 을 비롯한2, 을 비롯해모두, 을 비롯한디지털, 을 비롯한서울, 를 비롯한한국, 를 비롯해각종, 을 비롯한8, 를 비롯한영국, 를 비롯한현대, 을 비롯해울릉도, 을 비롯한연합군, 를 비롯한', 을 비롯한사회, 을 비롯해세계, 에서 비롯했다고, 을 비롯한6, 을 비롯한각국, 을 비롯한제, 을 비롯해총, 을 비롯한지역, 를 비롯한미국, 를 비롯한각국, 를 비롯한2, 을 비롯해미국, 을 비롯해이, 을 비롯해전, 을 비롯한7, 을 비롯한3, 를 비롯한아랍, 를 비롯해전, 을 비롯한조선, 를 비롯한자신, 를 비롯한이, 를 비롯해몇몇, 를 비롯한8, 을 비롯한《, 을 비롯한독일, 을 비롯한15, 을 비롯해수많, 을 비롯해각종, 을 비롯한정부, 을 비롯한옛, 를 비롯한역사, 을 비롯한9, 를 비롯한대, 를 비롯한인근, 를 비롯한《, 서 비롯하였, 를 비롯한사회, 을 비롯한가족, 을 비롯한나머지, 를 비롯한독일, 을 비롯해각, 를 비롯한동남아시아, 을 비롯한유명, 를 비롯한국제, 을 비롯해4, 을 비롯한세, 를 비롯해총, 를 비롯해미국, 를 비롯해다수, 를 비롯한기존, 을 비롯해국가, 에서 비롯한말, 를 비롯해"", 를 비롯해3, 을 비롯한중동, 을 비롯한자세"
공격,12227,17,92,163,"를 공격한다, 를 공격한것, 에서 공격할수, 을 공격하기, 를 공격하다, 을 공격하는, 를 공격했다, 으로 공격했다, 으로 공격하였, 를 공격하기, 을 공격하여, 를 공격하고, 에서 공격하기, 를 공격하면서, 을 공격했던, 을 공격하며, 에서 공격하는, 을 공격하였, 을 공격하려고, 를 공격하였, 을 공격하다, 을 공격하면서, 을 공격했다, 을 공격하던, 을 공격하고, 을 공격한다, 에 공격하는, 에 공격한다, 를 공격했고, 를 공격하려고, 를 공격하여, 을 공격해온, 를 공격할수, 을 공격하려는, 를 공격하려, 에서 공격해오, 을 공격했고, 를 공격하자, 을 공격했으나실패, 을 공격한것, 을 공격해왔, 를 공격하게, 을 공격함으로써, 을 공격하자, 을 공격하게, 를 공격하러, 를 공격하려는, 을 공격해점령, 을 공격하거나, 를 공격한일곱, 을 공격하니, 을 공격하려, 를 공격하고자, 를 공격하라고, 을 공격하였으나, 를 공격하지만, 으로 공격하기, 를 공격하던, 을 공격할때, 를 공격할준비, 를 공격해멸망, 를 공격했으나실패, 를 공격하지, 에서 공격하여, 를 공격하는, 로 공격하는, 으로 공격할수, 을 공격하자고, 를 공격하다가, 을 공격했다는, 을 공격해오, 를 공격하라, 을 공격하도록, 을 공격하고자, 를 공격했다는, 을 공격하였으며, 을 공격할수, 를 공격해오, 을 공격했다가, 를 공격해함락, 를 공격했지만, 을 공격할것, 를 공격할계획, 을 공격하지만, 을 공격했지만, 는 공격하지, 이 공격해오, 으로 공격한다, 을 공격하지, 를 공격하거나, 을 공격할경우, 에 공격했다, 를 공격하였으며, 이 공격하는, 으로 공격하는, 을 공격하다가, 를 공격할것, 를 공격하도록, 를 공격했는데, 으로 공격하며, 도 공격하였, 를 공격하였으나, 를 공격할때, 을 공격했을, 를 공격하면, 으로 공격하여, 를 공격하며, 에 공격할수, 을 공격해함락, 을 공격할계획, 을 공격하면, 으로 공격하고, 을 공격한후, 도 공격할수, 을 공격하라, 을 공격하라는, 를 공격하라는, 을 공격할준비, 를 공격해왔, 을 공격했으나,, 로 공격한다, 만 공격할수, 가 공격해오, 을 공격하였을, 로 공격할수, 를 공격했을, 를 공격했던, 를 공격함으로써, 를 공격했다가, 을 공격하러, 를 공격해점령, 을 공격한사건, 로 공격하기, 가 공격하는, 은 공격하지, 을 공격했다고, 도 공격한다, 로 공격하였, 에서 공격했다, 로 공격했다, 으로 공격해왔, 이 공격하지, 을 공격했는데, 이 공격하여, 을 공격하라고, 을 공격하겠, 으로 공격해오, 를 공격했으나,, 이 공격하기, 를 공격해,, 을 공격해그, 를 공격한후, 을 공격하려던, 를 공격해온, 를 공격했다고, 로 공격하여, 을 공격했으며,, 을 공격해들어갔, 를 공격했으며,, 로 공격하며, 를 공격하겠, 를 공격하였을, 도 공격했다"
개발,12019,15,156,172,"을 개발하는, 에서 개발하여, 을 개발했고, 를 개발한후, 을 개발하게, 에서 개발하고, 을 개발하여, 를 개발하는, 을 개발하기, 를 개발했다, 을 개발했다, 를 개발하였, 에서 개발하였, 을 개발할것, 가 개발하였, 를 개발할때, 을 개발하였, 을 개발하고, 를 개발하기, 에서 개발한웹, 를 개발하여, 를 개발한것, 가 개발했다, 로 개발하기, 이 개발하고, 를 개발하지, 을 개발한다, 를 개발하고, 가 개발하고, 가 개발한것, 이 개발하여, 을 개발할때, 을 개발하다, 을 개발한것, 를 개발해왔, 를 개발하였으며, 을 개발하지, 이 개발하는, 이 개발하였, 으로 개발하였으며, 가 개발한컴퓨터, 을 개발했던, 를 개발하는데, 에서 개발하는, 가 개발했던, 를 개발하면서, 에 개발하고, 로 개발한것, 을 개발할수, 를 개발할수, 을 개발하겠, 을 개발했는데, 를 개발했지만, 도 개발하였, 을 개발하면서, 에서 개발한게임, 을 개발해내, 가 개발하였으며, 을 개발하려는, 을 개발했을, 으로 개발하였, 를 개발하며, 에 개발했다, 으로 개발하는, 로 개발하였, 로 개발하여, 을 개발해냈, 도 개발했다, 을 개발하였으며, 이 개발했으며,, 이 개발하였으며, 을 개발해왔, 에서 개발한것, 를 개발하게, 에 개발하였, 가 개발한웹, 를 개발했던, 를 개발했고, 을 개발했다고, 을 개발해냈다, 을 개발했으며,, 를 개발하던, 으로 개발하여, 로 개발하는, 를 개발했다는, 로 개발하고, 이 개발한것, 가 개발한', 를 개발하였으나, 이 개발했던, 를 개발했으며,, 에 개발한것, 을 개발한공로, 를 개발했는데, 으로 개발하고, 가 개발하는, 을 개발하며, 으로 개발했다, 을 개발하도록, 을 개발함으로써, 가 개발한비디오, 를 개발한다, 도 개발하고, 을 개발하던, 이 개발한최초, 를 개발할것, 를 개발했다고, 에서 개발한1, 를 개발한사람, 에서 개발했다, 을 개발했다는, 을 개발하거나, 에서 개발하였으며, 을 개발하였으나, 으로 개발한것, 으로 개발하기, 로 개발했다, 에서 개발한3, 가 개발하여, 으로 개발할수, 를 개발하려고, 가 개발한게임, 가 개발한,, 가 개발한온라인, 이 개발했다, 가 개발한소프트웨어, 를 개발할계획, 를 개발해냈다, 가 개발한실시간, 에서 개발한음악, 으로 개발한게임, 가 개발한2, 을 개발할필요, 가 개발한윈도우, 를 개발하려는, 을 개발할계획, 가 개발했으며,, 을 개발하려고, 가 개발한안드로이드, 을 개발할예정, 을 개발하고자, 를 개발함으로써, 가 개발한고속, 을 개발했지만, 가 개발한모바일, 가 개발한Wii, 에 개발하여, 가 개발한1, 이 개발한게임, 가 개발한액션, 가 개발한3, 가 개발한오픈, 가 개발한일본, 를 개발해,, 에서 개발한아케이드, 가 개발한그래픽, 가 개발한아케이드, 에서 개발했으며,, 을 개발한후, 가 개발한《, 가 개발한사유, 이 개발한모바일, 을 개발했음, 를 개발한공로, 이 개발한안드로이드, 에서 개발한모바일, 를 개발하도록, 가 개발한이, 에서 개발한디젤, 에서 개발한코로나, 가 개발한코로나, 이 개발한코로나"
유명,11935,25,121,133,"이 유명하다, 으로 유명하다, 으로 유명했다, 가 유명해지, 에 유명해지, 로 유명하다, 도 유명했다, 로 유명한데,, 의 유명한수학자, 로 유명했던, 가 유명하며, 로 유명한미국, 가 유명하다, 으로 유명한데,, 으로 유명한곳, 이 유명하여, 도 유명하다, 로 유명하며, 로 유명하지만, 으로 유명하게, 은 유명하다, 는 유명하다, 으로 유명해졌다, 에 유명해졌다, 으로 유명하며, 으로 유명하여, 도 유명하여, 도 유명하며, 로서 유명하며, 로 유명한일본, 으로 유명했던, 으로 유명하지만, 로 유명한작가, 이 유명하며, 로 유명했다, 도 유명하였, 로 유명하고, 으로 유명하였, 의 유명한작품, 이 유명한데,, 도 유명한데,, 가 유명한데,, 의 유명한저서, 로 유명한곳, 도 유명하지만, 가 유명하고, 의 유명한화가, 으로 유명한', 로서 유명하다, 로 유명해졌다, 으로 유명한인물, 로 유명한것, 에서 유명하다, 의 유명한말, 이 유명하고, 으로 유명한지역, 으로 유명하고, 로 유명하였으며, 이 유명하였, 로서 유명하고, 으로 유명하였으며, 에서 유명했던, 의 유명한시인, 의 유명한건축가, 로 유명했는데, 으로 유명해지, 로 유명하여, 의 유명한작가, 으로서 유명하다, 의 유명한예, 으로 유명한배우, 를 유명하게, 로 유명했으며,, 으로 유명하기, 으로 유명한프랑스, 로 유명한영국, 으로 유명한미국, 의 유명한소설, 로 유명한인물, 으로 유명한작가, 으로 유명함, 이 유명했다, 에서 유명해졌다, 로 유명한도시, 로 유명함, 으로 유명한독일, 을 유명하게, 이 유명해졌다, 이 유명하게, 는 유명한말, 의 유명한인물, 의 유명한동물, 의 유명한예술가, 으로 유명한이, 이 유명하지만, 로 유명했고, 로 유명한프랑스, 으로 유명한영국, 으로 유명했고, 으로 유명한것, 로 유명해졌고, 으로 유명한도시, 으로 유명한이탈리아, 이 유명해지, 으로 유명했는데, 로 유명하게, 으로 유명해졌으며,, 의 유명한장군, 의 유명한학자, 은 유명한일화, 에 유명하다, 으로 유명한일본, 에 유명했던, 으로 유명했으며,, 로 유명했지만, 의 유명한영화, 의 유명한시, 도 유명해졌다, 에서 유명해지, 로 유명한이, 의 유명한"", 으로 유명한그, 로서 유명했다, 로 유명해지, 으로 유명했지만, 가 유명했다, 로 유명한그, 에서 유명하며, 으로 유명한사람, 으로 유명해졌고, 에서 유명한인물, 도 유명한그, 의 유명한나무"
달성,11928,14,64,95,"을 달성하였, 를 달성하고, 을 달성하기, 를 달성하는, 를 달성했으며,, 을 달성하며, 를 달성했다, 을 달성하고, 를 달성하기, 을 달성했다, 를 달성하였, 을 달성하는, 을 달성할수, 를 달성하며, 을 달성하려고, 을 달성하려는, 를 달성할수, 을 달성하지, 을 달성하게, 을 달성한뒤, 을 달성하고자, 을 달성한것, 을 달성하여, 를 달성했고, 를 달성하고자, 을 달성한다, 를 달성하여, 을 달성한선수, 을 달성했고, 를 달성한다, 를 달성하지, 을 달성하였으나, 에 달성하였, 를 달성하였으며, 를 달성하게, 으로써 달성할수, 을 달성함으로써, 을 달성했음, 를 달성한후, 으로 달성할수, 을 달성했지만, 로 달성했다, 을 달성하였으며, 을 달성한유일, 를 달성하면서, 을 달성하려, 을 달성하면서, 도 달성하였, 로 달성하였, 을 달성한후, 을 달성하면, 을 달성함과, 를 달성했지만, 은 달성하지, 을 달성했던, 를 달성했는데, 에 달성했다, 을 달성했으며,, 을 달성한첫, 을 달성했는데, 를 달성하였으나, 를 달성했을, 을 달성한바, 를 달성함으로써, 를 달성한것, 를 달성할시, 으로 달성하였, 를 달성할것, 을 달성했다고, 을 달성하려면, 을 달성할것, 을 달성했을, 도 달성했다, 을 달성하도록, 에 달성할수, 도 달성하지, 를 달성하면, 는 달성하기, 을 달성하겠, 는 달성하지, 를 달성할때, 을 달성한최초, 를 달성한선수, 을 달성한투수, 에 달성한것, 를 달성하려는, 으로 달성하기, 는 달성할수, 를 달성하려면, 에 달성하는, 를 달성하도록, 를 달성했다고, 를 달성한최초, 를 달성한영화, 을 달성해야하"
설립,11731,13,83,127,"을 설립한뒤, 에 설립한기업, 를 설립하지, 를 설립했다, 를 설립하는, 을 설립하는, 을 설립하여, 을 설립하였, 를 설립하면서, 를 설립하였, 을 설립하였으며, 를 설립하고, 을 설립했다, 를 설립하여, 를 설립한것, 가 설립하여, 를 설립하기, 를 설립했는데, 를 설립하게, 에 설립하였, 를 설립하겠, 를 설립한다, 를 설립하다, 를 설립하였으며, 에 설립한''', 을 설립하고, 을 설립하였으나, 을 설립하다, 를 설립할것, 가 설립했다, 을 설립하기, 을 설립한것, 를 설립했고, 을 설립한다, 을 설립하게, 를 설립할수, 를 설립하며, 를 설립했지만, 을 설립했고, 을 설립하거나, 을 설립하려는, 를 설립함으로써, 를 설립한인물, 으로 설립하였, 이 설립하였, 에 설립했고, 을 설립하도록, 를 설립한이후, 가 설립하고, 이 설립하여, 이 설립한대한민국, 을 설립하며, 으로 설립하여, 를 설립했으며,, 이 설립한학교, 으로 설립했다, 로 설립하였, 으로 설립한것, 에 설립하여, 가 설립한학교, 가 설립하였, 로 설립하여, 에 설립하고, 를 설립했다고, 도 설립하였, 를 설립한후, 을 설립할것, 에서 설립하였, 를 설립해운영, 을 설립함으로써, 이 설립한', 가 설립한미국, 를 설립함, 에 설립하였으며, 을 설립하지, 를 설립할때, 가 설립한회사, 에 설립했다, 을 설립함, 를 설립하려고, 을 설립하면서, 를 설립하도록, 을 설립했다고, 를 설립하거나, 를 설립한뒤, 가 설립하였으며, 도 설립했다, 을 설립했으며,, 을 설립할때, 이 설립한국제, 가 설립했으며,, 를 설립하였으나, 가 설립했고, 에 설립한회사, 로 설립했다, 을 설립했는데, 이 설립하고, 을 설립했지만, 를 설립했을, 으로 설립하고, 을 설립해,, 을 설립할수, 를 설립하자, 를 설립해,, 를 설립하려는, 를 설립한사람, 로 설립하였으며, 가 설립한레이블, 이 설립한회사, 이 설립하였으며, 에서 설립했다, 을 설립한후, 이 설립했다, 에 설립했으며,, 으로 설립하였으며, 이 설립한미국, 를 설립할계획, 을 설립하고자, 을 설립한이후, 가 설립한대한민국, 가 설립한일본, 에 설립한것, 으로 설립한뒤, 에 설립한대한민국, 에서 설립하고, 에 설립했으며같, 에 설립한미국"
제,11687,23,5,30,"에서 제한, 를 제한, 을 제한, 으로 제한, 로 제한, 의 제한, 에 제한, 가 제한, 과 제한, 은 제한, 을 제의했, 는 제한, 를 제의했, 을 제하, 이 제한, 만 제한, 도 제한, 까지 제한, 의 제해, 을 제의하, 에게 제한, 이나 제한, 를 제하, 에 제의했, 와 제한, 보다 제한, 은 제해, 부터 제한, 로써 제한, 나 제한"
데뷔,11664,14,43,93,"에 데뷔하였, 에 데뷔하게, 가 데뷔하였, 로 데뷔한다, 으로 데뷔한다, 로 데뷔하기, 가 데뷔했다, 로 데뷔하였, 에서 데뷔했다, 이 데뷔하였, 이 데뷔했다, 으로 데뷔했고, 에서 데뷔한이후, 로 데뷔했으며,, 으로 데뷔했다, 에 데뷔했다, 로 데뷔하게, 에 데뷔했고, 로 데뷔했다, 도 데뷔하였, 로 데뷔하여, 으로 데뷔하였, 로 데뷔하였으며, 로서 데뷔했다, 로 데뷔했고, 에 데뷔한대한민국, 가 데뷔하기, 에 데뷔한그, 로 데뷔한후, 에 데뷔하는, 에서 데뷔하였, 에 데뷔하여, 에서 데뷔했고, 로서 데뷔하게, 으로 데뷔하고, 에 데뷔한후, 로 데뷔한대한민국, 로 데뷔했던, 에서 데뷔한뒤, 로 데뷔한뒤, 으로 데뷔하여, 으로 데뷔하였으며, 에 데뷔한이후, 에 데뷔하기, 에 데뷔하였으나, 에서 데뷔하여, 에서 데뷔했는데, 에 데뷔한지, 으로 데뷔하며, 에 데뷔하였으며, 로 데뷔해,, 로 데뷔한이후, 에서 데뷔했으며,, 로 데뷔했는데, 로 데뷔하였으나, 으로서 데뷔했다, 로 데뷔함*, 으로 데뷔하게, 에서 데뷔한후, 에 데뷔한다, 에 데뷔해,, 에 데뷔하면서, 에 데뷔했으며,, 으로 데뷔하였으나, 로 데뷔하면서, 도 데뷔하였으며, 에 데뷔했으나,, 에서 데뷔하였으나, 로서 데뷔하였, 에 데뷔했는데, 으로 데뷔하기, 에 데뷔한이래, 로 데뷔한이래, 로 데뷔하며, 에 데뷔한뒤, 으로 데뷔한뒤, 로 데뷔하는, 으로 데뷔했으며,, 로 데뷔한것, 으로 데뷔한이래, 에 데뷔한일본, 에 데뷔했지만, 로 데뷔하고, 로 데뷔할예정, 에 데뷔하며, 로 데뷔했지만, 도 데뷔했다, 에 데뷔한것, 으로 데뷔한후, 으로 데뷔하는, 로 데뷔한그, 에서 데뷔하였으며, 으로 데뷔한대한민국"
인정,11629,21,85,148,"을 인정하고, 도 인정하지, 을 인정하지, 로 인정하지, 를 인정할수, 로 인정하는, 이 인정하는, 를 인정하는, 으로 인정하지, 를 인정하였, 으로 인정하는, 을 인정함으로써, 으로 인정할것, 으로 인정했다, 로 인정하였, 로 인정한것, 을 인정한다, 을 인정하기, 를 인정하면서, 을 인정하는, 을 인정하였으나, 을 인정했다, 을 인정하려고, 는 인정하지, 로 인정하고, 로서 인정하지, 은 인정하지, 를 인정하고, 를 인정한것, 을 인정했지만, 으로 인정하고, 를 인정했고, 을 인정할수, 를 인정하지, 도 인정하고, 을 인정해주, 을 인정하였으며, 을 인정하면서, 으로 인정하기, 에서 인정하는, 로 인정하며, 로 인정한다, 는 인정했다, 를 인정하여, 가 인정하는, 를 인정하며, 을 인정하거나, 을 인정할것, 을 인정하였, 으로 인정한것, 는 인정하지만, 으로 인정했고, 를 인정했다, 로 인정하기, 은 인정하였, 를 인정해주, 로 인정하여, 으로 인정하였으며, 은 인정했지만, 를 인정하면, 은 인정했다, 으로 인정해주, 은 인정하지만, 를 인정하기, 을 인정하여, 으로 인정하며, 을 인정해달, 를 인정함으로써, 으로 인정한다, 를 인정한다, 을 인정하며, 으로 인정하여, 도 인정할수, 을 인정하려, 로 인정하였으며, 을 인정하게, 로 인정했다, 으로 인정하면서, 로 인정해줄, 을 인정했고, 를 인정하지만, 으로 인정하였, 를 인정할것, 을 인정하더라도, 도 인정하였, 로 인정하면서, 을 인정했으며,, 을 인정하지만, 로 인정할수, 을 인정해야한다고, 도 인정하는, 만 인정한다, 만 인정하는, 은 인정할수, 을 인정한것, 이 인정하지, 가 인정하지, 만 인정하고, 을 인정함에, 에서 인정하지, 으로 인정하게, 을 인정한후, 을 인정했다고, 으로 인정할수, 은 인정하면서, 를 인정했으며,, 을 인정해줄, 도 인정했다, 을 인정해야한다, 을 인정해야한다는, 을 인정하여야, 을 인정하자, 을 인정해준, 로 인정했지만, 을 인정하겠, 을 인정하면, 을 인정하려는, 라고 인정했다, 을 인정했을, 은 인정하고, 를 인정하게, 를 인정하도록, 을 인정한바, 을 인정한원심, 로 인정했고, 이 인정하고, 로 인정해주, 을 인정해야했, 로 인정하게, 은 인정하나, 는 인정할수, 을 인정했기, 을 인정하라고, 고 인정했다, 을 인정하되, 는 인정하고, 를 인정했다고, 을 인정할필요, 를 인정하였으나, 을 인정한사례, 을 인정했다는, 에서 인정하고, 가 인정하고, 을 인정하도록, 나 인정하는, 을 인정할때, 를 인정했지만, 로 인정할것"
입단,11570,8,40,54,"로 입단하였, 에 입단하였, 에 입단하기, 으로 입단했고, 에 입단했다, 로 입단하면서, 에 입단하며, 에 입단하는, 에 입단할수, 에 입단할때, 에 입단했을, 로 입단했다, 가 입단하였, 에 입단하였으며, 에 입단하게, 에 입단한후, 에 입단해프로, 에 입단하여, 에 입단한다, 에 입단한뒤, 에 입단했는데, 에 입단했지만, 으로 입단하여, 으로 입단했다, 이 입단하였, 에 입단하면서, 에 입단한그, 로 입단하며, 에 입단했고, 에 입단하고, 에 입단할당시, 로 입단하게, 에 입단한것, 에 입단해,, 로 입단하여, 에 입단하였으나, 로 입단했고, 에 입단했으나,, 에 입단한이후, 에 입단했으며,, 가 입단했다, 에 입단할것, 으로 입단하게, 에 입단한선수, 에 입단하지, 에 입단해활약, 으로 입단하였, 가 입단하면서, 로서 입단했다, 에 입단한첫, 에 입단한지, 에 입단하자마자, 으로 입단하는, 에 입단한40"
설치,11431,13,79,139,"을 설치하는, 를 설치하여, 에 설치하였, 를 설치할것, 을 설치하여, 를 설치하고, 를 설치해운영, 을 설치하였, 를 설치하였, 로 설치하였, 에 설치할수, 을 설치하고, 을 설치할수, 를 설치한다, 를 설치했고, 로 설치하여, 을 설치하게, 를 설치하는, 를 설치하거나, 를 설치하며, 을 설치할필요, 를 설치할수, 에 설치한다, 을 설치하기, 를 설치하지, 를 설치하다, 를 설치했다, 에 설치하기, 를 설치하여야, 에 설치하여, 를 설치하게, 을 설치했다, 을 설치하면, 으로 설치하는, 를 설치하면, 을 설치한것, 을 설치하도록, 을 설치했다가, 를 설치하기, 도 설치할수, 에 설치하고, 를 설치해야한다, 을 설치했다는, 에 설치하였으며, 을 설치하였으나, 을 설치하였으며, 을 설치했으며,, 으로 설치하고, 을 설치해놓, 를 설치했으며,, 을 설치했고, 를 설치한뒤, 을 설치한다, 을 설치해두, 도 설치했다, 을 설치했는데, 를 설치하도록, 에 설치하게, 을 설치하면서, 를 설치하였으나, 으로 설치할수, 를 설치했는데, 을 설치한뒤, 을 설치할것, 를 설치한것, 를 설치했다는, 을 설치하며, 으로 설치하였, 을 설치하지, 가 설치하는, 를 설치하였으며, 를 설치하면서, 를 설치함, 을 설치함, 으로 설치한다, 으로 설치하여, 에 설치하는, 로 설치하는, 를 설치할때, 에 설치할것, 를 설치해,, 를 설치함으로써, 를 설치하려면, 로 설치했다, 에 설치했다, 를 설치할계획, 을 설치할때, 에 설치했던, 을 설치할경우, 에 설치한폭탄, 을 설치하거나, 을 설치해야하, 도 설치하였, 을 설치함으로써, 에서 설치할수, 을 설치하자는, 를 설치하겠, 로 설치하고, 에 설치하면, 가 설치했다, 로 설치할수, 을 설치할계획, 을 설치했을, 을 설치해,, 을 설치하겠, 를 설치할경우, 을 설치할예정, 를 설치하려는, 를 설치한후, 에 설치해놓, 을 설치하자, 을 설치한후, 을 설치하려고, 를 설치할예정, 를 설치해놓, 를 설치했지만, 에 설치한것, 을 설치해운영, 를 설치했을, 는 설치하지, 를 설치했다가, 를 설치해야했, 을 설치한국가, 에 설치하도록, 을 설치했던, 에 설치한행정, 를 설치해두, 를 설치할필요, 를 설치했던, 을 설치했다고, 으로 설치했다, 에서 설치한중국, 에 설치한외국, 가 설치한로, 에 설치한총영사관, 에 설치한영사관, 에 설치한대사관, 에 설치한다른, 에 설치한홍콩"
실시,11192,16,81,146,"을 실시하고, 을 실시하는, 에서 실시한여론, 을 실시하다, 으로 실시한조사, 를 실시했을, 가 실시한여론, 을 실시하는데, 을 실시하면서, 을 실시하였으나, 을 실시했다, 를 실시하게, 을 실시했고, 를 실시하는, 를 실시하면서, 를 실시하여, 를 실시하였, 을 실시하였, 에 실시한다, 를 실시하고, 를 실시했는데, 에 실시했다, 을 실시한다, 를 실시했다, 를 실시한다, 으로 실시할수, 를 실시하며, 를 실시하였으나, 를 실시하기, 을 실시하며, 을 실시할것, 을 실시하려, 을 실시하여, 이 실시하고, 을 실시한후, 으로 실시하고, 을 실시하게, 를 실시하였으며, 에 실시하였, 로 실시하는, 으로 실시한설문, 도 실시하였, 를 실시함으로써, 를 실시하다, 를 실시해야한다, 을 실시했지만, 을 실시하던, 을 실시할수, 를 실시했던, 를 실시했고, 를 실시한결과, 를 실시할때, 을 실시하지만, 으로 실시하였, 을 실시하였으며, 가 실시한조사, 으로 실시하기, 을 실시하겠, 으로 실시한여론, 를 실시할것, 에 실시한여론, 을 실시하도록, 를 실시했지만, 로 실시한설문, 을 실시하자, 가 실시하고, 으로 실시한다, 으로 실시하는, 에 실시했던, 도 실시한다, 을 실시하기, 가 실시하는, 에서 실시하였, 에 실시하는, 을 실시하거나, 을 실시할때, 으로 실시한', 를 실시함, 을 실시함으로써, 에서 실시하는, 을 실시했으며,, 에서 실시하고, 에 실시한조사, 로 실시했다, 을 실시한결과, 에서 실시했다, 를 실시하면, 를 실시할수, 을 실시했는데, 을 실시하면, 로 실시하였, 를 실시했으며,, 를 실시하려고, 을 실시해,, 를 실시한이후, 이 실시하는, 에서 실시한', 은 실시하지, 를 실시하던, 으로 실시하여, 를 실시한후, 로 실시하고, 를 실시함에, 을 실시함, 을 실시한적, 도 실시했다, 을 실시하지, 를 실시한것, 에서 실시한설문, 를 실시하도록, 를 실시하겠, 도 실시하고, 에서 실시한연구, 는 실시하지, 이 실시한연구, 를 실시함과, 를 실시해,, 를 실시하지, 를 실시한뒤, 에 실시하기, 에서 실시한다, 이 실시한다, 을 실시한것, 으로 실시했다, 을 실시했다고, 을 실시하려고, 을 실시했으나,, 에서 실시했던, 을 실시했을, 를 실시하자, 를 실시하되, 에 실시하고, 을 실시해야한다, 로 실시한다, 를 실시하므로, 을 실시한뒤, 에서 실시한조사, 을 실시할예정, 만 실시하고, 을 실시하여야, 를 실시할예정, 를 실시하거나, 까지 실시한다, 를 실시해최다, 에 실시한2020, 에 실시할'''"
비슷,10928,23,201,221,"과 비슷하거나, 이 비슷하다고, 와 비슷하다, 과 비슷한성질, 와 비슷하게, 과 비슷하다, 와 비슷한일, 와 비슷한종류, 와 비슷한무게, 은 비슷하지만, 와 비슷하며, 이 비슷한다른, 와 비슷해보이, 와 비슷한원리, 와 비슷한기능, 과 비슷하며, 와 비슷한현상, 와 비슷하면서, 와 비슷한질량, 과 비슷한모양, 과 비슷하다고, 와 비슷한것, 과 비슷하지만, 과 비슷하게, 도 비슷하게, 와 비슷한구조, 와 비슷하다고, 과 비슷한경우, 와 비슷한방식, 도 비슷하다, 와 비슷한다른, 도 비슷한것, 으로 비슷하지만, 과 비슷한개념, 이 비슷하게, 과 비슷한구조, 과 비슷해보이, 과 비슷한점, 와 비슷하거나, 과 비슷하고, 와 비슷한말, 과 비슷한방법, 과 비슷하여, 와 비슷하나, 과 비슷해진다, 과 비슷한역할, 와 비슷한개념, 와 비슷하지만, 과 비슷한수준, 와 비슷한점, 과 비슷한것, 과 비슷한방식, 이 비슷하며, 을 비슷하게, 와 비슷한역할, 도 비슷한시기, 도 비슷했다, 과 비슷한양식, 와 비슷한시대, 과 비슷한G, 과 비슷한별, 과 비슷한항성, 와 비슷한행성, 과 비슷한가스, 가 비슷하여, 와 비슷한경우, 와 비슷한시기, 과 비슷하였, 이 비슷하고, 와 비슷한수준, 과 비슷한증상, 과 비슷했지만, 과 비슷했다, 와 비슷한사례, 와 비슷한분위기, 도 비슷하여, 과 비슷한형태, 이 비슷하다, 로 비슷하게, 과 비슷한양상, 와 비슷하다는, 이 비슷하여, 이 비슷하였, 는 비슷하다, 와 비슷한크기, 이 비슷하다는, 이 비슷한것, 도 비슷한상황, 와 비슷한모양, 과 비슷하다는, 과 비슷한현상, 과 비슷한규모, 가 비슷하며, 와 비슷한뜻, 과 비슷한질량, 가 비슷하게, 는 비슷한시기, 와 비슷하여, 와 비슷해지, 과 비슷한형식, 과 비슷한모습, 과 비슷한크기, 과 비슷한시기, 과 비슷하나, 와 비슷한데,, 과 비슷하기, 이 비슷하나, 와 비슷한형식, 와 비슷한위치, 과 비슷한상황, 와 비슷하고, 과 비슷한효과, 가 비슷했다, 과 비슷한특징, 이 비슷하지만, 가 비슷하다, 이 비슷한', 은 비슷하게, 와 비슷한형태, 이 비슷한경우, 도 비슷한결과, 와 비슷한면, 과 비슷한내용, 와 비슷한기술, 가 비슷한것, 가 비슷하거나, 과 비슷한성격, 와 비슷하기, 과 비슷한의미, 도 비슷하고, 가 비슷하기, 과 비슷한소리, 도 비슷한효과, 와 비슷한성향, 과 비슷한음식, 와 비슷한성격, 와 비슷한모습, 는 비슷하지만, 도 비슷한형태, 은 비슷하다, 도 비슷한방식, 와 비슷했다, 도 비슷한현상, 과 비슷한원리, 도 비슷한양상, 와 비슷한나이, 와 비슷할정도, 이 비슷하거나, 과 비슷한면, 와 비슷한양상, 과 비슷한데,, 와 비슷한형상, 와 비슷한디자인, 가 비슷하고, 는 비슷한크기, 와 비슷한성질, 과 비슷함), 와 비슷한이유, 와 비슷한내용, 은 비슷한시기, 이 비슷한시기, 가 비슷하지만, 과 비슷한게임, 과 비슷한느낌, 와 비슷한환경, 와 비슷한느낌, 과 비슷할정도, 과 비슷한,, 가 비슷하다는, 와 비슷한방법, 와 비슷했지만, 에 비슷하게, 도 비슷한일, 와 비슷한성능, 와 비슷한외모, 과 비슷한기능, 과 비슷한외형, 를 비슷하게, 와 비슷할것, 와 비슷함, 랑 비슷하다, 와 비슷한특징, 와 비슷한수, 과 비슷한외모, 와 비슷함), 과 비슷한색, 와 비슷한정도, 이 비슷하기, 와 비슷한', 은 비슷하나, 도 비슷한문제, 도 비슷하지만, 와 비슷한음식, 와 비슷한증상, 와 비슷한의미, 으로 비슷하다, 도 비슷한내용, 과 비슷한디자인, 와 비슷한스타일, 이 비슷했다, 에서 비슷하게, 와 비슷해졌다, 과 비슷할것, 과 비슷한스타일, 와 비슷한,, 과 비슷한맥락, 는 비슷하게, 과 비슷한유형, 과 비슷한이름, 와 비슷한외형, 과 비슷한정도, 과 비슷한과정, 과 비슷한특성, 에서 비슷하다, 가 비슷하다고, 과 비슷한맞배지붕, 와 비슷한용어, 과 비슷한팔작지붕, 와 비슷한인물, 와 비슷한여러, 으로 비슷하게"
구성,10816,11,50,80,"을 구성하는, 를 구성하는, 을 구성하고, 을 구성하기, 를 구성하였, 를 구성하고, 를 구성했고, 을 구성하게, 를 구성하게, 을 구성하여, 을 구성한다, 을 구성할수, 으로 구성하여, 를 구성할때, 를 구성한다, 을 구성했다, 를 구성했다, 을 구성함으로써, 를 구성하여, 를 구성할수, 를 구성했는데, 를 구성하며, 를 구성하기, 을 구성하며, 을 구성하였으나, 를 구성하던, 을 구성하였, 로 구성한것, 을 구성하던, 를 구성하는데, 으로 구성하기, 를 구성하면, 로 구성하였, 으로 구성하고, 을 구성했던, 를 구성하지, 을 구성할것, 를 구성할것, 로 구성했다, 으로 구성한다, 으로 구성할수, 를 구성하려는, 를 구성하거나, 을 구성했고, 을 구성하였으며, 로 구성한다, 로 구성하는, 으로 구성하며, 로 구성할수, 를 구성하면서, 을 구성하거나, 를 구성하였으며, 을 구성했지만, 을 구성하지만, 를 구성하도록, 를 구성한것, 을 구성하지, 으로 구성하였, 로 구성하고, 를 구성했으며,, 을 구성한것, 을 구성하는데, 을 구성할때, 을 구성하도록, 을 구성하자, 으로 구성하는, 를 구성했던, 으로 구성했다, 을 구성했는데, 이 구성하는, 으로 구성한것, 을 구성해야한다, 를 구성하지만, 을 구성하면서, 로 구성하여, 를 구성함으로써, 을 구성하려는, 를 구성한정당, 으로 구성하되, 를 구성한다*"
정,10699,19,11,52,"으로 정하, 를 정할, 를 정하, 을 정했, 이 정한, 으로 정했, 로 정했, 을 정하, 가 정하, 로 정하, 로 정해, 를 정한, 에서 정한, 을 정한, 를 정했, 이 정하, 가 정한, 을 정해, 을 정할, 가 정해, 는 정해, 으로 정해, 를 정해, 이 정해, 으로 정한, 로 정한, 을 정함, 로 정함, 에서 정해, 으로 정함, 에서 정하, 에 정하, 에 정해, 로 정할, 의 정한, 만 정해, 도 정해, 는 정하, 라고 정했, 에 정한, 도 정하, 의 정함, 으로 정할, 가 정했, 은 정해, 고 정하, 를 정함, 의 정하, 로써 정하, 은 정하, 에 정주한, 으로 정리함"
중요,10698,29,214,250,"도 중요한영향, 에서 중요한개념, 에 중요한역할, 은 중요한역할, 보다 중요한것, 에서 중요한역할, 이 중요하다, 에 중요하며, 로서 중요한역할, 로서 중요하다, 에 중요하다, 의 중요한정치, 도 중요하다, 의 중요한역할, 에서 중요하게, 은 중요하게, 에 중요한영향, 에 중요한공헌, 의 중요한부분, 이 중요한역할, 도 중요한위치, 도 중요한역할, 을 중요하게, 이 중요하게, 의 중요한일부, 의 중요한분야, 도 중요하지만, 에서 중요한의미, 도 중요한의미, 은 중요하다, 에 중요한요소, 에서 중요하다, 의 중요한발전, 의 중요한문제, 에 중요할수, 의 중요한수단, 으로 중요한위치, 에 중요하지, 의 중요한목적, 의 중요한작품, 가 중요하지, 이 중요하다는, 에게 중요한영향, 으로 중요하다, 로 중요한역할, 은 중요하며, 에 중요한것, 의 중요한도구, 으로 중요하며, 으로 중요한역할, 가 중요하다, 에서 중요한부분, 의 중요한장소, 의 중요한기초, 으로 중요한것, 도 중요하다고, 가 중요한역할, 이 중요한요소, 를 중요하게, 이 중요하지, 의 중요한원인, 이 중요함을, 의 중요한결정, 의 중요한개념, 에서 중요한이정표, 은 중요한지역, 에 중요한기여, 이 중요하다고, 의 중요한발견, 에 중요한업적, 는 중요하다, 는 중요한문제, 에서 중요하며, 이 중요했다, 의 중요한위치, 는 중요한것, 의 중요한단계, 도 중요하게, 에 중요하게, 이 중요하며, 가 중요하게, 에게 중요한것, 에 중요한자료, 는 중요하게, 의 중요한요인, 에서 중요한가치, 에서 중요한작품, 에서 중요하다고, 의 중요한차이점, 의 중요한특징, 의 중요한사건, 에 중요한변화, 의 중요한순간, 보다 중요하다고, 에서 중요한인물, 에 중요한단서, 에서 중요한점, 의 중요한기능, 의 중요한기여, 으로 중요하지, 의 중요한근원, 에서 중요한위치, 에서 중요한것, 에 중요한위치, 의 중요한요소, 의 중요한경제, 으로 중요해졌다, 은 중요하지, 가 중요하고, 보다 중요하다, 으로 중요한가치, 으로서 중요한문화, 의 중요한지표, 의 중요한산업, 서 중요한것, 이 중요한것, 의 중요한교통, 는 중요하지, 으로 중요하게, 에서 중요한자료, 이 중요한문제, 의 중요한한, 은 중요한산업, 에서 중요한요소, 로서 중요한위치, 으로 중요한도시, 의 중요한역사, 의 중요한연구, 으로 중요한의미, 가 중요하다고, 의 중요한수입원, 의 중요한항구, 의 중요한과제, 이 중요한산업, 에 중요한작품, 가 중요한이유, 에 중요한부분, 가 중요한것, 의 중요한점, 에서 중요한비중, 의 중요한특성, 으로 중요한자료, 의 중요한측면, 이 중요한데,, 의 중요한요새, 의 중요한목표, 의 중요한곳, 의 중요한전환점, 가 중요하다는, 의 중요한예, 의 중요한거, 의 중요하고, 의 중요함을, 의 중요한공업, 에 중요한가치, 의 중요한중심지, 의 중요한도시, 이 중요해지, 에서 중요한산업, 가 중요하며, 은 중요한의미, 로 중요하게, 의 중요한건물, 의 중요한구성, 으로 중요한지역, 에 중요했다, 에 중요한의미, 로 중요하다, 가 중요해지, 의 중요한변화, 이 중요한위치, 보다 중요하게, 가 중요해진다, 에서 중요한연구, 이 중요한경우, 은 중요한요소, 의 중요한결과, 은 중요한문제, 에서 중요한의의, 에서 중요한업적, 으로서 중요한역할, 의 중요한공헌, 에서 중요한문제, 의 중요한차이, 에게 중요하다, 에 중요한학술, 의 중요한자료, 으로 중요한장소, 이 중요해진다, 으로 중요한스위스, 으로 중요한곳, 에 중요한지역, 에 중요하고, 으로 중요하고, 의 중요한전략, 으로서 중요하다, 의 중요한경기, 이 중요한이유, 가 중요하기, 이 중요해졌다, 가 중요한문제, 의 중요한전투, 이 중요한부분, 의 중요한이정표, 는 중요한역할, 도 중요했다, 이 중요했기, 도 중요하며, 에서 중요하지, 의 중요한인물, 도 중요한것, 의 중요한원천, 에 중요한인물, 가 중요한요소, 에서 중요한사건, 에 중요하다는, 의 중요한상업, 이 중요하기, 이 중요한과제, 이 중요하고, 에서 중요하고, 이 중요하였, 에 중요하다고, 으로 중요했다, 으로 중요하다고, 의 중요한군사, 의 중요한사례, 이 중요하지만, 의 중요한내용, 로 중요한것, 도 중요한가치, 이 중요하므로, 도 중요한요소, 에 중요한정보, 에서 중요한전환점, 의 중요한주제, 에 중요한기능, 으로 중요한"", 에서 중요한단계, 의 중요한열쇠, 의 중요한축, 의 중요한지역, 도 중요한자료, 의 중요한문화, 의 중요한일, 의 중요한상징, 은 중요한것, 에 중요한유적, 로서 중요한가치, 은 중요하지만"
설명,10596,21,57,134,"를 설명하고, 을 설명하고, 를 설명하기, 을 설명한다, 를 설명한다, 을 설명하는, 을 설명하기, 을 설명하였, 라고 설명했다, 를 설명할수, 가 설명하는, 으로 설명하는, 를 설명하는, 을 설명할수, 으로 설명한다, 로 설명할수, 고 설명했다, 도 설명할수, 을 설명하지, 으로 설명할수, 을 설명할때, 를 설명하지, 는 설명할수, 를 설명해주, 를 설명하였, 를 설명했다, 을 설명했다, 도 설명했다, 를 설명할때, 로 설명하는, 에서 설명하기, 에서 설명하는, 으로 설명하면서, 을 설명하면서, 을 설명하고자, 를 설명하려, 을 설명하는데, 이라고 설명했다, 을 설명하려면, 으로 설명하였, 고 설명하였, 로 설명한다, 을 설명해줄, 으로 설명하기, 에서 설명하고, 라고 설명한다, 를 설명하며, 는 설명하기, 으로 설명하고, 은 설명했다, 고 설명하고, 으로 설명하려고, 으로 설명하려는, 를 설명함에, 고 설명한다, 를 설명해준다, 라고 설명하였, 을 설명해주, 에서 설명했듯이, 을 설명해준다, 으로 설명하고자, 를 설명해줄, 으로 설명하려, 을 설명하며, 로 설명했다, 을 설명했는데, 는 설명하지, 으로 설명하지, 도 설명하였, 로 설명하였, 를 설명한것, 를 설명하고자, 을 설명하려는, 는 설명했다, 를 설명하면서, 라고 설명하고, 을 설명했고, 을 설명한것, 에서 설명하였, 으로 설명한것, 으로 설명했다, 는 설명한다, 에서 설명했다, 을 설명하려, 을 설명하면, 으로 설명하면, 를 설명하는데, 을 설명하거나, 로 설명하기, 를 설명하려고, 을 설명하여, 에서 설명한다, 로 설명하고자, 로 설명하려는, 는 설명하였, 를 설명하려는, 로 설명하고, 를 설명하거나, 을 설명하려고, 에서 설명한바, 이라고 설명한다, 를 설명하지만, 에서 설명한것, 으로 설명하며, 로 설명하며, 만 설명할수, 이라고 설명하였, 에게 설명하는, 을 설명하도록, 이 설명하는, 에 설명할수, 을 설명하자, 에 설명하는, 는 설명하고, 을 설명한후, 을 설명한책, 이라고 설명하면서, 라고 설명하며, 에서 설명한대로, 이 설명할수, 도 설명한다, 가 설명한것, 에서 설명할수, 을 설명함으로써, 에게 설명했다, 를 설명했고, 에게 설명한다, 으로 설명하자면, 를 설명해야한다, 를 설명하면, 고 설명하면서, 이라고 설명하고, 를 설명함으로써, 을 설명해야한다"
결혼,10482,18,74,129,"과 결혼하였, 와 결혼하였, 와 결혼하여, 과 결혼했다, 와 결혼했는데, 와 결혼했다, 과 결혼하는, 에 결혼했다, 와 결혼했고, 와 결혼하면서, 은 결혼했다, 에 결혼하게, 에게 결혼하였, 와 결혼하지만, 와 결혼하고, 과 결혼하여, 와 결혼해슬하, 가 결혼하여, 에서 결혼하였, 과 결혼하게, 에 결혼하였, 와 결혼한뒤, 가 결혼했다, 와 결혼한상태, 와 결혼하기, 가 결혼하는, 와 결혼하는, 과 결혼한후, 과 결혼하기, 과 결혼했고, 는 결혼하지, 와 결혼한후, 과 결혼하면서, 으로 결혼하였, 과 결혼하였으나, 과 결혼해줘, 와 결혼한다, 과 결혼해아들, 과 결혼한것, 와 결혼했으며,, 와 결혼했으며슬하, 는 결혼하여, 와 결혼하였으며, 와 결혼했을, 와 결혼하려, 와 결혼한것, 와 결혼했으나,, 와 결혼하게, 이 결혼할때, 과 결혼했는데, 이 결혼하여, 은 결혼하고, 과 결혼하고, 와 결혼하자, 과 결혼한다, 과 결혼한뒤, 으로 결혼했다, 에 결혼하여, 와 결혼해아들, 에 결혼하였으나, 에 결혼하였으며, 과 결혼하였으며, 에 결혼했고, 와 결혼하였으나, 와 결혼했지만, 은 결혼하였, 에 결혼한다, 과 결혼하지, 과 결혼하면, 과 결혼할수, 과 결혼했으며,, 에게 결혼하여, 가 결혼할수, 은 결혼하여, 에서 결혼했다, 은 결혼하지, 도 결혼하지, 는 결혼했다, 에 결혼하고, 와 결혼함으로써, 가 결혼하지, 와 결혼했기, 과 결혼하며, 은 결혼했고, 에서 결혼하여, 과 결혼하겠, 와 결혼하면, 과 결혼해슬하, 과 결혼했을, 와 결혼해,, 과 결혼했지만, 과 결혼함으로써, 와 결혼하는데, 와 결혼할때, 와 결혼했다가, 와 결혼하며, 과 결혼했다는, 와 결혼하겠, 과 결혼했다고, 은 결혼하게, 와 결혼할것, 와 결혼해두, 와 결혼했다고, 와 결혼하도록, 엔 결혼할꺼, 와 결혼하려는, 도 결혼하고, 과 결혼할때, 와 결혼한이후, 가 결혼할때, 와 결혼하지, 는 결혼한지, 에서 결혼하고, 과 결혼할것, 로 결혼했다, 가 결혼하기, 은 결혼한지, 과 결혼했다가, 와 결혼할수, 에 결혼할예정, 는 결혼할수, 과 결혼한이후, 와 결혼했다는, 와 결혼했던, 과 결혼했으나,, 와 결혼할예정, 과 결혼하지만, 가 결혼한후, 는 결혼했고"
발매,10471,16,104,137,"를 발매하였, 을 발매한뒤, 로 발매하여, 를 발매하고, 를 발매한다, 을 발매하며, 을 발매하기, 가 발매한《, 을 발매하였, 를 발매했다, 를 발매하며, 를 발매했고, 을 발매했다, 을 발매하였으며, 에 발매한두, 를 발매해오리콘, 을 발매한이후, 을 발매하고, 을 발매하는, 을 발매했고, 에 발매했다, 를 발매하였으며, 를 발매했는데, 을 발매하면서, 를 발매한후, 을 발매하게, 에 발매한다, 를 발매하면서, 에서 발매하는, 으로 발매하였, 에 발매한《, 에 발매한닌텐도, 를 발매하게, 을 발매하여, 로 발매한다, 을 발매하는데, 으로 발매한다, 로 발매하였, 를 발매하기, 을 발매한후, 에 발매한앨범, 에서 발매하지, 에서 발매했다, 에 발매했고, 에 발매한〈, 로 발매했다, 에서 발매한싱글, 에 발매하는, 에 발매하였으며, 에 발매하였, 로 발매하는, 를 발매하여, 을 발매하였으나, 가 발매하였, 에서 발매하였, 을 발매했으며,, 을 발매한다, 으로 발매했다, 을 발매하지, 에 발매한싱글, 를 발매하였으나, 에 발매하여, 에서 발매한첫, 을 발매할것, 를 발매하는, 을 발매한다고발표, 에 발매한2, 을 발매했는데, 에서 발매한게임, 이 발매하였, 를 발매했지만, 을 발매할수, 를 발매했으며,, 에 발매한게임, 가 발매한액션, 을 발매할때, 를 발매해,, 를 발매한뒤, 로 발매했고, 을 발매할계획, 가 발매한음반, 도 발매했다, 에 발매한정규, 으로 발매한액션, 에서 발매한《, 가 발매한두, 로 발매하고, 를 발매할예정, 에서 발매하고, 에 발매한첫, 에서 발매한음반, 가 발매하고, 가 발매한첫, 가 발매한미국, 을 발매한바, 으로 발매하는, 에 발매하고, 을 발매할예정, 에 발매할것, 을 발매했지만, 로 발매하기, 도 발매하고, 에 발매한음반, 에 발매한세, 에 발매한네, 으로 발매하고, 에서 발매한다, 에 발매했던, 으로 발매하기, 에 발매한3, 에 발매한', 에 발매한아케이드, 에 발매할예정, 가 발매했다, 에서 발매한닌텐도, 에서 발매한앨범, 도 발매하였, 에서 발매한''', 를 발매해빌보드, 을 발매해타이틀, 에 발매했으며,, 으로 발매하였으며, 가 발매한닌텐도, 가 발매한영국, 에 발매한대한민국, 에 발매한다고발표, 으로 발매한음반, 에서 발매한미국, 가 발매하는, 에서 발매한마지막, 로 발매한음반, 에 발매한열, 가 발매한''', 에 발매한머라이어, 에서 발매한대한민국, 에 발매한버전, 에 발매한미국"
이적,9977,11,50,66,"으로 이적하기, 으로 이적하는, 에 이적했다, 로 이적하여, 로 이적할것, 으로 이적한뒤, 로 이적했다, 로 이적하였, 으로 이적하여, 로 이적한뒤, 로 이적했지만, 으로 이적하였, 으로 이적하게, 로 이적하면서, 로 이적한다, 로 이적했다가, 로 이적했고, 에 이적하여, 로 이적하자, 로 이적했으나,, 으로 이적했고, 로 이적하였으나, 으로 이적했지만, 로 이적하고, 로 이적하기, 로 이적하게, 에 이적하였, 로 이적하는, 으로 이적했다, 로 이적할때, 로 이적했는데, 으로 이적하고, 으로 이적하면서, 로 이적해2, 로 이적하며, 로 이적한것, 에 이적했는데, 로 이적한그, 로 이적한후, 로 이적했으며,, 로 이적하였으며, 으로 이적하였으나, 에 이적했고, 에 이적하면서, 로 이적해,, 로 이적함*, 에서 이적해온, 으로 이적한후, 로 이적함에, 으로 이적하며, 로 이적한이후, 으로 이적한이후, 에 이적하는, 으로 이적하였으며, 에 이적해,, 에 이적한이후, 로 이적했을, 로 이적하자마자, 로 이적해그, 로 이적해1, 로 이적해3, 에 이적한후, 에 이적했지만, 로 이적해활약, 으로 이적했으며,, 으로 이적한다"
반대,9969,16,48,123,"에 반대하는, 에 반대하였으며, 에 반대하였, 에 반대하면서, 을 반대하며, 을 반대한다, 에 반대했다, 을 반대하고, 을 반대하는, 에 반대하며, 을 반대하지, 을 반대하였, 를 반대하였, 에 반대하여, 을 반대했다, 으로 반대한다, 를 반대하지, 는 반대하였, 를 반대했다, 에 반대했던, 을 반대하지만, 를 반대한다, 에 반대하고, 를 반대했다는, 에 반대했고, 에 반대하던, 과 반대하는, 에 반대한다, 를 반대하는, 에 반대하다, 에게 반대하는, 을 반대했고, 을 반대하던, 을 반대하였으나, 에 반대하다가, 는 반대했다, 를 반대하던, 에 반대했지만, 이 반대하는, 이 반대하였, 를 반대하기, 에 반대하거나, 에 반대한것, 에 반대하였으나, 을 반대하면서, 은 반대하였, 은 반대했다, 에 반대하지, 에 반대해왔, 를 반대하자, 도 반대하였, 을 반대했던, 가 반대하였, 을 반대하거나, 로 반대했다, 을 반대하기, 를 반대하여, 이 반대하여, 을 반대했지만, 을 반대하여, 을 반대했는데, 도 반대하는, 을 반대할수, 가 반대하자, 도 반대했다, 를 반대했던, 를 반대하다가, 는 반대하지, 로 반대하였, 가 반대하여, 에 반대했으며,, 을 반대하였으며, 는 반대하였으나, 를 반대하고, 으로 반대하였, 을 반대했으나,, 으로 반대하고, 는 반대했지만, 에 반대한사람, 에 반대하기, 에 반대했다는, 으로 반대하는, 이 반대하고, 에 반대하지만, 도 반대한다, 에 반대했다고, 를 반대한것, 을 반대한것, 를 반대하였으나, 을 반대해왔, 를 반대하며, 는 반대한다, 에 반대한다는입장, 를 반대하였으며, 을 반대하다가, 에 반대한다"", 는 반대하는, 에 반대하자, 를 반대했고, 도 반대하지, 가 반대하는, 을 반대하다, 이 반대하면서, 를 반대했지만, 으로 반대하지, 에 반대할것, 에 반대했기, 이 반대했고, 이 반대했다, 은 반대하고, 에서 반대하는, 을 반대했다는, 를 반대하면서, 에 반대했으나,, 을 반대하자, 이 반대하자, 으로 반대했다, 에 반대하게, 가 반대했다, 에 반대했는데, 는 반대하고, 는 반대하지만, 도 반대하여"
패,9832,15,24,85,"에게 패하며, 에서 패한, 를 패하, 에게 패하, 에게 패하여, 로 패하여, 에 패하, 에게 패하고, 로 패하며, 이 패해, 로 패하자, 이 패하, 에게 패한, 으로 패하, 에게 패했, 에게 패하기, 에게 패하자, 에서 패하면서, 은 패했, 에서 패하고, 에 패해, 에서 패하며, 에서 패해, 에게 패해, 에서 패했, 로 패해, 으로 패했, 에서 패하여, 에서 패하, 은 패하고, 도 패하지, 에서 패하게, 는 패했, 가 패했, 가 패하자, 에서 패하자, 에 패했, 에게 패하면서, 로 패하, 으로 패한, 는 패하고, 로 패하면서, 에게 패하였으나, 이 패한, 은 패하, 에 패한, 가 패하여, 를 패한, 에게 패했으며,, 가 패한, 로 패하는, 로 패하였으나, 으로 패해, 도 패했, 에게 패할, 에게 패하는, 는 패하여, 에서 패하였으나, 로 패한, 에 패할, 가 패하고, 에게 패함으로써, 에서 패하는, 에서 패할, 로 패하고, 으로 패하는, 로 패했, 로 패할, 로 패하게, 에게 패하게, 이 패했, 은 패하여, 이 패할, 에 패하기, 도 패한, 을 패하, 에서 패함으로써, 는 패하, 을 패한, 는 패한, 에서 패하기, 가 패하면서, 에 패하는, 한테 패했, 도 패하면서"
달,9791,5,6,9,"에 달하, 에 달한, 에 달해, 에 달할, 에 달했, 을 달가워하, 까지 달했, 까지 달하, 를 달가워하"
변경,9526,13,57,99,"로 변경하였, 을 변경하였, 을 변경하고, 로 변경하고, 로 변경한것, 로 변경하는, 로 변경했다, 으로 변경하고, 으로 변경하였, 로 변경할수, 으로 변경할수, 을 변경할수, 를 변경하였, 를 변경한다, 으로 변경하여, 를 변경하지, 로 변경하기, 을 변경하는, 으로 변경하는, 을 변경하거나, 로 변경하여, 은 변경하지, 를 변경하는, 을 변경하여, 을 변경한이후, 으로 변경한다고발표, 을 변경했다, 로 변경함으로써, 을 변경하면, 로 변경하면서, 를 변경했다, 을 변경하면서, 으로 변경했다, 로 변경했다가, 을 변경하기, 로 변경한다, 으로 변경하면서, 을 변경하도록, 를 변경하면서, 을 변경할필요, 을 변경한다, 으로 변경하기, 을 변경해야하, 으로 변경한다, 으로 변경하게, 을 변경하였으며, 으로 변경하였으며, 을 변경했고, 를 변경하고, 를 변경하였으며, 을 변경했으며,, 를 변경하여, 을 변경하며, 으로 변경한후, 로 변경하게, 를 변경할수, 으로 변경했으며,, 로 변경하였으며, 을 변경한후, 로 변경하였으나, 으로 변경할것, 를 변경할것, 를 변경하게, 로 변경할것, 을 변경함, 는 변경할수, 을 변경했다가, 을 변경함으로써, 을 변경할것, 으로 변경했고, 을 변경함에, 를 변경하기, 을 변경한것, 로 변경함, 으로 변경할때, 를 변경함으로써, 을 변경하게, 으로 변경함, 를 변경하거나, 로 변경함에, 를 변경했으며,, 으로 변경한것, 를 변경하면, 를 변경했고, 을 변경하지, 를 변경함, 을 변경할때, 을 변경해,, 로 변경하며, 을 변경했지만, 로 변경한후, 로 변경했고, 를 변경한것, 로 변경해,, 을 변경했는데, 으로 변경함과, 를 변경할필요, 을 변경한뒤, 를 변경한후"
성립,9507,16,43,76,"만 성립하는, 가 성립하므로, 가 성립하지, 에 성립하는, 은 성립하지, 이 성립한다, 가 성립한다, 이 성립함에, 이 성립한다고하, 은 성립한다, 이 성립한다:, 만 성립한다, 이 성립하지, 도 성립한다, 가 성립하고, 이 성립함을, 이 성립한다면,, 이 성립할때, 으로 성립하지, 이 성립하기, 가 성립한다는것, 이 성립할수, 가 성립하려면, 을 성립하였, 이 성립하여, 이 성립하였, 이 성립하게, 이 성립하고, 는 성립하지, 가 성립하며, 이 성립하려면, 에서 성립하는, 이 성립하는, 가 성립하면, 에 성립하였, 이 성립했다, 으로 성립하였, 가 성립했다, 이 성립하는지, 이 성립하자, 가 성립하면서, 으로 성립하는, 를 성립하였, 가 성립하였, 가 성립함을, 가 성립하는, 가 성립한다면,, 이 성립하며, 를 성립하는, 이 성립한것, 이 성립한후, 에서 성립한다, 이 성립하면서, 이 성립하면, 에서 성립하지, 으로서 성립하였, 가 성립하게, 가 성립하기, 가 성립하여, 이 성립한다(, 으로써 성립하는, 가 성립한다*, 으로써 성립한다, 가 성립할때, 가 성립할수, 는 성립할수, 에 성립한다, 이 성립해야한다, 으로 성립한다, 로 성립한다, 는 성립한다, 로 성립하는, 에서 성립하며, 이 성립해,, 가 성립해,, 로 성립하게"
기여,9471,11,50,65,"에 기여했는데, 에 기여했다, 에 기여하고, 에 기여하는, 에 기여했다는, 에 기여하였, 에 기여하기, 에 기여한사람, 에 기여할것, 에 기여해왔, 에 기여함으로써, 에 기여했으며,, 에 기여한다, 에 기여했음, 에 기여한자, 에 기여했다고, 에 기여하였으나, 에 기여한점, 에 기여하고자, 으로 기여했다, 도 기여한다, 에 기여한공로, 에 기여한다는것, 에 기여하였으며, 에 기여할수, 에 기여한공적, 을 기여했다, 에 기여하면서, 에 기여하게, 에 기여하도록, 에 기여한바, 도 기여하였, 에 기여하며, 도 기여했다, 에 기여함을, 에 기여함과, 도 기여하고, 에 기여하지, 에 기여한뒤, 으로 기여하고, 를 기여하였, 에 기여한것, 에 기여하여, 를 기여했다, 도 기여할것, 에 기여했지만, 에 기여했고, 에 기여한개인, 에 기여한인물, 에 기여한업적, 에 기여했던, 에 기여한공, 도 기여할수, 에 기여했을, 에 기여할목적, 를 기여한다, 에 기여한후, 를 기여하고, 에 기여함, 으로 기여하였, 도 기여하는, 에 기여하거나, 으로 기여하는, 에 기여하는지, 에 기여함배우"
연결,9366,14,45,87,"을 연결하여, 를 연결하여, 를 연결하고, 을 연결하면, 를 연결하는, 을 연결해준다, 를 연결해주, 을 연결하는, 을 연결한다, 에 연결하는, 으로 연결하여, 에 연결하여, 와 연결하여, 에 연결하고, 와 연결할수, 에 연결할수, 을 연결한것, 을 연결하기, 으로 연결하기, 과 연결하여, 을 연결해주, 으로 연결하고, 와 연결한다, 과 연결한다, 를 연결한다, 로 연결하는, 를 연결할수, 을 연결하고, 와 연결하기, 와 연결하는, 과 연결하고, 과 연결하는, 으로 연결하는, 를 연결했다, 를 연결함으로써, 를 연결하기, 을 연결할수, 을 연결하며, 로 연결하여, 으로 연결하며, 을 연결함으로써, 로 연결하며, 을 연결하면서, 까지 연결하는, 에 연결할때, 를 연결하지, 으로 연결한다, 도 연결할수, 에 연결했다, 에 연결함으로써, 로 연결하고, 로 연결하였, 를 연결한것, 을 연결한선, 로 연결했다, 을 연결했다, 으로 연결해주, 로 연결할수, 를 연결하였, 과 연결할수, 로 연결하기, 으로 연결하였, 을 연결하였, 에 연결한다, 으로 연결할수, 로 연결한다, 와 연결하고, 를 연결하며, 까지 연결한다, 을 연결하던, 과 연결했다, 에 연결하기, 를 연결할때, 에 연결하면, 과 연결하기, 으로 연결했다, 를 연결하던, 와 연결하였, 와 연결했다, 를 연결하면, 로 연결한것, 까지 연결한선, 으로 연결한선, 를 연결한선, 와 연결한선, 을 연결한선내, 를 연결한해역"
운행,9307,15,40,133,"에서 운행하는, 를 운행하는, 이 운행하고, 에 운행하는, 에서 운행하고, 부터 운행하고, 만 운행하는, 에서 운행하며, 에 운행하며, 만 운행하며, 를 운행할수, 이 운행한다, 까지 운행하였, 을 운행하고, 만 운행하게, 으로 운행하는, 를 운행하고, 만 운행한다, 까지 운행한다, 으로 운행한다, 가 운행한다, 로 운행하는, 을 운행한다, 까지 운행하며, 에 운행하고, 로 운행하고, 을 운행하는, 를 운행한다, 이 운행하며, 까지 운행하는, 가 운행하고, 를 운행했다, 으로 운행하며, 이 운행하기, 를 운행하기, 를 운행하여, 만 운행하였, 로 운행하며, 가 운행하기, 에 운행하던, 로 운행할수, 에서 운행한다, 는 운행하지, 를 운행하였으며, 가 운행하며, 도 운행하고, 이 운행하지, 로 운행한다, 로 운행하다가, 에서 운행하였, 에 운행하였, 으로 운행하고, 을 운행하던, 을 운행하기, 만 운행했다, 에서 운행하던, 도 운행한다, 이 운행하는, 가 운행하지, 만 운행하고, 으로 운행하던, 으로 운행했다, 를 운행했던, 까지 운행하던, 가 운행하였으나, 을 운행했다, 까지 운행했다, 만 운행하기, 을 운행하게, 가 운행하였, 으로 운행하였, 으로 운행하기, 을 운행할수, 에 운행한다, 를 운행하였, 까지 운행하기, 으로 운행하게, 까지 운행하고, 가 운행할수, 을 운행하며, 으로 운행할수, 를 운행하며, 를 운행하지, 까지 운행하게, 은 운행하지, 를 운행하던, 가 운행하게, 으로 운행하다가, 으로 운행했던, 로 운행하게, 로 운행하지, 을 운행하였, 가 운행하는, 로 운행하였, 를 운행하면서, 이 운행하였, 에서 운행했던, 로 운행했다, 로 운행했던, 마다 운행한다, 으로 운행하지, 을 운행하지, 에 운행했던, 에 운행하기, 에서 운행하였으나, 에서 운행하다가, 을 운행하지만, 부터 운행하기, 에서 운행할수, 까지 운행할수, 가 운행했다, 에서 운행했다, 로 운행하기, 까지 운행했던, 로 운행하여, 가 운행했던, 도 운행했다, 를 운행하게, 이 운행하던, 가 운행하던, 가 운행했으며,, 에 운행하지, 로 운행하던, 을 운행했던, 까지 운행하지, 으로 운행할예정, 에서 운행하기, 에서 운행하게, 만 운행할수, 이 운행했다, 로 운행할예정, 가 운행했고, 으로 운행했고"
제작,9238,14,115,183,"을 제작했으며,, 을 제작하여, 을 제작하기, 으로 제작하였, 를 제작할것, 로 제작하고, 을 제작하는, 을 제작하였, 를 제작하였, 가 제작한지도, 를 제작했다, 를 제작하는, 이 제작하고, 를 제작하였으며, 을 제작하였으나, 을 제작한것, 을 제작했고, 으로 제작하는, 으로 제작하기, 을 제작했다, 를 제작하게, 에서 제작한《, 를 제작하여, 를 제작하고, 을 제작하고, 을 제작할수, 를 제작했는데, 에서 제작한프로그램, 이 제작한것, 이 제작한영화, 를 제작할수, 에서 제작한영화, 가 제작한영화, 이 제작했던, 를 제작하기, 를 제작하던, 에서 제작한대한민국, 를 제작한다, 를 제작하며, 을 제작하였으며, 를 제작했으며,, 까지 제작하였, 에서 제작한것, 에서 제작하여, 를 제작할때, 에서 제작하고, 을 제작할때, 에서 제작하는, 으로 제작하여, 를 제작할예정, 에서 제작한애니메이션, 을 제작했는데, 가 제작한비디오, 을 제작할것, 가 제작한것, 를 제작한다고발표, 으로 제작한것, 가 제작하였으며, 를 제작한것, 를 제작하면서, 이 제작한《, 에서 제작하였, 가 제작하였, 에서 제작한2, 가 제작한TV, 이 제작한작품, 로 제작하였, 을 제작하며, 에 제작했다, 가 제작하여, 으로 제작했다, 을 제작한후, 에서 제작했으며,, 에서 제작한텔레비전, 이 제작하였, 을 제작한다, 에서 제작한다, 을 제작하면서, 이 제작하여, 가 제작했다, 이 제작했다, 가 제작하고, 을 제작하거나, 을 제작하게, 로 제작하여, 가 제작한애니메이션, 에서 제작한TV, 도 제작하고, 을 제작하도록, 에서 제작했다, 로 제작한것, 으로 제작하고, 이 제작한지도, 가 제작한일련, 를 제작했던, 도 제작했다, 가 제작한작품, 을 제작했던, 이 제작하였으며, 로 제작할수, 이 제작했으며,, 가 제작했으며,, 에 제작한것, 도 제작하였, 으로 제작할수, 이 제작한애니메이션, 로 제작하기, 으로 제작하게, 으로 제작하였으며, 가 제작했고, 를 제작한바, 를 제작하지, 가 제작한2, 가 제작한텔레비전, 이 제작한미국, 가 제작한,, 에서 제작하기, 가 제작한', 을 제작하고자, 가 제작한대한민국, 까지 제작했다, 가 제작한아케이드, 를 제작한뒤, 를 제작했고, 에서 제작한3, 로 제작하는, 로 제작한영화, 을 제작했다고, 이 제작한이, 을 제작하지, 가 제작한《, 이 제작하는, 이 제작한다큐멘터리, 가 제작한첫, 에 제작한《, 에서 제작했고, 에 제작하였, 으로 제작한게임, 을 제작함으로써, 가 제작한대전, 가 제작한게임, 을 제작하던, 에서 제작한일본, 으로 제작한애니메이션, 에 제작한영화, 가 제작하는, 를 제작한회사, 로 제작했다, 가 제작했던, 를 제작하였으나, 가 제작한이, 에서 제작한엔진, 이 제작한TV, 이 제작한액션, 이 제작했고, 가 제작한3, 에서 제작한대하드라마, 에서 제작한이, 에서 제작한게임, 에서 제작한작품, 이 제작한게임, 에 제작하여, 가 제작한일본, 을 제작하는데, 으로 제작한영화, 를 제작함으로써, 에서 제작하였으며, 으로 제작한다, 이 제작한대한민국, 도 제작한다, 에서 제작한미국, 가 제작한미국, 가 제작한다, 가 제작한"", 가 제작한액션, 에서 제작한안드로이드, 가 제작한단편, 에서 제작했던, 에서 제작한캐릭터, 이 제작한일본, 에 제작한대한민국, 가 제작한악곡, 에서 제작한지도"
지지,9108,12,56,93,"을 지지하고, 를 지지하기, 를 지지하지, 을 지지하였, 를 지지하고, 을 지지하는, 을 지지하지, 을 지지했다, 를 지지한다"", 을 지지하며, 을 지지하면서, 을 지지하였으며, 을 지지하게, 으로 지지했다, 을 지지하기, 를 지지했던, 를 지지하였, 를 지지하는, 를 지지하겠, 을 지지했으나,, 을 지지하던, 를 지지하게, 를 지지했다, 을 지지했고, 이 지지하는, 를 지지하던, 을 지지한다"", 을 지지했지만, 를 지지한다, 를 지지했는데, 를 지지해줄, 을 지지해주, 을 지지한다, 을 지지할것, 를 지지하여, 를 지지하면서, 도 지지하지, 을 지지한것, 을 지지해줄, 를 지지하지만, 으로 지지하며, 를 지지하였으며, 를 지지하며, 을 지지했던, 을 지지하여, 를 지지했으나,, 을 지지해왔, 를 지지한것, 를 지지했고, 으로 지지하고, 을 지지함으로써, 을 지지하도록, 를 지지할것, 을 지지했으며,, 을 지지하거나, 으로 지지하였, 를 지지한다는것, 으로 지지하는, 를 지지했지만, 을 지지했다는, 가 지지하는, 을 지지하겠, 로 지지했다, 를 지지하거나, 으로 지지한다, 이 지지했다, 을 지지해달, 를 지지하도록, 을 지지한다고밝혔, 를 지지했다는, 을 지지하였으나, 를 지지했으며,, 를 지지한반면, 를 지지해왔, 를 지지해주, 를 지지하자, 를 지지하였으나, 에서 지지하는, 을 지지하지만, 의 지지하에, 을 지지해온, 을 지지한사람, 을 지지했기, 을 지지했다고, 이 지지하고, 를 지지한다고밝혔, 을 지지할수, 를 지지했기, 으로 지지할수, 을 지지했는데, 로 지지하는, 를 지지할수, 을 지지하자"
역,9047,21,1,20,"의 역할, 과 역할, 로 역할, 나 역할, 가 역할, 에서 역할, 도 역할, 이 역할, 을 역할, 에 역할, 와 역할, 로서 역할, 으로서 역할, 으로 역할, 는 역할, 이나 역할, 으로써 역할, 에게 역할, 은 역할, 로써 역할"
살,9000,17,9,48,"에게 살해, 를 살해, 을 살해, 은 살해당했, 이 살해, 가 살해당하, 에게 살해당했, 에 살해, 이 살해당하, 에서 살해, 으로 살해, 가 살해, 에게 살해당하, 는 살해, 은 살해, 에서 살해당했, 로 살해, 으로 살해당하, 가 살해당했, 가 살해당한, 에게 살해당한, 에 살해당한, 로 살해당하, 로 살해당했, 에 살해당하, 의 살해, 으로 살해당했, 는 살해당하, 은 살해당하, 에 살해당했, 도 살해당하, 이 살해당했, 도 살해, 에게 살해당한다, 도 살해당했, 까지 살해, 이 살해당한, 과 살해, 에서 살해당한다, 에 살해당한다, 와 살해, 는 살해당했, 에서 살해당한, 마저 살해, 에서 살해당하, 으로 살해당한, 에게 살해당함, 는 살해당한"
생각,8958,24,69,164,"을 생각할수, 를 생각하고, 로 생각하는, 으로 생각하는, 가 생각하는, 도 생각할수, 로 생각할수, 를 생각하자, 을 생각해보, 을 생각하자, 이 생각할수, 으로 생각할수, 라고 생각하였, 를 생각해보, 을 생각했지만, 을 생각하면, 을 생각하고, 를 생각할수, 을 생각했을, 을 생각하기, 도 생각하고, 을 생각하여, 로 생각한다, 을 생각해냈다, 이 생각했던, 으로 생각하였으나, 로 생각했다, 를 생각할때, 이 생각하고, 을 생각할때, 으로 생각한다, 으로 생각하고, 도 생각하지, 을 생각하면서, 이 생각해낸, 로 생각하고, 로 생각하여, 으로 생각하여, 이라고 생각했다, 도 생각했지만, 를 생각했다, 만 생각하는, 을 생각하며, 로 생각하지, 가 생각했던, 를 생각해내, 는 생각하지, 를 생각하라, 을 생각해낸, 으로 생각하였, 으로 생각하지, 으로 생각했으나,, 처럼 생각할수, 를 생각하면서, 에 생각했던, 을 생각하던, 는 생각할수, 을 생각하게, 고 생각한다, 을 생각했다, 이 생각하는, 으로 생각했기, 으로 생각했던, 를 생각하였, 을 생각한다, 으로 생각할때, 을 생각하지, 는 생각한다,, 는 생각한다, 로 생각하기, 으로 생각하면, 를 생각하면, 으로 생각하게, 로 생각하였, 라고 생각하기, 을 생각해내, 으로 생각했다, 고 생각하였, 가 생각하기, 를 생각하지, 는 생각하기, 를 생각해볼, 을 생각하는, 으로 생각하던, 을 생각해볼, 을 생각하였, 이 생각하기, 라고 생각하여, 를 생각하는, 으로 생각하기, 을 생각하지만, 은 생각하기, 으로 생각해볼, 도 생각해볼, 를 생각했을, 으로 생각했고, 을 생각해주, 도 생각했다, 고 생각했다, 로 생각했고, 는 생각하는, 가 생각할수, 고 생각하는, 을 생각해냈, 으로 생각했을, 를 생각하여, 를 생각하게, 로 생각하게, 으로 생각하며, 이 생각한것, 이 생각하던, 은 생각하지, 를 생각한다, 라고 생각했다, 으로 생각한것, 은 생각하는, 로 생각했지만, 처럼 생각하고, 으로 생각하지만, 를 생각하기, 에서 생각하면, 은 생각할수, 로 생각했던, 를 생각해냈다, 를 생각해냈, 이 생각하지, 로 생각하면, 가 생각해낸, 라고 생각하고, 라고 생각하는, 에서 생각하는, 는 생각하고, 라고 생각한다, 으로 생각해보, 만 생각했다, 으로 생각했다고, 를 생각하며, 으로 생각했지만, 의 생각하는, 는 생각했다, 은 생각한다, 으로 생각한다"", 처럼 생각하는, 까지 생각했어, 에서 생각할수, 로 생각하며, 라고 생각하게, 을 생각한다면,, 라고 생각했다고, 고 생각하고, 을 생각해낸다, 밖에 생각하지, 를 생각해주, 을 생각하다, 가 생각하고, 을 생각하니, 을 생각한것, 처럼 생각하며, 만 생각하고, 를 생각하다, 라고 생각하며, 만 생각한다, 고 생각하게, 하고 생각하거나"
증가,8943,22,45,139,"이 증가하고, 가 증가한다, 가 증가하면서, 는 증가하게, 이 증가하는, 이 증가함에, 이 증가하였, 이 증가하였으며, 는 증가하는, 가 증가하고, 으로 증가하고, 으로 증가하였, 가 증가하여, 으로 증가하는, 가 증가하기, 으로 증가한다, 로 증가하기, 가 증가함에, 이 증가하지, 으로 증가했다, 이 증가한것, 이 증가하면서, 은 증가하였, 마다 증가하고, 가 증가하는, 가 증가했다고, 이 증가하면, 는 증가하여, 가 증가할것, 로 증가했다, 으로 증가한것, 도 증가하고, 이 증가하여, 는 증가하고, 가 증가하였, 로 증가하였, 이 증가했으며,, 이 증가하자, 도 증가하였, 도 증가하는, 가 증가하였으며, 가 증가했다, 으로 증가했고, 에서 증가하고, 로 증가하여, 이 증가했다, 로 증가하게, 로 증가하였으며, 은 증가했다, 은 증가하는, 이 증가한다, 로 증가한다, 는 증가한다, 도 증가하기, 이 증가하며, 가 증가하게, 이 증가하기, 이 증가한다는것, 가 증가하면, 도 증가한다, 으로 증가하게, 은 증가한다, 이 증가하므로, 으로 증가하여, 이 증가했음, 로 증가하는, 로 증가할것, 으로 증가하면서, 으로 증가할것, 가 증가했고, 로 증가하고, 도 증가하여, 에서 증가하는, 이 증가할때, 이 증가하게, 까지 증가했다, 는 증가했다, 는 증가하였, 나 증가하였, 으로 증가함에, 으로 증가하였으며, 로 증가했고, 이 증가하거나, 이 증가할수, 가 증가하며, 마다 증가하는, 이 증가하지만, 까지 증가한다, 까지 증가할것, 은 증가하지, 으로 증가하기, 도 증가했다, 이 증가할것, 으로 증가하며, 가 증가할때, 을 증가하는, 가 증가했음, 나 증가했다, 은 증가하고, 의 증가하는, 으로 증가했으며,, 가 증가할수, 은 증가하지만, 가 증가한것, 까지 증가하였, 가 증가하자, 과 증가하는, 이 증가했기, 은 증가하며, 가 증가함을, 도 증가하게, 로 증가한것, 이 증가한반면, 는 증가하지만, 가 증가했지만, 가 증가하는데, 이 증가했고, 은 증가하게, 는 증가하지, 가 증가하므로, 은 증가했지만, 로 증가했으며,, 에 증가했다, 로 증가하며, 까지 증가할수, 가 증가했으며,, 이 증가하는데, 는 증가했지만, 가 증가함으로써, 이 증가했다고, 이 증가했지만, 으로 증가했지만, 으로 증가하자, 에 증가하는, 가 증가하지, 가 증가했기, 가 증가하거나, 이 증가했다는, 으로 증가하지만"
성공,8930,16,71,135,"도 성공했다, 에 성공하였, 이 성공한이후, 에 성공하면서, 에 성공했으며,, 는 성공하지, 에 성공하지, 는 성공하지만, 에 성공한다, 에 성공하였으며, 에 성공할수, 이 성공할수, 에 성공한것, 에 성공하고, 에 성공하여, 이 성공하였, 이 성공하는, 은 성공했고, 에 성공했다, 로 성공하지, 이 성공하면, 이 성공하면서, 에 성공함으로써, 에 성공하면, 도 성공하였, 에 성공하다, 에 성공함, 이 성공했다, 에 성공한후, 가 성공하였, 으로 성공하기, 에 성공하였으나, 에 성공하며, 에 성공했고, 에 성공했다는, 에 성공하지만, 은 성공하여, 에 성공한이후, 이 성공했다고, 을 성공한것, 으로 성공하였, 이 성공하자, 으로 성공한것, 에 성공했지만, 으로 성공하여, 에 성공하기, 에 성공했음, 에 성공했을, 에 성공한최초, 에 성공했으나,, 에 성공했는데, 에 성공한유일, 가 성공하면서, 이 성공한뒤, 로 성공하게, 는 성공했으나,, 에 성공함에, 는 성공하였으나, 에 성공한뒤, 가 성공하면, 을 성공했다, 는 성공했다, 은 성공하였, 는 성공하여, 이 성공하기, 는 성공했지만, 가 성공하여, 가 성공한이유, 이 성공하고, 에 성공할것, 에 성공한그, 은 성공하지, 에 성공할경우, 를 성공하였, 으로 성공할수, 이 성공한후, 에 성공하는, 을 성공하였, 에 성공하자, 이 성공한것, 을 성공하여, 로 성공했다, 이 성공하려면, 으로 성공했다, 이 성공하여, 으로 성공하는, 도 성공하지, 로 성공하는, 에 성공하게, 에서 성공하지, 에서 성공하고, 을 성공하는, 로 성공하였, 에 성공했던, 가 성공할수, 에 성공한사람, 에 성공했다고, 은 성공할수, 에서 성공하기, 도 성공하여, 은 성공했다, 에서 성공할수, 를 성공했다, 로 성공하기, 은 성공하고, 에 성공한경우, 으로 성공하지, 가 성공한후, 를 성공하는, 은 성공했지만, 는 성공할수, 에 성공한사례, 를 성공하며, 가 성공했다, 는 성공한다, 도 성공한다, 으로 성공한음반, 가 성공하자, 는 성공하였, 에 성공한나라, 가 성공하기, 에 성공해,, 이 성공할것, 에서 성공했다, 을 성공하며, 이 성공하지, 에 성공한선수, 가 성공하는, 으로 성공했고, 에 성공한바, 로 성공하고, 가 성공하지, 에 성공한기사, 에서 성공한축구, 에 성공함*"
접,8692,13,6,39,"을 접했, 를 접했, 을 접하, 에 접하, 를 접한, 를 접하, 을 접한, 를 접할, 과 접할, 으로 접한, 과 접한, 이 접해, 와 접한, 에 접해, 에 접할, 과 접하, 와 접하, 과 접해, 을 접할, 으로 접하, 이 접하, 와 접해, 와 접했, 에서 접할, 는 접하, 에 접한, 으로 접해, 가 접하, 에 접했, 에서 접한, 에서 접하, 가 접해, 로 접하, 도 접하, 이 접할, 을 접해, 으로 접할, 과 접했, 로 접한"
확인,8675,14,60,96,"을 확인할수, 를 확인할수, 를 확인하는, 으로 확인할수, 을 확인했다, 를 확인하여, 을 확인하였, 를 확인했다, 는 확인할수, 을 확인하기, 을 확인하며, 을 확인한다음, 을 확인하고, 에서 확인할수, 도 확인할수, 을 확인하는, 를 확인하기, 를 확인한뒤, 을 확인함으로써, 을 확인할필요, 을 확인했으며,, 도 확인했다, 를 확인함으로써, 을 확인하자, 을 확인한후, 을 확인했지만, 만 확인하고, 을 확인하였으며, 를 확인한다, 을 확인한다, 에 확인할수, 를 확인하였, 을 확인해주, 를 확인하고, 으로 확인했다, 을 확인하여, 을 확인한뒤, 을 확인한결과, 을 확인했다고, 를 확인하러, 으로 확인하였, 를 확인할때, 으로 확인하고, 로 확인할수, 을 확인하게, 를 확인하며, 은 확인할수, 를 확인하면, 을 확인해보, 을 확인하면서, 를 확인하도록, 을 확인할때, 를 확인하면서, 을 확인해볼, 도 확인하였, 을 확인하면, 을 확인한것, 를 확인하거나, 를 확인하지, 만 확인할수, 을 확인했고, 를 확인한후, 을 확인해야한다, 로 확인했다, 으로 확인하는, 을 확인해달, 를 확인해주, 를 확인해보, 을 확인하려면, 를 확인할필요, 을 확인해준다, 으로 확인하기, 은 확인하기, 을 확인하거나, 를 확인하게, 가 확인할수, 를 확인했다고, 를 확인하려면, 을 확인하고자, 을 확인했는데, 는 확인하기, 를 확인했고, 으로 확인한다, 을 확인하지, 를 확인했지만, 를 확인해야한다, 를 확인했으며,, 을 확인하였으나, 을 확인하러, 를 확인하고자, 를 확인해볼, 를 확인한결과, 을 확인한이후, 로 확인하였, 에 확인함, 를 확인하세요"
도착,8425,14,66,99,"에 도착하다, 에 도착하였, 에 도착했다, 에 도착하여, 에 도착했으며,, 에 도착하기, 이 도착하기, 에 도착했고, 에 도착한날, 에 도착해서는, 에 도착한그, 에 도착한다, 에 도착한후, 에 도착한삼의사, 에 도착하자, 에 도착해보, 이 도착했다는, 에 도착하였을, 에 도착한것, 에 도착했을, 에 도착하면서, 에 도착하자마자, 에 도착했다는, 이 도착했을, 에 도착한뒤, 에 도착하는, 에 도착하지, 이 도착할때, 가 도착하지, 으로 도착하였, 이 도착하자, 에 도착할예정, 에 도착했지만, 이 도착했다, 에 도착하고, 에 도착했는데, 에 도착할수, 가 도착하고, 에 도착했던, 에 도착했다고, 에 도착한이승만, 는 도착하자마자, 에 도착하였으나, 에 도착할것, 에 도착했다가, 에 도착한직후, 에 도착한이후, 에 도착했음, 에 도착하게, 이 도착하는, 이 도착하면서, 에 도착함으로써, 에 도착한최초, 은 도착하자마자, 에 도착해있, 에 도착할때, 가 도착하면서, 에 도착하였으며, 에 도착할무렵, 에 도착하니, 가 도착하여, 가 도착하기, 에 도착하며, 가 도착했다, 이 도착하여, 가 도착하자, 에 도착한지, 에 도착하면, 으로 도착하는, 가 도착하는, 에 도착한첫, 이 도착하였, 이 도착하면, 이 도착한후, 에 도착한두, 가 도착하였, 이 도착한다, 가 도착한다, 에 도착해,, 가 도착했고, 이 도착하고, 이 도착한곳, 에 도착했으나,, 가 도착할때, 에 도착한열차, 으로 도착했다, 로 도착했다, 에 도착한이, 가 도착한것, 에 도착한다음, 가 도착했을, 에 도착한일행, 에 도착하지만, 에서 도착하는, 이 도착했고, 가 도착하면, 이 도착하지, 에 도착하는데, 이 도착한것"
표현,8386,19,61,123,"을 표현하였, 를 표현한것, 로 표현하였, 으로 표현한다, 으로 표현한것, 을 표현했다, 를 표현하고, 로 표현하는, 을 표현할수, 로 표현하면, 으로 표현할수, 를 표현한다, 를 표현하기, 이라고 표현한다, 로 표현할수, 을 표현하는, 를 표현하는, 으로 표현하기, 으로 표현할때, 로 표현할때, 라고 표현하고, 로 표현하고, 으로 표현하면, 로 표현하여, 을 표현하고, 를 표현할수, 을 표현하기, 도 표현할수, 로 표현한것, 을 표현한다, 로 표현하기, 으로 표현했다, 를 표현한작품, 으로 표현하는, 로 표현한다, 을 표현한것, 라고 표현하기, 로 표현하며, 고 표현하였, 라고 표현한다, 으로 표현함으로써, 으로 표현하려고, 를 표현하여, 고 표현했다, 으로 표현하고, 까지 표현할수, 고 표현하기, 을 표현할때, 으로 표현하여, 에 표현하는, 를 표현하지, 를 표현하며, 으로 표현하였, 이라고 표현했다, 를 표현하였, 을 표현하지, 을 표현했고, 로 표현했다, 라고 표현하였, 을 표현하고자, 으로 표현하였으며, 라고 표현했다, 을 표현하면, 이라고 표현하였, 을 표현하도록, 를 표현하고자, 을 표현하며, 으로 표현하며, 라고 표현하는, 를 표현하는데, 으로 표현한작품, 라고 표현할정도, 이라고 표현하며, 로 표현하자면, 을 표현한그림, 을 표현하는데, 을 표현하여, 로 표현하게, 이 표현하는, 를 표현할때, 이라고 표현하고, 을 표현하면서, 을 표현하려고, 에서 표현할수, 로 표현하였으며, 을 표현하거나, 가 표현할수, 도 표현한다, 를 표현하거나, 을 표현함으로써, 라고 표현했는데, 는 표현할수, 이라고 표현할정도, 를 표현했다, 이라고 표현하기, 고 표현한다, 고 표현하며, 으로 표현하자면, 을 표현하게, 을 표현해내, 가 표현하는, 처럼 표현하는, 을 표현하려, 으로 표현해내, 을 표현했다고, 라고 표현하며, 을 표현한곡, 로 표현하거나, 으로 표현하지, 을 표현했으며,, 에서 표현하는, 에 표현하였, 로 표현할경우, 을 표현한작품, 으로 표현했으며,, 을 표현한노래, 을 표현하려는, 에서 표현하고, 로 표현하지, 으로 표현하고자, 을 표현하였으며, 으로 표현한곡, 을 표현한R"
합류,8366,14,49,110,"에 합류하지, 에 합류하였, 이 합류하여, 에 합류했다, 에 합류하여, 과 합류한다, 이 합류하면서, 에 합류하게, 이 합류하는, 와 합류하였, 와 합류했다, 에 합류한이후, 에 합류하기, 에 합류하도록, 과 합류했다, 과 합류하였, 과 합류하여, 가 합류하고, 로 합류하여, 으로 합류하였, 에 합류했는데, 에게 합류했다, 에 합류하는, 과 합류하게, 과 합류한뒤, 에서 합류하여, 에서 합류하고, 에 합류한다, 과 합류했고, 에 합류할수, 에 합류하면서, 로 합류한다, 과 합류하기, 에서 합류하는, 에서 합류하며, 이 합류하며, 으로 합류한다, 가 합류하여, 로 합류하게, 로 합류하였, 과 합류한후, 에 합류한것, 에 합류하고, 와 합류하여, 가 합류하면서, 에 합류할것, 에 합류했고, 도 합류했다, 에 합류했으며,, 와 합류한다, 에서 합류하였, 가 합류했고, 에서 합류했다, 에 합류하며, 으로 합류하게, 가 합류했다, 이 합류하기, 이 합류했다, 으로 합류하여, 과 합류하고, 도 합류하였, 에 합류해,, 와 합류하는, 으로 합류하는, 에 합류했을, 이 합류하고, 에 합류한후, 로 합류하며, 로 합류하는, 로 합류했고, 에 합류할때, 에 합류할예정, 이 합류하였, 로 합류하면서, 로 합류했다, 가 합류하였, 에 합류하였으나, 이 합류했고, 과 합류하는, 와 합류하기, 가 합류하기, 에 합류하였으며, 가 합류하게, 으로 합류하기, 부터 합류했다, 가 합류한다, 과 합류하면서, 도 합류한다, 에 합류하자, 이 합류한다, 에서 합류한다, 으로 합류했다, 에 합류했던, 으로 합류했고, 에 합류한뒤, 가 합류하는, 에 합류하라는, 와 합류하게, 이 합류하게, 에 합류했지만, 로 합류했으며,, 도 합류하여, 와 합류하고, 와 합류하지, 에 합류한이래, 에 합류한지, 과 합류하며, 는 합류하지, 에 합류했다고, 으로 합류하던"
거부,8248,14,60,104,"을 거부하면서, 를 거부하고, 를 거부했다, 로 거부했다, 를 거부하였, 를 거부하는, 을 거부하고, 을 거부했다, 을 거부함으로써, 을 거부한후, 을 거부했다는, 를 거부했고, 를 거부한것, 을 거부하다가, 을 거부하였, 를 거부하거나, 은 거부하였, 을 거부하다, 을 거부하는, 를 거부한채, 을 거부한적, 를 거부한사람, 를 거부하여, 를 거부하며, 가 거부하였, 을 거부하였으며, 를 거부하기, 도 거부했다, 이 거부했다, 를 거부하면서, 을 거부하여, 을 거부할것, 도 거부하였, 을 거부하며, 을 거부하거나, 을 거부할경우, 를 거부하자, 을 거부해왔, 을 거부한다, 를 거부하다가, 도 거부할수, 를 거부할경우, 를 거부할수, 을 거부하게, 을 거부했으며,, 를 거부한다, 로 거부하였, 을 거부하기, 을 거부했던, 을 거부했고, 를 거부함으로써, 는 거부했고, 를 거부했으며,, 을 거부한것, 도 거부하고, 을 거부했지만, 를 거부했다는, 를 거부하지, 를 거부했던, 를 거부하면, 는 거부하였, 이 거부하자, 를 거부하였으며, 를 거부하였으나, 을 거부하였으나, 으로 거부하고, 는 거부하는, 가 거부했다, 을 거부함에, 를 거부하게, 을 거부하자, 은 거부했다, 을 거부했기, 을 거부할수, 를 거부하지만, 를 거부했기, 는 거부했다, 을 거부할때, 을 거부하겠, 이 거부하였, 을 거부하면, 는 거부하고, 을 거부했다고, 를 거부했다고, 을 거부했을, 를 거부했지만, 을 거부하지, 를 거부했는데, 을 거부했는데, 가 거부하자, 를 거부하던, 은 거부하고, 를 거부했을, 을 거부한사실, 을 거부하도록, 는 거부한다, 을 거부한채, 으로 거부했다, 도 거부한다, 를 거부하겠, 을 거부하던, 를 거부함에, 은 거부한다, 으로 거부하는"
점령,8143,15,82,113,"이 점령하고, 을 점령하게, 를 점령하고, 이 점령한폴란드, 이 점령한독일, 을 점령하면서, 을 점령한후, 를 점령하여, 을 점령하다, 을 점령하고, 를 점령하는, 을 점령할수, 을 점령하고자, 를 점령했을, 를 점령하다, 을 점령했다, 를 점령하면서, 을 점령하였, 가 점령하고, 이 점령하면서, 을 점령함으로써, 를 점령하였, 을 점령하여, 을 점령하였으며, 을 점령하자, 를 점령했고, 을 점령하는, 를 점령했다, 를 점령한뒤, 를 점령하자, 를 점령함으로써, 을 점령했고, 의 점령하에, 이 점령하여, 이 점령한지역, 을 점령한뒤, 을 점령했을, 이 점령했던, 으로 점령했다, 으로 점령하였, 을 점령한다, 을 점령하며, 를 점령하기, 가 점령했던, 가 점령하였, 을 점령하였으나, 까지 점령하였, 을 점령했으며,, 를 점령하며, 를 점령한것, 를 점령하였으나, 를 점령하게, 를 점령할것, 이 점령했다, 를 점령하지, 을 점령하지, 가 점령했다, 을 점령한조선, 이 점령하였, 을 점령하려, 을 점령하기, 이 점령한이후, 를 점령한이후, 를 점령했으며,, 를 점령하고자, 를 점령한후, 에 점령하였, 가 점령하여, 를 점령하려고, 이 점령한유럽, 도 점령했다, 이 점령한영토, 가 점령한지역, 을 점령한이후, 를 점령했던, 이 점령하던, 을 점령하면, 를 점령한다, 으로 점령하는, 을 점령한것, 을 점령했던, 을 점령하려는, 를 점령하였으며, 로 점령하고, 를 점령한독일, 를 점령하라는, 을 점령할것, 를 점령하려, 을 점령한소련, 을 점령할때, 을 점령한일본군, 를 점령한일본군, 를 점령한다음, 을 점령했지만, 를 점령하려는, 까지 점령했다, 이 점령하게, 에 점령했다, 를 점령했지만, 을 점령하려고, 으로 점령하고, 를 점령하면, 를 점령하라, 을 점령하였을, 까지 점령하고, 를 점령할때, 를 점령하던, 의 점령하에서, 를 점령할수, 로 점령했다, 을 점령하러, 을 점령했다고, 를 점령했다고"
선언,8063,13,47,84,"고 선언하고, 을 선언하였, 를 선언하였, 를 선언했는데, 를 선언하고, 로 선언하였, 를 선언하였으나, 를 선언하기, 를 선언했다, 를 선언하며, 고 선언했다, 을 선언했다, 을 선언하기, 를 선언하여, 로 선언하는, 을 선언했지만, 으로 선언했다, 을 선언하는, 를 선언하면서, 을 선언하고, 을 선언하였으나, 을 선언한다, 을 선언하게, 을 선언하며, 을 선언하여, 을 선언하다, 을 선언했고, 를 선언했으며,, 를 선언할수, 를 선언하다, 로 선언하다, 을 선언하면서, 을 선언한뒤, 으로 선언하였, 를 선언한다, 를 선언하자, 를 선언했고, 을 선언하자, 을 선언했으며,, 로 선언하고, 라고 선언했다, 을 선언하였으며, 을 선언한후, 을 선언하지, 를 선언하는, 라고 선언하였, 를 선언했지만, 를 선언한후, 를 선언했을, 를 선언하게, 으로 선언한다, 고 선언하였, 로 선언한다, 을 선언함으로써, 으로 선언하고, 을 선언한이후, 으로 선언하여, 을 선언했던, 를 선언함으로써, 을 선언했으나,, 을 선언한것, 를 선언한뒤, 를 선언한것, 라고 선언하고, 로 선언했다, 를 선언할때, 을 선언할수, 를 선언하였으며, 고 선언한다, 를 선언함에, 이라고 선언하였, 으로 선언하는, 을 선언함과, 을 선언함에, 로 선언하면서, 을 선언했을, 를 선언했던, 을 선언할때, 이라고 선언했다, 를 선언했으나,, 를 선언했다가, 를 선언한이후, 을 선언하도록, 를 선언했으며더불"
방문,7972,16,70,135,"을 방문했는데, 을 방문하고, 을 방문하기, 을 방문하다, 을 방문하였, 을 방문했다, 을 방문하여, 를 방문하였, 를 방문했고, 를 방문했다, 을 방문했을, 를 방문하며, 를 방문하기, 에 방문했을, 를 방문하여, 을 방문했고, 에 방문하는, 도 방문하였, 을 방문하는, 를 방문한다, 를 방문한적, 를 방문하는, 를 방문하고, 이 방문했다, 이 방문하기, 을 방문했다고, 에 방문하였, 을 방문한미국, 를 방문하다, 을 방문할때, 를 방문했을, 으로 방문하여, 이 방문하였, 이 방문하는, 를 방문한후, 이 방문하여, 을 방문하였으며, 에 방문하여, 을 방문한뒤, 을 방문하면서, 을 방문한후, 을 방문한다, 에 방문했다, 이 방문하고, 을 방문했다가, 이 방문한다, 을 방문할수, 으로 방문했다, 로 방문하여, 을 방문한최초, 가 방문할때, 으로 방문하는, 이 방문했고, 을 방문하였을, 을 방문한바, 에서 방문하는, 에 방문했던, 으로 방문하였, 을 방문하지, 을 방문한자리, 를 방문하게, 를 방문하자, 를 방문하였을, 을 방문했던, 을 방문한것, 를 방문할때, 를 방문했던, 을 방문했었다, 를 방문하면서, 를 방문했는데, 가 방문하여, 을 방문한그, 을 방문해"", 를 방문한자리, 를 방문하지, 를 방문했다가, 를 방문했으며,, 에 방문하기, 을 방문한이후, 에 방문했고, 를 방문한최초, 을 방문하던, 에 방문한다, 를 방문한관광객, 을 방문했으며,, 를 방문한사람, 도 방문했다, 이 방문하며, 가 방문했다, 을 방문하며, 을 방문하게, 을 방문한첫, 를 방문한것, 를 방문한그, 에 방문하면, 이 방문한소행성, 에 방문한것, 를 방문한첫, 을 방문했지만, 를 방문한뒤, 를 방문하던, 가 방문했을, 을 방문한관광객, 을 방문하면, 을 방문하자, 를 방문하였으며, 로 방문했다, 가 방문하고, 이 방문했을, 에 방문할수, 을 방문하거나, 을 방문한적, 가 방문한다, 을 방문하러, 를 방문할수, 에 방문했다가, 를 방문하거나, 이 방문한소행, 를 방문하면, 를 방문할것, 에 방문한적, 을 방문하지만, 가 방문하였, 가 방문하는, 에 방문하고, 을 방문해,, 이 방문할수, 를 방문했다고, 을 방문하려는, 를 방문해,, 을 방문할예정, 에 방문할때, 를 방문하는데, 도 방문하여, 을 방문한관원"
보유,7939,14,51,66,"를 보유하고, 을 보유하고, 을 보유하지, 을 보유하게, 을 보유한것, 을 보유한국가, 를 보유한다, 까지 보유하고, 에서 보유하고, 가 보유하는, 을 보유하여, 을 보유할수, 으로 보유하고, 을 보유했다, 을 보유했다고, 까지 보유할수, 를 보유하지, 가 보유하던, 을 보유했고, 이 보유하고, 을 보유하였, 을 보유한정당, 를 보유하며, 을 보유하는, 을 보유함으로써, 을 보유하며, 을 보유하기, 를 보유하면서, 를 보유할수, 을 보유한자, 를 보유하는, 를 보유했다, 로 보유하고, 도 보유하고, 을 보유한다, 를 보유하여, 를 보유하였, 를 보유한국가, 을 보유한채, 를 보유한것, 을 보유한사람, 가 보유하고, 가 보유했던, 을 보유하였으나, 을 보유하면서, 을 보유해야한다, 을 보유할것, 을 보유하였으며, 를 보유하게, 을 보유했던, 을 보유한미국, 이 보유하는, 만 보유하고, 을 보유했었다, 이 보유했던, 은 보유하고, 을 보유했지만, 이 보유하던, 을 보유한회사, 을 보유한나라, 를 보유하기, 에 보유하고, 는 보유하고, 을 보유했으며,, 을 보유한선수, 을 보유했을"
원,7893,20,10,49,"에게 원한, 가 원하는, 를 원하, 을 원했, 이 원했, 를 원했, 으로 원하는, 은 원하는, 의 원하는, 을 원하, 는 원하는, 를 원해, 이 원하는, 은 원한, 가 원했, 이 원할, 가 원할, 가 원하면, 과 원한, 를 원한, 에 원한, 가 원하지, 이 원한, 가 원한, 은 원하지, 이 원하, 가 원하던, 의 원한, 는 원한, 에 원하, 로 원하는, 에게 원하는, 에서 원하는, 을 원한, 을 원할, 와 원한, 는 원하지, 으로 원했, 도 원하지, 으로써 원하는, 으로 원하, 를 원할, 로 원한, 도 원하는, 에서 원하지, 을 원해, 의 원해, 과 원하는, 와 원하는"
통과,7880,14,72,123,"을 통과하는, 을 통과하면서, 을 통과하고, 이 통과하기, 만 통과하는, 을 통과하다, 을 통과했지만, 를 통과하면서, 을 통과하지, 을 통과하여, 을 통과하던, 를 통과하는, 을 통과할때, 을 통과한다, 를 통과했다, 을 통과했다, 를 통과하면, 를 통과할때, 이 통과하는, 를 통과했고, 으로 통과하였, 를 통과하다, 에 통과하였, 를 통과하여, 를 통과하였, 을 통과하면, 을 통과하도록, 가 통과하지, 로 통과할수, 을 통과하여야, 를 통과하며, 을 통과하며, 를 통과하게, 를 통과한팀, 가 통과한다, 을 통과할수, 을 통과한후, 을 통과하였, 에 통과하여, 이 통과하며, 를 통과하고, 을 통과하지만, 이 통과한다, 을 통과하게, 가 통과하고, 으로 통과한다, 를 통과한다, 이 통과하고, 를 통과한뒤, 를 통과하자, 이 통과하여, 가 통과할때, 을 통과할예정, 으로 통과할수, 으로 통과하는, 가 통과하며, 을 통과해야하, 를 통과했을, 가 통과하는, 가 통과하지만, 이 통과할수, 가 통과할수, 를 통과해야한다, 을 통과한사람, 을 통과하기, 을 통과했기, 를 통과한것, 를 통과할수, 를 통과하지, 를 통과할것, 이 통과할때, 를 통과했으며,, 를 통과하기, 을 통과할것, 을 통과하였으며, 에 통과하는, 를 통과한후, 을 통과했을, 로 통과하였, 을 통과해반대편, 을 통과해야한다, 를 통과해야만, 도 통과하지, 으로 통과하고, 를 통과하도록, 에 통과하지, 를 통과하였으며, 을 통과해야만, 을 통과하거나, 을 통과해,, 로 통과하여, 을 통과한뒤, 을 통과한것, 로 통과하고, 을 통과한선수, 을 통과한다음, 를 통과할경우, 만 통과할수, 를 통과한다음, 를 통과해야하, 을 통과한빛, 로 통과했다, 를 통과하거나, 을 통과한이후, 으로 통과했다, 을 통과했고, 으로 통과하여, 을 통과한6, 는 통과한다, 을 통과했으며,, 로 통과하는, 를 통과해야했, 이 통과하지, 을 통과한10, 을 통과함으로써, 를 통과하던, 를 통과한1, 을 통과해야했, 로 통과한다, 이 통과하지만, 에서 통과하였, 를 통과한이후, 를 통과함태평양"
대표,7802,8,25,34,"을 대표하는, 를 대표하는, 을 대표하여, 를 대표하고, 을 대표했던, 를 대표할수, 를 대표한다, 을 대표한다, 이 대표하는, 을 대표하고, 를 대표하게, 가 대표하는, 을 대표할수, 을 대표할만, 을 대표하게, 을 대표하였, 를 대표하며, 를 대표하여, 를 대표하였, 를 대표하기, 으로 대표하는, 을 대표하지, 을 대표하기, 를 대표하던, 을 대표하며, 를 대표했던, 을 대표했고, 을 대표할것, 를 대표했다, 를 대표하지, 을 대표하던, 을 대표했다, 를 대표했고, 를 대표할만"
도입,7667,16,65,112,"을 도입하였, 가 도입하였, 을 도입한것, 으로 도입하였, 을 도입하여, 으로 도입하여, 을 도입하면, 에 도입하였, 을 도입했다, 를 도입했다고, 를 도입하지, 로 도입하였, 를 도입하여, 를 도입하였, 을 도입한다, 를 도입했다, 를 도입하는, 를 도입하기, 를 도입한이후, 을 도입하거나, 을 도입했으며,, 를 도입하고자, 를 도입하려, 을 도입하고, 를 도입하였으며, 를 도입할예정, 으로 도입한것, 를 도입함으로써, 를 도입하려고, 을 도입하며, 을 도입하는, 에 도입했다, 을 도입하면서, 을 도입하기, 을 도입했고, 에 도입하는, 으로 도입하기, 을 도입하고자, 를 도입하고, 으로 도입했고, 를 도입하거나, 에 도입한것, 을 도입하게, 를 도입할수, 를 도입한것, 으로 도입했다, 을 도입함에, 를 도입하면, 을 도입했지만, 를 도입한후, 를 도입했던, 을 도입할때, 를 도입하게, 를 도입하면서, 를 도입하며, 을 도입한최초, 을 도입하였으며, 에 도입하였으며, 을 도입하려, 를 도입했고, 으로 도입하는, 에 도입한다, 를 도입한다, 를 도입할계획, 도 도입했다, 을 도입했다는, 로 도입했다, 에 도입하기, 에 도입하여, 에 도입함으로써, 를 도입할때, 를 도입했을, 를 도입하였으나, 을 도입함으로써, 을 도입해,, 으로 도입하고, 을 도입할것, 을 도입하려는, 이 도입하였, 을 도입하지, 를 도입할것, 로 도입하여, 을 도입하려고, 을 도입할수, 가 도입한것, 을 도입했다고, 가 도입하였으며, 을 도입하겠, 를 도입했는데, 을 도입한후, 로 도입하였으며, 를 도입하자, 에 도입하고, 도 도입하였, 을 도입할예정, 를 도입했으며,, 를 도입하겠, 를 도입하려는, 까지 도입했다, 을 도입했을, 로 도입하는, 에서 도입하였, 을 도입하였으나, 에서 도입하여, 를 도입한최초, 를 도입함, 을 도입했는데, 을 도입한이후, 을 도입할계획, 를 도입해,, 를 도입했지만, 을 도입하도록"
다양,7647,29,333,246,"까지 다양할수, 까지 다양했다, 까지 다양하지만, 가 다양하다, 은 다양하다, 은 다양한종류, 에서 다양하게, 까지 다양한주제, 의 다양한분야, 는 다양한방법, 까지 다양한종류, 의 다양한지역, 는 다양한형태, 으로 다양하다, 까지 다양한제품, 까지 다양하다, 는 다양하다, 가 다양하며, 의 다양한서비스, 는 다양한운영, 를 다양하게, 는 다양한종류, 는 다양하고, 의 다양한문화, 을 다양하게, 는 다양하며, 은 다양한분야, 의 다양한연구, 은 다양한문화, 의 다양한방법, 의 다양한부분, 는 다양한유형, 는 다양한분야, 의 다양한곳, 까지 다양한크기, 는 다양한언어, 에 다양한영향, 는 다양한크기, 는 다양한기능, 는 다양한주제, 은 다양하고, 을 다양한관점, 는 다양한민족, 은 다양한언어, 는 다양한색상, 이 다양하고, 도 다양하게, 는 다양한사람, 은 다양하게, 까지 다양한데,, 의 다양한형태, 으로 다양하게, 이 다양하다, 은 다양한인종, 이 다양한형태, 가 다양하고, 로 다양한형태, 까지 다양한분야, 는 다양한환경, 로 다양하게, 에 다양하게, 로 다양하다, 을 다양한형태, 가 다양하여, 도 다양하다, 이 다양하게, 도 다양하고, 도 다양하여, 이 다양하여, 도 다양해졌다, 가 다양하게, 의 다양한특성, 를 다양한방식, 의 다양한측면, 이 다양하며, 이 다양하지만, 는 다양하게, 의 다양하고, 에서 다양한분야, 는 다양한견해, 는 다양한의견, 의 다양한방식, 에서 다양한형태, 의 다양한환경, 의 다양한기능, 에서 다양한역할, 은 다양한음악, 으로 다양하고, 는 다양하지만, 까지 다양한색, 의 다양한구성, 까지 다양하게, 은 다양한식물, 의 다양한작품, 의 다양한내용, 으로 다양한형태, 은 다양하며, 은 다양한환경, 의 다양한종교, 의 다양한형식, 는 다양한지역, 는 다양한모양, 의 다양한조합, 이 다양해지, 의 다양한색상, 을 다양한방식, 은 다양한형태, 은 다양한유형, 는 다양한인종, 의 다양한삶, 로 다양하며, 는 다양한종교, 까지 다양한범위, 는 다양한원인, 은 다양한방식, 은 다양한방법, 은 다양했다, 의 다양한민족, 도 다양한형태, 의 다양한생태, 에 다양한형태, 은 다양한지역, 는 다양한방식, 을 다양한방법, 과 다양한종류, 의 다양한프로그램, 까지 다양하고, 은 다양할수, 의 다양한변형, 에서 다양한기능, 의 다양한공연, 의 다양한장르, 은 다양한정치, 가 다양한데,, 는 다양한수준, 의 다양한유형, 은 다양한기능, 가 다양해지, 의 다양한요구, 가 다양하기, 의 다양한문제, 는 다양한음악, 의 다양한음악, 은 다양한학문, 는 다양한사회, 는 다양한데,, 는 다양한색, 마다 다양하다, 이 다양한분야, 의 다양한행사, 으로 다양하며, 의 다양한요소, 까지 다양한연령, 으로 다양한장르, 으로 다양한종류, 은 다양하지만, 에 다양하고, 의 다양한기술, 은 다양한주제, 의 다양한모습, 의 다양한이름, 는 다양한설, 는 다양한식물, 의 다양한종류, 까지 다양한형태, 에서 다양한방식, 는 다양했다, 는 다양한문화, 는 다양한해석, 에서 다양하다, 까지 다양하며, 의 다양한단계, 에서 다양한종류, 도 다양하며, 는 다양한국가, 는 다양한기술, 에서 다양한모습, 의 다양한의견, 은 다양한데,, 은 다양한용도, 의 다양한학문, 과 다양한분야, 로 다양하고, 는 다양한장르, 의 다양한활동, 은 다양한상황, 에 다양한종류, 도 다양했다, 의 다양한사회, 의 다양한변화, 도 다양한종류, 는 다양한매체, 의 다양한주제, 은 다양한사회, 의 다양한제품, 의 다양한국가, 의 다양한정보, 이 다양했다, 는 다양한악기, 은 다양한장르, 이 다양하기, 의 다양한반응, 로 다양한활동, 은 다양한기술, 의 다양한사람, 의 다양한영역, 의 다양한이야기, 는 다양한산업, 의 다양한해석, 는 다양한의미, 까지 다양한장르, 의 다양한버전, 의 다양한조직, 에 다양한방법, 에서 다양한활동, 까지 다양한서식지, 는 다양한무기, 는 다양한스타일, 을 다양한각도, 의 다양한교육, 에 다양한방식, 은 다양한색상, 로 다양한종류, 는 다양한용도, 의 다양한하위, 도 다양한분야, 의 다양한표현, 로 다양한장르, 는 다양한관점, 까지 다양하였, 마다 다양하며, 까지 다양한음악, 의 다양한장소, 도 다양한활동, 의 다양한용도, 까지 다양한반면, 의 다양한), 는 다양한이유, 의 다양한서식지, 가 다양할수, 는 다양한세포, 이 다양한상황, 는 다양한연령, 은 다양한세포, 의 다양한지점, 로 다양한코너"
정의,7548,17,36,80,"로 정의했다, 을 정의하였, 을 정의하는, 을 정의하고, 로 정의하고, 로 정의하여, 를 정의하자, 을 정의하자, 을 정의할수, 를 정의할수, 로 정의할수, 로 정의하면, 라고 정의한다, 를 정의하는, 을 정의하여, 으로 정의할수, 을 정의하려면, 를 정의한다, 으로 정의할때, 를 정의하였, 로 정의한다, 를 정의하며, 으로 정의하였, 으로 정의하는, 으로 정의한다, 라고 정의하고, 을 정의하면, 으로 정의하면, 으로 정의하기, 을 정의한다, 을 정의할때, 으로 정의하며, 를 정의하면, 로 정의하였, 로 정의하기, 를 정의할때, 을 정의하기, 를 정의하지, 을 정의한것, 으로 정의했다, 를 정의하기, 을 정의함으로써, 에서 정의하는, 로 정의하는, 를 정의하고, 을 정의하면서, 을 정의했다, 을 정의하며, 도 정의한다, 에서 정의하고, 로 정의하자, 으로 정의하고, 으로 정의하여, 를 정의한것, 를 정의하여, 를 정의했다, 라고 정의하였, 으로 정의하지, 에 정의할수, 도 정의할수, 를 정의한다면,, 이라고 정의하였, 로 정의하며, 을 정의하려는, 으로 정의하자, 을 정의하지, 를 정의하였을, 으로 정의하였으며, 로 정의하면서, 이라고 정의한다, 가 정의하는, 이라고 정의하고, 가 정의하였, 으로 정의하면서, 에 정의하였, 이라고 정의했다, 를 정의하면서, 라고 정의했다, 이 정의하는, 를 정의하려면"
복귀,7473,18,52,89,"에 복귀하게, 에 복귀하였, 으로 복귀하기, 으로 복귀하게, 으로 복귀하여, 로 복귀했다, 에 복귀하기, 에 복귀했다, 로 복귀하기, 으로 복귀한다, 에 복귀한후, 로 복귀하지, 로 복귀하였, 에 복귀하자, 으로 복귀했다, 로 복귀하는, 에 복귀하는, 에 복귀하였으나, 로 복귀했고, 로 복귀한다, 으로 복귀했고, 에 복귀하겠, 로 복귀하였으나, 로 복귀하여, 에 복귀하지, 로 복귀할것, 으로 복귀하였, 으로 복귀하는, 에 복귀한이후, 에 복귀하여, 에 복귀하면서, 으로 복귀할수, 으로 복귀하고, 로 복귀할수, 로 복귀하였으며, 로 복귀하게, 으로 복귀할것, 으로 복귀하지, 에 복귀했지만, 에 복귀한뒤, 에 복귀한다, 로 복귀하고, 로 복귀했으며,, 으로 복귀한후, 으로 복귀하면서, 에서 복귀하여, 에 복귀했으나,, 에 복귀할것, 로 복귀하면서, 에서 복귀하였, 에 복귀하였으며, 에 복귀했고, 로 복귀했는데, 에 복귀했을, 에서 복귀한후, 로 복귀했지만, 에 복귀한그, 에 복귀했는데, 로 복귀한이후, 로 복귀한뒤, 에 복귀했으며,, 으로 복귀하였으나, 로 복귀한후, 에서 복귀했다, 에 복귀한것, 에 복귀하고, 로 복귀한그, 이 복귀했다, 으로 복귀하였으며, 로 복귀할때, 가 복귀하여, 에 복귀했다가, 으로 복귀했지만, 로 복귀했을, 으로 복귀했으며,, 는 복귀하여, 에 복귀할수, 에 복귀해,, 로 복귀한것, 에 복귀하며, 로 복귀했다가, 으로 복귀한이후, 로 복귀하며, 는 복귀했지만, 이 복귀하면서, 로 복귀해1, 으로 복귀한뒤, 에 복귀해2, 으로 복귀했는데"
분,7420,19,5,38,"는 분해, 으로 분해, 은 분해, 로 분해, 를 분해, 의 분할, 가 분해, 이 분해, 를 분할, 으로 분할, 로 분할, 을 분해, 을 분하, 을 분할, 은 분할, 가 분할, 에서 분할, 과 분할, 의 분해, 에 분할, 이 분할, 와 분할, 는 분할, 를 분하, 과 분해, 로 분류함, 에서 분해, 으로부터 분할, 으로 분류함, 와 분해, 에게 분할, 로 분하, 도 분할, 까지 분해, 으로 분하, 에 분해, 으로서 분할, 도 분해"
생산,7414,15,44,94,"을 생산할때, 으로 생산하기, 을 생산하는, 를 생산한다, 를 생산하는, 를 생산하게, 에서 생산했던, 를 생산했다, 를 생산하며, 을 생산하여, 을 생산하도록, 에서 생산하고, 를 생산하였, 를 생산하기, 을 생산하고, 를 생산할수, 을 생산할수, 을 생산하기, 를 생산했고, 을 생산한다, 을 생산하였으며, 을 생산하였, 을 생산했다, 을 생산할것, 을 생산함으로써, 에서 생산하기, 를 생산하여, 를 생산하고, 을 생산하거나, 에서 생산하는, 을 생산하며, 을 생산하게, 을 생산한바, 을 생산해내, 으로 생산했다, 로 생산하기, 을 생산하지, 도 생산하고, 도 생산한다, 에서 생산할수, 도 생산했다, 를 생산하였으며, 에서 생산하였, 으로 생산하는, 를 생산하지, 을 생산했고, 을 생산하면서, 에서 생산하며, 를 생산할것, 를 생산해내, 을 생산했으며,, 를 생산하던, 으로 생산할수, 에서 생산하던, 를 생산하는데, 이 생산하는, 를 생산하지만, 로 생산하는, 으로 생산하고, 를 생산하면서, 가 생산한다, 를 생산했던, 가 생산하는, 만 생산하고, 을 생산해낸다, 을 생산하던, 으로 생산한다, 를 생산했으며,, 으로 생산한제품, 까지 생산했다, 를 생산하도록, 이 생산하고, 를 생산할때, 에서 생산한다, 에서 생산했다, 부터 생산하고, 으로 생산하여, 를 생산한것, 를 생산할계획, 를 생산해냈다, 를 생산했는데, 에서 생산하여, 를 생산하거나, 까지 생산하였, 까지 생산할수, 을 생산하는데, 을 생산해왔, 까지 생산했던, 가 생산하고, 부터 생산하는, 에서 생산한초점, 가 생산했던, 에 생산했던, 만 생산했다"
근무,7374,13,37,100,"로 근무했다, 에서 근무하며, 에서 근무하던, 에서 근무하였, 으로 근무하게, 에 근무했던, 에서 근무한뒤, 까지 근무했다, 로 근무하였, 로 근무했던, 에서 근무한경력, 에 근무하는, 으로 근무한다, 에서 근무하면서, 로 근무하기, 에 근무하고, 으로 근무하다, 까지 근무하였, 에 근무하던, 에서 근무한적, 에서 근무했던, 으로 근무하는, 로 근무했고, 에 근무하면서, 가 근무하던, 으로 근무했던, 으로 근무하던, 에서 근무하는, 에 근무하여, 로 근무하던, 으로 근무하면서, 에서 근무한다, 이 근무하고, 이 근무한다, 으로 근무했다, 으로 근무하여, 에 근무하였, 로 근무할때, 에서 근무한경험, 에서 근무하게, 으로 근무하였, 로 근무하는, 로 근무한다, 으로 근무하다가, 으로 근무했으며,, 에서 근무하고, 가 근무했던, 로 근무하고, 에서 근무하다가, 에 근무하며, 으로 근무하기, 으로 근무했고, 에 근무했다, 로 근무하게, 에서 근무하기, 으로 근무하였으며, 로 근무했지만, 로 근무하면서, 가 근무하는, 으로 근무하고, 으로 근무하며, 에서 근무하다, 로 근무했으며,, 에서 근무할때, 에 근무하게, 로 근무하다가, 에서 근무하여, 으로 근무한후, 로 근무하였으며, 이 근무하는, 에서 근무했다, 에서 근무하였으며, 으로 근무한적, 가 근무하고, 에 근무할때, 도 근무하였, 에 근무하다가, 에서 근무했고, 을 근무했다, 에서 근무한후, 에서 근무한것, 이 근무하던, 에서 근무했으며,, 을 근무하는, 로 근무하며, 에서 근무했지만, 도 근무했다, 으로 근무할때, 에서 근무했는데, 에 근무하였으며, 이 근무했다, 에서 근무할수, 이 근무하지, 로 근무하다, 이 근무하며, 으로 근무한경력, 에 근무했고, 에 근무하기, 에 근무한다, 으로 근무할당시"
선택,7316,16,67,120,"로 선택하는, 을 선택했다고, 을 선택하는, 으로 선택하여, 을 선택했다, 에서 선택하여, 를 선택할수, 을 선택하게, 를 선택하게, 를 선택했다, 을 선택할수, 를 선택하고, 를 선택한다, 을 선택함으로써, 을 선택할때, 을 선택한것, 을 선택하였, 를 선택하며, 로 선택한다, 가 선택한것, 로 선택할수, 을 선택하고, 을 선택한다, 으로 선택한것, 를 선택하여, 를 선택하면, 을 선택했고, 를 선택하는, 를 선택하지, 이 선택하는, 를 선택하였, 에서 선택하는, 를 선택할때, 으로 선택하는, 을 선택할것, 을 선택하여, 를 선택했지만, 도 선택할수, 으로 선택했다, 에서 선택할수, 이 선택할수, 을 선택하면, 을 선택했을, 로 선택하고, 를 선택해야했, 로 선택하였, 을 선택한이유, 는 선택할수, 를 선택하도록, 가 선택할수, 으로 선택한다, 을 선택하도록, 를 선택했을, 으로 선택하였, 를 선택했고, 을 선택할경우, 를 선택하기, 을 선택한사람, 을 선택하기, 로 선택했다, 으로 선택할수, 를 선택함으로써, 를 선택했다고, 만 선택할수, 를 선택한것, 을 선택했지만, 를 선택한이유, 까지 선택할수, 를 선택한후, 을 선택하지, 을 선택해야하, 에서 선택한다, 를 선택해야하, 가 선택하는, 를 선택하거나, 을 선택하며, 을 선택했다는, 을 선택했는데, 이 선택한것, 를 선택해야한다, 을 선택하거나, 를 선택했다는, 로 선택하여, 를 선택하면서, 을 선택해야한다, 를 선택할것, 로 선택한것, 로 선택했다고, 로 선택했고, 를 선택했던, 를 선택한뒤, 를 선택했는데, 을 선택하면서, 가 선택한길, 을 선택했다면, 을 선택한경우, 은 선택할수, 을 선택하겠, 로 선택하면, 을 선택해,, 을 선택한후, 으로 선택하고, 에 선택할수, 가 선택하지, 으로 선택했을, 을 선택했던, 를 선택한사람, 를 선택해플레이, 를 선택하는데, 를 선택할경우, 을 선택해플레이, 을 선택하여야, 를 선택할권리, 을 선택했기, 를 선택한경우, 를 선택했는지, 를 선택했다면, 이 선택한면, 을 선택한플레이어, 를 선택한플레이어"
연구,7285,13,51,76,"을 연구하면서, 을 연구한다, 을 연구하는, 를 연구하는, 도 연구한다, 를 연구하기, 을 연구하여, 를 연구하고, 을 연구함으로써, 을 연구하기, 으로 연구하는, 를 연구할때, 를 연구하면서, 을 연구하고, 에서 연구하였, 를 연구한다, 를 연구하였, 을 연구하였, 을 연구하거나, 를 연구한것, 도 연구하였, 으로 연구하여, 을 연구하며, 이 연구하는, 를 연구하여, 을 연구할수, 을 연구하는데, 를 연구할수, 에서 연구하는, 을 연구했다, 을 연구하도록, 를 연구하던, 를 연구하며, 으로 연구하고, 으로 연구하였, 이 연구하고, 으로 연구하기, 를 연구하지, 을 연구한것, 을 연구하면, 로 연구하였, 를 연구함으로써, 를 연구한논문, 을 연구할때, 으로 연구한다, 으로 연구했다, 를 연구했다, 을 연구한결과, 를 연구해온, 를 연구하는데, 을 연구하였으며, 을 연구하게, 을 연구해왔, 을 연구하던, 을 연구하다가, 을 연구한후, 에서 연구하고, 을 연구했던, 을 연구했고, 을 연구했는데, 을 연구하고자, 으로 연구할수, 으로 연구한결과, 도 연구했다, 을 연구해온, 를 연구한결과, 을 연구했으며,, 에서 연구했다, 를 연구하게, 을 연구한공로, 를 연구한공로, 을 연구한학자, 를 연구했고, 를 연구해왔, 을 연구하다, 를 연구했던"
가,7265,15,8,34,"에 가해, 을 가하, 을 가했으나,, 를 가하, 를 가했, 을 가했, 가 가해, 에서 가해, 이 가해, 을 가할, 를 가해, 을 가해, 에 가한, 을 가한, 를 가한, 에 가하, 이 가하, 를 가할, 을 가함, 에게 가해, 의 가한, 으로 가해, 으로 가하, 에게 가한, 는 가해, 가 가하, 에게 가하, 은 가해군이, 가 가한, 를 가함, 에 가했, 의 가해, 으로 가한, 은 가해"
승리,7164,18,74,152,"이 승리하는, 이 승리하며, 으로 승리하는, 으로 승리하여, 가 승리하여, 에서 승리했다, 에서 승리한것, 로 승리했으며,, 에서 승리하여, 에 승리하고, 에서 승리하는, 으로 승리했다, 에서 승리했다는, 가 승리했다, 에서 승리한이후, 가 승리하면서, 이 승리하면서, 에서 승리하면서, 이 승리하자, 가 승리하는, 이 승리하게, 으로 승리한것, 이 승리하다, 이 승리했다, 로 승리하여, 에서 승리하다, 로 승리하였, 이 승리한다, 이 승리한것, 가 승리하였, 으로 승리하며, 로 승리하며, 에서 승리한프랑스, 에서 승리한후, 가 승리하게, 에서 승리하였, 에서 승리하지, 이 승리했고, 에서 승리하고, 이 승리할수, 로 승리했고, 에서 승리할수, 가 승리하자, 이 승리하여, 에서 승리하며, 도 승리하여, 에서 승리했으며,, 이 승리하고, 에게 승리하여, 이 승리하였, 에서 승리하기, 에 승리하였, 는 승리하였, 에서 승리함으로써, 에서 승리한뒤, 가 승리함으로써, 에서 승리한일본, 로 승리하고, 에서 승리한직후, 에 승리했다, 가 승리했지만, 이 승리함으로써, 를 승리하는, 에서 승리한다, 에서 승리하게, 에서 승리했고, 도 승리했다, 이 승리하면, 에서 승리하였으나, 에 승리했을, 에게 승리했다, 로 승리하게, 이 승리한후, 에 승리한것, 도 승리하였, 으로 승리하면서, 에게 승리하였, 로 승리했다, 으로 승리하였, 에 승리하면서, 에 승리하여, 이 승리한이후, 에서 승리할것, 에서 승리하였으며, 에서 승리했지만, 가 승리하고, 가 승리할수, 도 승리하지, 로 승리하면서, 에서 승리하자, 도 승리하며, 에 승리한후, 로 승리한뒤, 으로 승리하고, 에서 승리했다고, 이 승리했다고, 에서 승리할경우, 에 승리하는, 로 승리한다, 에게 승리하며, 을 승리하고, 는 승리하여, 에게 승리하고, 에서 승리하면, 가 승리하며, 에서 승리함에, 로 승리함으로써, 이 승리할것, 이 승리하기, 이 승리한뒤, 에 승리하며, 에서 승리할때, 이 승리했지만, 로 승리했지만, 가 승리했고, 에 승리했고, 이 승리함에, 가 승리할경우, 가 승리한다, 에서 승리한팀, 로 승리한경기, 도 승리하면서, 을 승리하며, 에게 승리하는, 은 승리했다, 으로 승리했고, 에서 승리했을, 은 승리하였, 에 승리할수, 는 승리했지만, 로 승리하는, 에서 승리한4, 에서 승리한2, 에서 승리한5, 는 승리한것, 가 승리한후, 로 승리하기, 으로 승리한다, 으로 승리한경기, 를 승리하며, 이 승리했으며,, 서 승리한팀, 에서 승리한두, 가 승리한것, 으로 승리함), 에서 승리한8, 로 승리한팀, 는 승리하리라, 에서 승리한3, 에서 승리한구단, 에서 승리한플레이어, 에게 승리했지만"
북,7076,24,5,37,"으로 북한, 까지 북한, 과 북한, 이 북한, 에서 북한, 부터 북한, 의 북한, 는 북한, 을 북한, 은 북한, 도 북한, 에 북한, 와 북한, 는 북극해, 와 북해, 가 북한, 는 북해, 과 북해, 를 북한, 은 북해, 처럼 북한, 은 북극해, 로 북한, 에게 북한, 으로서 북한, 로써 북한, 에 북해, 과 북극해, 이나 북한, 의 북해, 나 북한, 에서 북해, 로서 북한, 이 북해, 의 북극해, 는 북해,, 으로써 북한"
지,7050,20,9,51,"를 지배했, 의 지하, 이 지하, 로 지난해, 과 지중해, 에 지하, 는 지하, 로 지중해, 부터 지하, 과 지하, 는 지중해, 을 지배했, 이 지배했, 를 지하, 가 지하, 은 지하, 은 지중해, 와 지중해, 에 지중해, 은 지난해, 으로 지중해, 으로 지배했, 이 지중해, 에서 지하, 와 지하, 도 지중해, 가 지배했, 는 지난해, 까지 지하, 의 지중해, 을 지하, 에서 지중해, 의 지해, 가 지난해, 가 지중해, 부터 지중해, 로 지하, 이 지함, 까지 지중해, 이나 지하, 만 지하, 도 지하, 으로 지하, 까지 지배했, 이 지난해, 에서 지난해, 나 지하, 부터 지난해, 대로 지하, 에 지난해, 으로 지난해"
유래,7038,12,44,68,"에서 유래하였, 에서 유래한다, 에서 유래했다고, 에서 유래했다는, 에서 유래하고, 에서 유래한것, 에서 유래했다, 에서 유래했는데, 로부터 유래하였, 에서 유래한표현, 에서 유래한말, 이 유래한다, 으로부터 유래하였, 에서 유래한단어, 에서 유래한"", 에서 유래하여, 에서 유래한요리, 에서 유래한전통, 이 유래했다는, 에서 유래하였으며, 에서 유래하는데, 에서 유래하는, 에서 유래했지만, 에서 유래한이름, 에서 유래한용어, 로부터 유래한다, 에서 유래했을, 서 유래한것, 에 유래한다, 가 유래했다, 에서 유래했으며,, 에서 유래하며, 서 유래하였, 에서 유래했고, 으로부터 유래하는, 에서 유래하지만, 이 유래했다고, 이 유래하였, 서 유래했다, 가 유래하였, 이 유래했다, 서 유래한다, 에서 유래한''', 에서 유래한지명, 로부터 유래했다, 으로부터 유래한다, 에서 유래한', 에서 유래했음, 서 유래했다는, 서 유래하여, 로부터 유래한것, 에서 유래하였으나, 에 유래하고, 가 유래한것, 으로부터 유래한것, 로부터 유래했다는, 에게서 유래한것, 에서 유래함), 에 유래하여, 에 유래하는, 이 유래한것, 에 유래하며, 에게서 유래했다, 에서 유래한명칭, 에서 유래한'', 에 유래했다, 에서 유래하기, 에서 유래한이"
실패,6998,15,50,108,"에 실패하였, 에 실패했다는, 에 실패했다, 에 실패하자, 는 실패했다, 으로 실패했다, 가 실패한후, 가 실패하자, 가 실패하는, 이 실패하여, 은 실패하였, 이 실패할것, 에 실패한다, 에 실패하는, 이 실패하자, 에 실패하여, 으로 실패하고, 가 실패하고, 로 실패하였, 이 실패하는, 에 실패하고, 에 실패했고, 이 실패했음, 는 실패하였, 는 실패하고, 에서 실패했다, 은 실패했고, 은 실패했다, 는 실패하여, 에서 실패하고, 이 실패한후, 이 실패하면, 는 실패한다, 도 실패했다, 은 실패하고, 이 실패한뒤, 으로 실패한다, 가 실패한이후, 도 실패하고, 는 실패했으나,, 이 실패한이유, 으로 실패하였, 가 실패하면, 에 실패하였으며, 에 실패하면서, 는 실패했지만, 에서 실패한후, 이 실패하고, 에 실패한후, 에 실패했기, 가 실패한것, 이 실패한이후, 로 실패하고, 는 실패했고, 에 실패했다고, 이 실패할경우, 가 실패할경우, 가 실패하면서, 에 실패한뒤, 에 실패하게, 에 실패하며, 으로 실패하게, 에 실패하면, 로 실패했다, 이 실패할수, 에 실패했을, 로 실패했고, 는 실패하였으나, 에 실패했던, 이 실패하면서, 은 실패한다, 에 실패할경우, 도 실패했고, 이 실패하였, 도 실패하였, 에 실패했으며,, 이 실패했다고, 이 실패했다, 에 실패한것, 에 실패하였으나, 을 실패하였, 이 실패했을, 에서 실패하였, 가 실패하였, 은 실패했지만, 로 실패한다, 은 실패하였으나, 에 실패했지만, 가 실패한뒤, 이 실패한것, 가 실패하여, 에 실패한데, 에 실패한이후, 에 실패함으로써, 가 실패했다, 는 실패했으며,, 는 실패하게, 에 실패하기, 은 실패하여, 에 실패했는데, 은 실패하게, 에 실패한경우, 도 실패하여, 에 실패하거나, 을 실패하고, 가 실패했을, 는 실패했다고, 가 실패했다고"
강조,6877,16,40,64,"을 강조하였, 을 강조했다, 라고 강조했다, 를 강조했던, 을 강조했던, 을 강조하는, 을 강조한반면, 를 강조하였으며, 을 강조하게, 를 강조하는, 을 강조한다, 을 강조하면서, 을 강조하기, 를 강조하고, 을 강조했고, 을 강조하던, 를 강조하지만, 고 강조했다, 을 강조하며, 를 강조하였, 을 강조하였으며, 를 강조했다, 를 강조한다, 에서 강조하는, 를 강조하며, 를 강조함으로써, 을 강조하고, 을 강조하지만, 을 강조하지, 를 강조하기, 을 강조함으로써, 을 강조했으며,, 을 강조했는데, 을 강조했다는, 을 강조한것, 를 강조하면서, 을 강조하여, 으로 강조하였, 고 강조하며, 을 강조할수, 이라고 강조했다, 로 강조하였, 을 강조하거나, 를 강조하여, 를 강조한것, 을 강조하는데, 를 강조하던, 고 강조하였, 을 강조하고자, 으로 강조하고, 을 강조하다, 을 강조하려는, 을 강조할때, 으로 강조한다, 를 강조할수, 이 강조하는, 으로 강조하는, 도 강조했다, 을 강조해왔, 를 강조했고, 을 강조한다는점, 가 강조하는, 으로 강조했다, 을 강조했기"
행,6848,21,6,56,"에서 행해, 에게 행하, 을 행한, 으로 행해, 이 행해, 이 행한, 을 행하, 을 행했, 가 행한, 가 행하, 이 행하, 에서 행하, 를 행하, 에 행하, 만 행해, 를 행할, 이 행했, 에서 행한, 에서 행했, 을 행할, 을 행함, 를 행했, 가 행해, 에 행한, 로 행한, 에 행했, 를 행한, 도 행하, 으로 행하, 가 행했, 으로 행한, 을 행해, 까지 행해, 에 행해, 를 행함, 는 행하, 까지 행하, 께서 행하, 이 행할, 도 행해, 만 행하, 로 행해, 은 행해, 에게 행한, 는 행해, 으로서 행해, 에서 행할, 도 행했, 은 행하, 로 행하, 으로 행했, 를 행해, 로서 행하, 부터 행해, 에게 행해, 으로 행할"
좋,6832,4,6,13,"을 좋아하, 를 좋아하, 를 좋아했, 을 좋아했, 를 좋아한, 을 좋아한, 를 좋아해, 을 좋아해, 을 좋아할, 를 좋아할, 를 좋아함, 을 좋아함, 이 좋아한"
제시,6827,14,64,92,"을 제시하고, 을 제시한다, 을 제시하였, 으로 제시하였, 를 제시했다, 을 제시했다, 를 제시하였, 을 제시하는, 를 제시한다, 을 제시했는데, 로 제시하였, 에서 제시하는, 을 제시하며, 을 제시하기, 을 제시하여, 가 제시하였, 을 제시함으로써, 을 제시한것, 을 제시하지, 을 제시하거나, 을 제시했다고, 가 제시하는, 을 제시했지만, 로 제시하고, 를 제시하며, 를 제시하기, 를 제시하여, 를 제시했고, 을 제시하였으며, 으로 제시하며, 로 제시한다, 을 제시할수, 을 제시할때, 를 제시하고, 을 제시한바, 가 제시했던, 가 제시한조건, 를 제시한것, 으로 제시했다, 을 제시했던, 을 제시하고자, 를 제시함으로써, 에 제시하는, 도 제시했다, 를 제시하는, 으로 제시하는, 으로 제시한다, 으로 제시하고, 를 제시하지, 을 제시했다는, 을 제시해주, 을 제시하면서, 을 제시했을, 가 제시한것, 에 제시하였, 을 제시하였으나, 도 제시하고, 이 제시하는, 로 제시하는, 을 제시하는데, 를 제시하면서, 을 제시했고, 을 제시하게, 를 제시하였으며, 를 제시하면, 을 제시하자, 으로 제시한것, 에 제시한다, 을 제시했으나,, 이 제시하였, 로 제시했다, 을 제시한사람, 를 제시할수, 에 제시했다, 이 제시하고, 도 제시하지, 을 제시하면, 을 제시할것, 을 제시해준다, 이 제시했던, 를 제시한사람, 을 제시했으며,, 으로 제시하면서, 을 제시하지만, 을 제시해야한다, 를 제시했는데, 을 제시하여야, 을 제시하겠, 를 제시해주, 를 제시할것, 을 제시해왔, 을 제시한플레이어"
변,6778,17,6,51,"이 변하, 은 변하, 으로 변하, 로 변할, 이 변할, 가 변하, 가 변한, 도 변하, 는 변하, 는 변할, 으로 변함, 가 변함, 이 변해, 으로 변했, 가 변해, 로 변해, 으로 변해, 이 변한, 로 변하, 은 변했, 으로 변한, 로 변한, 는 변함, 가 변할, 으로 변할, 로 변했, 은 변함, 도 변함, 과 변한, 의 변하, 만 변하, 는 변한, 처럼 변했, 에 변한, 은 변한, 처럼 변하, 을 변하, 가 변했, 에서 변한, 에 변함, 이 변함, 까지 변하, 에 변하, 의 변한, 이 변했, 과 변함, 에서 변하, 도 변할, 로 변함, 처럼 변해, 를 변하"
우승,6772,15,69,124,"에서 우승하였, 에서 우승한것, 에서 우승하는, 도 우승했다, 에 우승하였, 에서 우승했다, 로 우승했다, 에서 우승하면서, 가 우승하였, 에서 우승하고, 에서 우승하기, 에서 우승하였으며, 에서 우승한유일, 에서 우승한미국, 가 우승했다, 에서 우승했고, 로 우승하였, 에서 우승하여, 을 우승하였, 를 우승하고, 가 우승하는, 를 우승하여, 이 우승하면서, 에서 우승했으며,, 이 우승하고, 를 우승하였, 을 우승하는, 으로 우승하여, 이 우승하였, 가 우승하면서, 에서 우승하였으나, 를 우승하였으나, 에서 우승한팀, 를 우승하는, 에서 우승하면, 에서 우승한경력, 으로 우승했다, 에서 우승한다, 으로 우승하였, 에서 우승함으로써, 에서 우승하며, 을 우승하며, 도 우승하였, 를 우승하면서, 를 우승하였으며, 도 우승하여, 을 우승하였으며, 을 우승하여, 를 우승했다, 에서 우승할당시, 로 우승하며, 에서 우승한첫, 를 우승했는데, 를 우승했고, 을 우승했다, 으로 우승했고, 를 우승한첫, 에서 우승했을, 이 우승했다, 에서 우승한후, 에 우승하면서, 에서 우승한이후, 가 우승한다, 으로 우승하며, 를 우승한후, 을 우승할당시, 에 우승하여, 이 우승하는, 에서 우승하게, 를 우승하며, 에서 우승할때, 로 우승한경기, 으로 우승하는, 도 우승하지, 에서 우승했던, 에 우승하는, 는 우승하지, 에 우승했다, 에서 우승한최초, 에서 우승할수, 을 우승한팀, 을 우승하지, 을 우승하고, 를 우승할때, 을 우승할때, 을 우승하면서, 을 우승한첫, 에서 우승하지, 에서 우승한뒤, 을 우승했고, 에서 우승한경험, 에서 우승한선수, 를 우승한바르셀로나, 를 우승한구단, 을 우승한후, 을 우승하기, 가 우승한것, 에서 우승한적, 로 우승하면서, 는 우승한대회, 를 우승했으며,, 를 우승했던, 에서 우승함에, 를 우승한레알, 가 우승하여, 를 우승하기, 를 우승한아틀레, 을 우승하였으나, 에서 우승한의, 를 우승했을, 에서 우승했지만, 를 우승한것, 로 우승하는, 로 우승하여, 으로 우승하면서, 이 우승한다, 에 우승한것, 를 우승하러, 을 우승한선수, 가 우승하며, 를 우승하지, 으로 우승한다, 으로 우승했으며,, 가 우승하였으며"
도달,6666,13,60,91,"에 도달했다, 에 도달하면서, 에 도달한다, 까지 도달했지만, 에 도달하기, 에 도달하는, 에 도달할수, 까지 도달할수, 에 도달했고, 에 도달하지, 에 도달하였, 에 도달했을, 에 도달해있, 에 도달하면, 까지 도달하면, 에 도달함으로써, 에 도달하다, 에 도달한첫, 에 도달하여, 에 도달하게, 에 도달하였을, 에 도달했다는, 에 도달하며, 에 도달한이후, 에 도달했는데, 에 도달한것, 만 도달할수, 에 도달할것, 이 도달하지, 에 도달할때, 으로 도달하는, 까지 도달하고, 에 도달하고, 으로 도달하였, 에 도달하도록, 로 도달할수, 에 도달했으며,, 까지 도달하였, 이 도달하기, 에 도달하는가, 에 도달했음, 에 도달한후, 에 도달한뒤, 로 도달하는, 에 도달하는데, 가 도달하기, 까지 도달한다, 에 도달하였으며, 에게 도달하지, 까지 도달했고, 에 도달한경우, 에 도달했지만, 에 도달하거나, 이 도달하는, 까지 도달하는, 에 도달했는지, 으로 도달할수, 에게 도달할수, 에 도달한사람, 까지 도달하기, 에 도달하였으나, 에 도달한다음, 에 도달했다고, 에 도달하려면, 에 도달하려고, 는 도달할수, 까지 도달했다, 에 도달했던, 에 도달했기, 에 도달한최초, 는 도달하지, 가 도달할수, 이 도달할수, 까지 도달하게, 에 도달하지만, 까지 도달하지, 에서 도달할수, 에게 도달하는, 에게 도달하기, 에 도달하자, 에 도달해야한다, 에 도달할경우, 를 도달하는, 까지 도달하여, 에 도달하려는, 에 도달해,, 에 도달한연도, 에 도달함에, 에 도달해야하, 에 도달한선수, 에 도달한상태"
보호,6653,15,56,85,"을 보호하고, 을 보호할수, 을 보호하기, 을 보호하는, 를 보호하고, 를 보호하기, 을 보호한다, 를 보호하면서, 를 보호하여, 를 보호하는, 을 보호한다는명목, 을 보호하려, 의 보호하에, 으로 보호하고, 으로부터 보호하기, 을 보호하겠, 을 보호해줄, 을 보호하였, 를 보호해주, 을 보호하려는, 를 보호했다, 를 보호하지, 를 보호하였, 를 보호하며, 으로부터 보호하는, 을 보호하려고, 을 보호하지, 로부터 보호하기, 을 보호함으로써, 를 보호한다는명분, 를 보호하려, 를 보호하거나, 을 보호해주, 를 보호한다, 를 보호하겠, 를 보호해줄, 로부터 보호한다, 을 보호하도록, 를 보호할수, 이 보호하는, 를 보호하도록, 으로 보호할수, 에서 보호하는, 을 보호했다, 을 보호한다는명분, 을 보호할것, 을 보호하며, 로부터 보호하는, 로 보호하고, 으로 보호하는, 에서 보호하고, 을 보호하면서, 를 보호하고자, 를 보호하게, 을 보호하여, 를 보호해야한다, 을 보호하고자, 로부터 보호해주, 을 보호해달, 를 보호하려고, 을 보호해준다, 을 보호하던, 를 보호하려는, 으로부터 보호한다, 으로부터 보호해준다, 으로부터 보호한다고믿, 로부터 보호할수, 를 보호함으로써, 으로부터 보호하고, 을 보호하소서, 을 보호해야하, 을 보호하게, 으로 보호하기, 으로부터 보호해주, 을 보호하거나, 을 보호할필요, 을 보호해야할, 를 보호하던, 가 보호하고, 이 보호하고, 으로부터 보호할수, 로부터 보호하고, 를 보호해야할, 을 보호할목적, 을 보호해야한다"
이동,6532,17,47,110,"으로 이동했지만, 으로 이동하면서, 으로 이동했다, 으로 이동하기, 로 이동하고, 으로 이동하는, 으로 이동하며, 으로 이동한다, 으로 이동하도록, 가 이동할수, 를 이동하는, 으로 이동해왔, 를 이동할수, 으로 이동하였으며, 이 이동하게, 이 이동하는, 가 이동하여, 가 이동할때, 로 이동한다, 로 이동할수, 를 이동하며, 으로 이동하고, 으로 이동하던, 으로 이동하여, 로 이동하도록, 으로 이동하면, 로 이동하여, 로 이동했다, 로 이동하게, 로 이동할것, 을 이동하여, 을 이동하는, 로 이동하면서, 로 이동하는, 로 이동했고, 로 이동할때, 로 이동하면, 가 이동하면서, 로 이동할경우, 로 이동하기, 로 이동하며, 도 이동할수, 이 이동한다, 를 이동하여, 으로 이동할때, 이 이동하면서, 를 이동할때, 로 이동해야한다, 에 이동할수, 으로 이동하거나, 으로 이동하다가, 를 이동하기, 에서 이동하기, 가 이동하는, 를 이동한다, 를 이동하면서, 을 이동하기, 로 이동하지, 으로 이동할수, 까지 이동할수, 를 이동하거나, 을 이동할때, 으로 이동하게, 으로 이동하지만, 를 이동했다, 으로 이동한것, 로 이동하던, 으로 이동하지, 으로 이동할것, 에서 이동할수, 까지 이동하여, 까지 이동했다, 로 이동했기, 로 이동했는데, 까지 이동하는, 로 이동하지만, 을 이동하면서, 을 이동할수, 을 이동하고, 이 이동하여, 로 이동했지만, 이 이동하기, 로 이동함에, 으로 이동했는데, 으로 이동했으며,, 으로 이동함에, 로 이동했으며,, 으로 이동했고, 이 이동하고, 으로 이동함으로써, 으로 이동하자, 으로 이동해야한다, 로 이동한것, 이 이동할때, 으로 이동했을, 에 이동하는, 을 이동하며, 을 이동한다, 이 이동했다, 를 이동하고, 이 이동할수, 로 이동하거나, 까지 이동한다, 는 이동할수, 를 이동하면, 으로 이동하는데, 으로 이동해야했, 가 이동한다, 을 이동했다, 이 이동한것"
취임,6407,9,44,91,"으로 취임하였, 으로 취임한이후, 로 취임하였, 가 취임하였, 에 취임하면서, 가 취임하면서, 로 취임하면서, 에 취임하였, 에 취임하는, 으로 취임하다, 이 취임했다, 에 취임하지, 으로 취임했다, 이 취임하였, 에 취임한그, 에 취임했다, 로 취임한이후, 로 취임했다, 가 취임했다, 에 취임하자마자, 에 취임하고, 에 취임했고, 이 취임하다, 에 취임하다, 에 취임한뒤, 에 취임하여, 으로 취임하여, 에 취임하게, 으로 취임하면서, 에 취임한지, 에 취임하자, 가 취임하고, 으로 취임했으며,, 에 취임함으로써, 에 취임하였으며, 로 취임한다, 로 취임하고, 로 취임하게, 에 취임한후, 에 취임할수, 에 취임한다, 로 취임하여, 이 취임하여, 으로 취임하는, 에 취임했을, 으로 취임하였으나, 에 취임하였으나, 로 취임한후, 이 취임한이후, 에 취임한이후, 으로 취임하였으며, 이 취임하면서, 으로 취임하고, 으로 취임한후, 에 취임했으나,, 으로 취임한다, 가 취임한다, 가 취임하기, 이 취임하였으며, 가 취임하여, 으로 취임한것, 이 취임하고, 으로 취임하자, 에 취임한직후, 으로 취임했고, 에 취임할것, 에 취임하기, 으로 취임했는데, 으로 취임하게, 으로 취임했지만, 가 취임하게, 으로 취임하며, 로 취임하는, 가 취임했고, 으로 취임하기, 이 취임한후, 로 취임했지만, 로 취임하기, 에 취임했는데, 에 취임했으며,, 에 취임하며, 으로 취임했던, 에 취임했지만, 로 취임하였으며, 으로 취임했으나,, 으로 취임했을, 로 취임했고, 으로 취임한뒤, 가 취임한이후, 가 취임할때, 에 취임한것"
유사,6403,15,117,120,"도 유사하다, 와 유사하다, 과 유사하다, 와 유사하게, 와 유사한성질, 과 유사한형태, 와 유사하였, 와 유사한것, 과 유사한개념, 과 유사한방법, 와 유사하지만, 가 유사하다는, 와 유사한점, 에서 유사하다, 와 유사하나,, 와 유사한형태, 과 유사한방식, 과 유사한특징, 과 유사하게, 와 유사한모양, 와 유사하다는, 과 유사하지만, 과 유사한의미, 과 유사한데,, 와 유사한편, 와 유사한부분, 과 유사하며, 이 유사한점, 과 유사한면, 와 유사하기, 과 유사하기, 와 유사한방식, 과 유사한것, 이 유사하다, 이 유사하다고, 와 유사한과정, 과 유사하다는, 이 유사하여, 와 유사하며, 와 유사한개념, 과 유사한,, 과 유사했다, 와 유사한"", 가 유사하게, 와 유사했다, 은 유사하게, 와 유사하고, 과 유사한점, 와 유사하여, 와 유사한데,, 과 유사하다고, 와 유사한,, 과 유사하거나, 으로 유사하며, 이 유사하고, 가 유사하다, 와 유사하다고, 과 유사하였, 과 유사한특성, 이 유사하기, 과 유사한크기, 와 유사한특징, 과 유사한성격, 과 유사한수준, 과 유사한증상, 와 유사한증상, 과 유사하나,, 는 유사하게, 과 유사한모양, 과 유사한구조, 와 유사한모습, 이 유사하지만, 과 유사하고, 도 유사하게, 와 유사한기능, 과 유사한기능, 가 유사한것, 과 유사한모습, 과 유사한성질, 와 유사한구조, 와 유사함), 와 유사한면, 이 유사하며, 와 유사한환경, 과 유사한편, 이 유사하다는, 과 유사하여, 에서 유사하게, 를 유사하게, 으로 유사하다, 은 유사하지만, 와 유사하거나, 과 유사한내용, 으로 유사하지만, 을 유사하게, 는 유사하지만, 이 유사한것, 과 유사한형식, 는 유사하다, 와 유사한요리, 와 유사한이름, 와 유사한역할, 은 유사하다, 와 유사한게임, 와 유사할것, 와 유사한현상, 과 유사함을, 와 유사한행위, 과 유사한효과, 과 유사한부분, 와 유사한문화재, 과 유사한역할, 과 유사한"", 과 유사한환경, 와 유사한성격, 과 유사한시스템, 와 유사한분야, 과 유사할수, 와 유사한디자인, 은 유사한데,"
계속,6337,19,77,98,"를 계속하고, 을 계속하다가, 이 계속하여, 을 계속하던, 을 계속할수, 로 계속하여, 을 계속했다, 을 계속하면서, 를 계속한다, 를 계속할수, 를 계속하였, 을 계속하였, 를 계속하여, 을 계속했고, 를 계속해나갔, 을 계속한결과, 도 계속하였, 을 계속하도록, 를 계속하며, 는 계속하여, 으로 계속하여, 은 계속하여, 을 계속하여, 부터 계속하여, 를 계속했다, 을 계속했던, 을 계속하고, 을 계속하게, 을 계속하며, 을 계속하는, 가 계속하여, 는 계속해서증가, 을 계속하였으나, 는 계속할수, 에서 계속하여, 을 계속해왔, 를 계속하였으나, 을 계속했지만, 을 계속하기, 을 계속할것, 를 계속하면서, 를 계속해왔, 을 계속한다, 를 계속하게, 이 계속해서일어나, 를 계속하기, 도 계속하여, 를 계속하던, 을 계속하다, 를 계속했고, 까지 계속하였, 을 계속해나갔, 을 계속하였으며, 을 계속하겠, 까지 계속하여, 는 계속하고, 를 계속해나가, 을 계속하지만, 을 계속해,, 를 계속하였으며, 를 계속하다가, 를 계속하는, 까지 계속한다, 을 계속했으며,, 를 계속하면, 는 계속해서이, 은 계속해서증가, 는 계속해서"", 를 계속할것, 을 계속하자, 을 계속했다고, 을 계속해오, 에 계속하여, 을 계속할경우, 를 계속하도록, 을 계속했으나,, 을 계속해서보여, 는 계속해서그, 을 계속하려는, 을 계속하면, 은 계속해서그, 을 계속해나가, 을 계속해서유지, 을 계속한후, 를 계속하지, 도 계속해서사용, 을 계속해온, 를 계속해서사용, 은 계속해서자신, 를 계속했지만, 을 계속하려, 을 계속했는데, 은 계속하고, 을 계속해야한다, 을 계속할예정, 도 계속하고, 을 계속했기, 을 계속하지"
고려,6287,13,53,89,"을 고려하여, 을 고려해보, 을 고려했고, 을 고려하지, 를 고려한), 을 고려할경우, 를 고려하지, 을 고려하는, 을 고려하면, 을 고려하고, 을 고려할수, 를 고려하자, 를 고려할때, 을 고려하기, 를 고려해보, 을 고려하자, 을 고려한다, 을 고려해야한다, 를 고려하여, 을 고려한다면,, 는 고려하지, 을 고려할때, 을 고려하여야, 을 고려한것, 를 고려하면, 를 고려하기, 을 고려함으로써, 를 고려하는, 을 고려할것, 을 고려했을, 를 고려하고, 을 고려하더라도, 도 고려하지, 만 고려하면, 도 고려하였, 을 고려하였, 를 고려해야하, 을 고려하였으나, 을 고려했다, 을 고려했다고, 까지 고려하면, 을 고려할필요, 도 고려하고, 를 고려하였, 를 고려하면서, 를 고려한것, 을 고려해야할, 을 고려해볼, 를 고려해볼, 으로 고려하여, 를 고려할수, 을 고려해야하, 을 고려하였을, 도 고려하여, 을 고려하며, 은 고려하지, 을 고려한결과, 도 고려해야한다, 을 고려했지만, 으로 고려하고, 도 고려했지만, 를 고려했다, 을 고려하게, 를 고려해야한다, 를 고려한다, 를 고려하며, 를 고려할것, 을 고려해,, 을 고려했으나,, 을 고려했기, 을 고려해야한다는, 을 고려하면서, 를 고려했지만, 를 고려할필요, 도 고려했다, 으로 고려하는, 을 고려함이, 으로 고려하여야, 를 고려했을, 도 고려할수, 을 고려하였으며, 을 고려하도록, 을 고려해서,, 를 고려할경우, 도 고려한다, 를 고려하게, 만 고려한다, 를 고려함으로써, 으로 고려해야한다"
지휘,6257,12,34,64,"으로 지휘했다, 을 지휘하고, 를 지휘했다, 를 지휘하고, 을 지휘한것, 을 지휘하는, 을 지휘하였, 이 지휘하는, 를 지휘하는, 가 지휘하는, 이 지휘하여, 를 지휘하면서, 을 지휘하면서, 의 지휘하에, 의 지휘하의, 를 지휘하던, 을 지휘했던, 가 지휘했다, 을 지휘하기, 을 지휘했다, 가 지휘하던, 을 지휘하게, 이 지휘하던, 를 지휘하여, 을 지휘하여, 을 지휘하였으며, 를 지휘하였, 를 지휘하기, 가 지휘하고, 를 지휘하며, 를 지휘할수, 을 지휘하던, 가 지휘한다, 을 지휘하다, 을 지휘했고, 을 지휘할수, 에서 지휘하였, 을 지휘하며, 이 지휘하고, 이 지휘하였, 을 지휘하도록, 이 지휘했다, 가 지휘했던, 를 지휘한다, 을 지휘한다, 가 지휘하였, 이 지휘한다, 를 지휘했던, 를 지휘했으며,, 를 지휘하게, 을 지휘했지만, 를 지휘하도록, 을 지휘하였으나, 의 지휘하에서, 을 지휘했으나,, 을 지휘했다고, 를 지휘했고, 을 지휘했으며,, 의 지휘하는, 를 지휘하였으며, 을 지휘하다가, 을 지휘했는데, 를 지휘했는데, 를 지휘한것"
서식,6224,10,26,48,"가 서식하며, 도 서식한다, 에 서식하는, 도 서식하는, 이 서식하는, 에서 서식한다, 에 서식한다, 이 서식하고, 이 서식한다, 도 서식하고, 가 서식한다, 에 서식하고, 가 서식하고, 만 서식한다, 에 서식하던, 에서 서식하고, 가 서식하는, 에서 서식하며, 에서 서식하는, 만 서식하고, 만 서식하는, 에 서식하며, 이 서식하기, 으로 서식하고, 에서 서식했다, 에 서식했다, 에 서식하지만, 에서 서식하지만, 만 서식하며, 에 서식했던, 가 서식하기, 으로 서식하는, 이 서식하며, 까지 서식한다, 는 서식하지, 에서 서식하기, 에서 서식했던, 에 서식하기, 에 서식하였, 으로 서식한다, 에 서식했었던, 에 서식한초식, 에 서식한4, 에서 서식한4, 에서 서식한2, 까지 서식했다, 에 서식하거나, 으로 서식하며"
해결,6221,16,56,81,"으로 해결하기, 를 해결하기, 를 해결하지, 를 해결하려는, 으로 해결했다, 으로써 해결할수, 을 해결하려, 을 해결하는, 를 해결하려면, 으로 해결할수, 을 해결하여, 을 해결했다, 를 해결했다, 를 해결하고, 를 해결하였, 을 해결할수, 으로 해결하는, 를 해결할수, 을 해결하기, 이 해결하는, 을 해결하겠, 를 해결하는, 으로 해결하고자, 를 해결해달, 를 해결해주, 을 해결하거나, 를 해결하려, 으로 해결하려고, 를 해결한다, 를 해결하고자, 을 해결하고자, 을 해결하려고, 를 해결할때, 로 해결할수, 을 해결하고, 를 해결하겠, 을 해결해줄, 을 해결하였, 를 해결하여, 이 해결할수, 을 해결하지, 를 해결할방법, 를 해결함으로써, 를 해결하려고, 을 해결한다, 으로 해결하려는, 을 해결하려는, 는 해결할수, 를 해결하거나, 을 해결할것, 를 해결해나가, 를 해결할것, 으로 해결하였, 으로 해결하려, 를 해결하게, 을 해결해주, 으로 해결하고, 이 해결하지, 을 해결하며, 을 해결함으로써, 를 해결하도록, 를 해결하면서, 으로 해결한다, 를 해결하는데, 을 해결한것, 를 해결하며, 을 해결해나가, 으로 해결하지, 를 해결한것, 를 해결해야한다, 을 해결해야한다, 을 해결하면서, 을 해결하러, 에서 해결하는, 에 해결할수, 을 해결해나간다, 도 해결할수, 을 해결해가, 을 해결한후, 을 해결하게, 에서 해결할수"
요청,6214,12,52,80,"을 요청하자, 을 요청했다, 를 요청하고, 을 요청하다, 을 요청하였, 을 요청했고, 를 요청했다, 을 요청했다는, 를 요청하는, 을 요청하였으나, 를 요청하였으나, 를 요청하였, 을 요청한다, 을 요청하게, 을 요청할수, 를 요청하면, 을 요청하기, 을 요청하고, 을 요청하여, 를 요청하며, 을 요청하는, 를 요청했지만, 를 요청했고, 를 요청하였으며, 에 요청하였, 을 요청했지만, 에게 요청하여, 을 요청해오, 을 요청하였으며, 이 요청하는, 을 요청했는데, 을 요청함으로써, 를 요청하자, 를 요청할수, 를 요청하여, 를 요청하기, 에게 요청하였, 에 요청하여, 을 요청한것, 에 요청하였으나, 고 요청했다, 을 요청해왔, 을 요청하며, 을 요청하는데, 을 요청했다고, 을 요청함에, 을 요청하러, 을 요청하지만, 으로 요청했다, 를 요청할때, 를 요청한것, 를 요청하지, 을 요청하면서, 에 요청했다, 을 요청하도록, 에 요청하는, 에게 요청했다, 을 요청하거나, 을 요청했으며,, 을 요청했을, 를 요청했을, 을 요청했으나,, 을 요청했으나거절, 으로 요청하였, 을 요청했다가, 를 요청하게, 를 요청했는데, 을 요청하지, 을 요청할때, 를 요청했다고, 를 요청하면서, 을 요청할것, 를 요청한다, 을 요청했던, 가 요청하는, 에게 요청하는, 을 요청하면, 을 요청해야한다, 을 요청한후, 를 요청해야하"
개최,6211,14,58,92,"에서 개최하였, 를 개최함, 을 개최하여, 를 개최하여, 를 개최했다, 을 개최했다, 를 개최하였, 을 개최하기, 을 개최했으며,, 을 개최하면서, 을 개최하였으며, 을 개최했던, 에서 개최하는, 을 개최하고, 을 개최하며, 마다 개최하는, 를 개최한다, 를 개최하고, 로 개최하였, 을 개최하는, 를 개최하다, 을 개최한다, 을 개최하였, 에서 개최하기, 에서 개최했다, 에서 개최하였으며, 를 개최하기, 를 개최하지, 를 개최하는, 를 개최해왔, 를 개최할때, 를 개최한것, 에 개최하여, 을 개최한적, 으로 개최했다, 을 개최한도시, 을 개최할예정, 를 개최했는데, 에 개최하였, 으로 개최하고, 를 개최할수, 이 개최하는, 으로 개최하여, 에서 개최하여, 으로 개최하였, 를 개최하자, 으로 개최하기, 를 개최하며, 를 개최해오, 에서 개최하고, 를 개최할것, 에서 개최한다, 을 개최하지, 를 개최했던, 도 개최하였, 를 개최하였으며, 를 개최하면서, 를 개최하게, 를 개최함으로써, 를 개최한바, 가 개최하였, 을 개최하다, 를 개최했고, 를 개최했으며,, 가 개최하는, 를 개최하거나, 까지 개최하였, 에서 개최한대회, 을 개최하게, 에 개최하기, 에서 개최하게, 에서 개최할것, 를 개최할예정, 으로 개최하는, 로 개최하는, 을 개최했고, 는 개최한대회, 에 개최한다, 을 개최할수, 을 개최할것, 에 개최할예정, 도 개최하게, 를 개최한후, 에서 개최한제, 에서 개최할예정, 를 개최한다고발표, 도 개최하고, 를 개최해,, 에 개최하는, 로 개최했다, 에서 개최한', 에서 개최했던"
체결,6184,11,47,49,"을 체결했다, 를 체결하였, 을 체결할수, 을 체결함으로써, 을 체결하는, 을 체결하였, 을 체결했지만, 을 체결했는데, 을 체결하여, 을 체결하며, 을 체결하기, 을 체결한것, 를 체결했다, 을 체결하다, 을 체결함, 을 체결하고, 를 체결하고, 을 체결하였으며, 을 체결할때, 를 체결하여, 을 체결한다, 과 체결했다, 을 체결하면서, 을 체결하였으나, 을 체결한뒤, 을 체결하게, 을 체결했고, 을 체결했으며,, 을 체결하자, 을 체결할것, 을 체결하지, 을 체결했다고, 에 체결한조약, 에 체결하였, 을 체결함에, 에 체결했다, 을 체결했음, 을 체결한후, 을 체결한이후, 를 체결하면서, 을 체결하도록, 을 체결할예정, 이 체결한조약, 을 체결한바, 을 체결해,, 을 체결한경우, 을 체결하려고, 을 체결했다는, 을 체결한구단"
임명,6179,9,47,90,"로 임명했다, 으로 임명했다, 이 임명하는, 을 임명할수, 이 임명하되, 이 임명하고, 이 임명한다, 으로 임명하게, 으로 임명한다, 로 임명한것, 을 임명하고, 에 임명하며, 으로 임명하였, 로 임명하는, 을 임명했다, 을 임명한다, 를 임명할수, 으로 임명하면서, 을 임명하며, 에 임명하였, 로 임명하여, 가 임명하는, 로 임명하였, 으로 임명하여, 으로 임명하기, 으로 임명하는, 를 임명할때, 을 임명하였, 를 임명하였, 를 임명했고, 으로 임명하였으며, 을 임명하는, 를 임명했다, 를 임명하는, 에 임명했다, 으로 임명하고, 을 임명하여, 로 임명하고, 를 임명하고, 를 임명한다, 로 임명한다, 로 임명했고, 에 임명하여, 로 임명했는데, 로 임명하자, 이 임명했다, 으로 임명하며, 에 임명한것, 이 임명하며, 을 임명했고, 로 임명한뒤, 를 임명하여, 에 임명한다, 가 임명한다, 에서 임명하는, 로 임명하며, 에서 임명한다, 로 임명하기, 에 임명했고, 가 임명하고, 에 임명하고, 에 임명하다, 을 임명할권한, 로 임명하면서, 으로 임명했으며,, 에 임명하였으며, 에 임명하기, 에 임명하였으나, 에 임명하는, 으로 임명했고, 로 임명하였으며, 으로 임명한후, 를 임명하기, 을 임명하였으며, 에 임명하면서, 으로 임명한것, 으로 임명했는데, 를 임명하지, 를 임명하면서, 을 임명하기, 로 임명할것, 에 임명하려, 을 임명한것, 을 임명하지, 에 임명할것, 이 임명하였, 로 임명했지만, 이 임명하거나, 이 임명하지만, 으로 임명할수"
비교,6126,13,41,90,"을 비교해볼, 를 비교하면, 과 비교해보, 와 비교하기, 을 비교해보, 에 비교하여, 를 비교하며, 을 비교하는, 를 비교한것, 를 비교하여, 과 비교하면, 을 비교할때, 과 비교하여, 를 비교하는, 를 비교해보, 과 비교했을, 을 비교하고, 에 비교하면, 와 비교하면, 를 비교하기, 을 비교했다, 과 비교할수, 과 비교할때, 와 비교하여, 와 비교해볼, 와 비교했을, 와 비교했다, 을 비교하여, 을 비교했을, 를 비교할수, 과 비교했다, 과 비교해볼, 에 비교할때, 과 비교해도손색, 과 비교하였을, 을 비교하였, 과 비교하기, 을 비교하기, 을 비교할수, 을 비교한결과, 와 비교할때, 과 비교하였, 을 비교함으로써, 을 비교하면, 도 비교할수, 과 비교하며, 를 비교하였, 을 비교하며, 를 비교했을, 와 비교해보, 와 비교할수, 와 비교하였, 과 비교하여도, 에 비교하기, 를 비교할때, 과 비교하는, 를 비교하고, 와 비교하였을, 를 비교한그림, 을 비교한것, 과 비교한다, 과 비교함으로써, 와 비교하는, 에서 비교할수, 와 비교할만, 과 비교해봤, 과 비교할만, 을 비교하거나, 는 비교할수, 와 비교하며, 를 비교한다, 를 비교함으로써, 와 비교하자면, 와 비교하면서, 과 비교하면서, 를 비교한결과, 를 비교하면서, 에 비교할수, 과 비교한결과, 은 비교할수, 에 비교했다, 에 비교했을, 을 비교한다, 와 비교한다, 과 비교하고, 을 비교하면서, 으로 비교할수, 으로 비교하여, 와 비교하고, 를 비교했다"
유일,6118,21,101,93,"에서 유일하게, 는 유일하지, 가 유일하다, 로 유일하게, 의 유일한합법, 이 유일하다, 은 유일하다, 이 유일하게, 가 유일하다는, 가 유일하게, 의 유일한생존자, 이 유일한해결책, 은 유일하게, 의 유일한후계자, 이 유일하며, 의 유일한적자, 는 유일하게, 만 유일하게, 에게 유일하게, 을 유일하게, 의 유일한싱글, 의 유일한예외, 의 유일한차이점, 도 유일하게, 를 유일하게, 에 유일하게, 으로 유일하게, 의 유일한자식, 는 유일한것, 의 유일한소생, 의 유일한통치자, 의 유일한희망, 이 유일했다, 가 유일하며, 의 유일한혈육, 까지 유일하게, 이 유일하지, 가 유일하고, 의 유일한과, 의 유일한왕, 의 유일한공항, 가 유일하였, 이 유일한것, 의 유일하게, 와 유일하게, 의 유일한남자, 의 유일한상속자, 의 유일한친구, 의 유일한아들, 로서 유일하게, 의 유일한생존, 의 유일한근거, 의 유일한작품, 은 유일하지, 의 유일한도시, 에선 유일하게, 으로 유일하지, 는 유일하다, 의 유일한황제, 과 유일하게, 의 유일한국제, 의 유일한국가, 의 유일한골, 가 유일했다, 는 유일하며, 의 유일한공식, 의 유일한원천, 의 유일한속, 의 유일한목적, 의 유일한종이, 의 유일한장편, 이 유일하고, 의 유일한종, 의 유일한철도, 의 유일한재산, 의 유일한여성, 의 유일한대학, 의 유일한극대, 의 유일한득점, 의 유일한멤버, 의 유일한정규, 에서 유일하다, 의 유일한곡, 의 유일한자녀, 에서 유일한골, 의 유일한딸, 의 유일한구성원, 의 유일한1, 가 유일한것, 의 유일한목, 의 유일한목격자, 의 유일한과인, 의 유일한음반"
분포,6051,11,14,46,"에 분포하고, 이 분포하는, 이 분포한다, 에 분포한다, 에 분포하는, 가 분포하고, 이 분포하며, 이 분포하고, 에 분포하며, 에 분포해있, 가 분포하는, 도 분포한다, 가 분포한다, 으로 분포하고, 에 분포하여, 이 분포하여, 까지 분포한다, 로 분포하고, 이 분포해있, 으로 분포하는, 로 분포한다, 으로 분포한다, 가 분포해있, 만 분포한다, 까지 분포하고, 에서 분포한다, 가 분포하여, 만 분포하는, 이 분포하지, 으로 분포하며, 로 분포하며, 가 분포하며, 도 분포하고, 만 분포하며, 에 분포하는데, 에서 분포하고, 에 분포하지만, 만 분포하고, 는 분포하지, 까지 분포하는, 로 분포하는, 으로 분포하지만, 가 분포했다, 도 분포하며, 까지 분포하며, 도 분포하는"
제거,6048,14,59,80,"을 제거하기, 를 제거한후, 을 제거하는, 을 제거하고, 으로 제거하는, 를 제거하는, 을 제거하여, 을 제거했다, 으로 제거하기, 를 제거했고, 를 제거하기, 을 제거한후, 를 제거하고, 을 제거할수, 을 제거한것, 을 제거하라는, 를 제거하지, 을 제거하였, 를 제거할수, 를 제거하면서, 를 제거하면, 를 제거한다, 을 제거하려, 을 제거할것, 를 제거하려고, 을 제거한다음, 를 제거하여, 을 제거하려는, 를 제거할계획, 을 제거하려고, 를 제거하려는, 를 제거하려, 를 제거한뒤, 을 제거한다, 으로 제거할수, 을 제거하면서, 를 제거했다, 을 제거하면, 를 제거함으로써, 을 제거한뒤, 을 제거해주, 로 제거할수, 을 제거했다고, 를 제거한다음, 을 제거하고자, 를 제거하고자, 에서 제거하는, 를 제거하였, 를 제거하게, 으로 제거한다, 를 제거해야한다, 를 제거하거나, 을 제거함으로써, 으로 제거하고, 을 제거할목적, 을 제거하거나, 를 제거할것, 을 제거하며, 을 제거하지, 을 제거할계획, 을 제거할때, 을 제거하도록, 을 제거하려다, 을 제거하였으며, 을 제거하게, 를 제거해주, 에서 제거하기, 를 제거하며, 에서 제거하고, 을 제거해야한다, 를 제거해야하, 를 제거할때, 를 제거하라는, 을 제거하라고, 에서 제거할수, 에서 제거했다, 를 제거한것, 을 제거해야한다고, 을 제거한공, 를 제거하도록"
관리,5994,13,37,68,"을 관리하는, 를 관리하는, 를 관리하던, 을 관리한다, 를 관리하고, 으로 관리하여, 가 관리하는, 를 관리하며, 에서 관리한다, 의 관리하에, 으로 관리하기, 가 관리하고, 를 관리하기, 을 관리하고, 에서 관리하는, 를 관리한다, 을 관리하며, 으로 관리하는, 으로 관리한다, 가 관리한다, 이 관리하는, 을 관리하게, 을 관리해주, 을 관리하였, 을 관리할수, 을 관리하기, 으로 관리하였, 을 관리하던, 가 관리하였, 으로 관리할수, 을 관리하면서, 이 관리하고, 를 관리하였, 를 관리하게, 을 관리했다, 을 관리하도록, 를 관리하여, 에서 관리하고, 으로 관리하고, 으로 관리하며, 를 관리하도록, 이 관리하던, 에서 관리하며, 를 관리할수, 을 관리했던, 이 관리한다, 가 관리하며, 을 관리하여, 가 관리하던, 를 관리했다, 가 관리했다, 을 관리해왔, 가 관리하게, 로 관리하는, 이 관리하게, 를 관리하면서, 이 관리하며, 을 관리하지, 을 관리하거나, 에서 관리했다, 이 관리하였, 에서 관리하였, 로 관리하고, 에서 관리하던, 이 관리했다, 에서 관리하게, 을 관리해야하, 로 관리한다"
은퇴,5914,16,68,104,"으로 은퇴했다, 을 은퇴하고, 에서 은퇴했고, 에서 은퇴한다, 에서 은퇴했다, 를 은퇴하였, 가 은퇴하면서, 는 은퇴하고, 가 은퇴하였, 에서 은퇴하였, 에서 은퇴하여, 이 은퇴하면서, 에서 은퇴한후, 를 은퇴했다, 에서 은퇴하면서, 에서 은퇴하게, 를 은퇴한뒤, 의 은퇴한아이스하키, 로 은퇴했다, 에서 은퇴했지만, 으로 은퇴하여, 에서 은퇴한뒤, 로 은퇴하였, 에 은퇴하였, 는 은퇴하여, 의 은퇴한농구, 으로 은퇴하였, 의 은퇴한축구, 의 은퇴한육상, 의 은퇴한여자, 에서 은퇴하였으며, 의 은퇴한프로, 가 은퇴하자, 에 은퇴했다, 에 은퇴할때, 에서 은퇴하겠, 의 은퇴한피겨, 부터 은퇴할때, 가 은퇴할때, 을 은퇴했다, 는 은퇴하였, 에서 은퇴한이후, 에서 은퇴할때, 에서 은퇴하는, 에서 은퇴한그, 에서 은퇴할것, 에 은퇴하기, 도 은퇴했다, 에서 은퇴하고, 에 은퇴하면서, 을 은퇴하였, 에서 은퇴했으며,, 는 은퇴하기, 가 은퇴하고, 를 은퇴하고, 에 은퇴하고, 에 은퇴하였으며, 에서 은퇴하기, 의 은퇴한수영, 를 은퇴한후, 의 은퇴한쇼트트랙, 의 은퇴한야구, 을 은퇴했고, 으로 은퇴하게, 으로 은퇴하고, 는 은퇴한독일, 가 은퇴한이후, 에 은퇴하여, 에서 은퇴하였으나, 에서 은퇴한대한민국, 가 은퇴한뒤, 의 은퇴한배구, 을 은퇴한후, 는 은퇴했다, 은 은퇴하였, 는 은퇴한아르헨티나, 가 은퇴한후, 의 은퇴한핸드볼, 는 은퇴한미국, 의 은퇴한스피드, 를 은퇴하는, 에서 은퇴했는데, 이 은퇴하고, 로부터 은퇴하였, 는 은퇴한이탈리아, 으로 은퇴했는데, 의 은퇴한펜싱, 에 은퇴한후, 는 은퇴한그리스, 으로 은퇴한뒤, 는 은퇴한스페인, 의 은퇴한유도, 의 은퇴한태권, 에서 은퇴한이듬해, 로서 은퇴한후, 의 은퇴한전, 의 은퇴한알파인, 의 은퇴한레슬링, 의 은퇴한크로스컨트리, 의 은퇴한프리스타일, 에 은퇴했고, 으로부터 은퇴하였, 은 은퇴한독일, 의 은퇴한필드하키"
종료,5844,10,32,35,"을 종료하였, 을 종료하였으며, 을 종료했다, 를 종료했다, 를 종료하였, 으로 종료하였, 을 종료하고, 를 종료하고, 에 종료하였, 을 종료한다, 를 종료하기, 로 종료하였, 을 종료하면서, 을 종료하기, 을 종료할것, 에 종료한대한민국, 을 종료한후, 를 종료하는, 에 종료한미국, 을 종료하여, 이 종료하고, 를 종료한다, 을 종료할수, 을 종료한뒤, 을 종료하거나, 을 종료한다고밝혔, 를 종료하게, 을 종료했고, 에 종료했다, 을 종료할때, 을 종료하게, 를 종료하면서, 에 종료한TV, 을 종료하는, 에 종료한영국"
분류,5840,11,36,67,"로 분류한다, 으로 분류했지만, 으로 분류할수, 을 분류하는, 로 분류할수, 으로 분류한다, 로 분류하기, 로 분류하였, 으로 분류하여, 로 분류하여, 을 분류하였, 를 분류하는, 로 분류하는, 으로 분류하면, 으로 분류하고, 로 분류하고, 를 분류한다, 을 분류할때, 으로 분류하였, 으로 분류하는, 로 분류했었다, 으로 분류하기, 을 분류하면, 으로 분류했다, 로 분류하며, 로 분류한것, 로 분류하지, 으로 분류하며, 을 분류하기, 을 분류하고, 을 분류했다, 으로 분류하지, 도 분류할수, 로 분류했고, 로 분류했다, 으로 분류하지만, 로 분류하면, 를 분류할때, 을 분류할수, 로 분류했던, 로 분류하지만, 으로 분류하던, 로 분류하는데, 에서 분류하는, 를 분류할수, 로 분류하였으나, 을 분류한다, 으로 분류한것, 을 분류하여, 으로 분류했으며,, 에 분류한다, 를 분류하여, 를 분류하고, 를 분류하기, 로 분류해왔, 으로 분류하거나, 으로 분류했고, 으로 분류했으나,, 로 분류했지만, 으로 분류하였으나, 에 분류하기, 에 분류하였, 에 분류하며, 에 분류했으며,, 에 분류했다, 으로 분류했으나현재, 으로 분류했던"
동일,5776,21,167,125,"은 동일하나,, 는 동일하지만, 이 동일하다면, 이 동일하다고, 과 동일한방식, 과 동일하다, 와 동일하다, 으로 동일하며, 과 동일하게, 으로 동일하다, 에서 동일하게, 도 동일하게, 은 동일했다, 와 동일하게, 과 동일하다는, 과 동일한것, 와 동일하며, 을 동일하게, 과 동일하지만, 이 동일하다, 는 동일하다, 는 동일하게, 은 동일하며, 과 동일한수준, 과 동일한유형, 은 동일한것, 와 동일하지만, 이 동일하고, 를 동일하게, 은 동일하다, 과 동일한성격, 와 동일했다, 과 동일하며, 와 동일한방식, 이 동일하게, 과 동일한경우, 이 동일하다는, 가 동일하다는, 과 동일하다고, 와 동일하다는, 도 동일하다, 에 동일하게, 과 동일하고, 와 동일한형태, 와 동일한기능, 이 동일하며, 와 동일하지, 와 동일한것, 와 동일하나,, 와 동일하다고, 과 동일한의미, 은 동일하지만, 가 동일하며, 에서 동일하다, 와 동일한구조, 은 동일하게, 가 동일하다, 와 동일한의미, 과 동일한개념, 과 동일한형태, 과 동일하였, 와 동일하거나, 과 동일한존재, 과 동일한내용, 과 동일했다, 이 동일하지만, 으로 동일하게, 에서 동일한값, 와 동일한효과, 과 동일한크기, 과 동일하여, 이 동일한것, 과 동일한효력, 과 동일한효과, 가 동일하다고, 로 동일하게, 가 동일하게, 과 동일한방법, 과 동일하거나, 로 동일하다, 과 동일한제목, 이 동일할때, 과 동일하나,, 과 동일한위치, 와 동일한수준, 과 동일한속도, 와 동일한성능, 이 동일하기, 로 동일하며, 과 동일한엔진, 과 동일한이름, 으로 동일하지만, 와 동일한개념, 과 동일하기, 와 동일한데,, 가 동일한것, 이 동일하여, 과 동일하지, 는 동일하지, 이 동일한경우, 과 동일하므로, 과 동일함), 는 동일하며, 와 동일하고, 와 동일하기, 가 동일하기, 이 동일하지, 가 동일하지, 와 동일한크기, 는 동일한것, 과 동일한권리, 과 동일한형식, 와 동일한형식, 과 동일한사양, 와 동일한역할, 와 동일한가치, 에게 동일하게, 은 동일하지, 가 동일하고, 가 동일할경우, 와 동일한성격, 과 동일한기능, 가 동일하지만, 과 동일한판본, 와 동일한판본"
추진,5730,12,53,89,"을 추진하였으나, 를 추진하기, 으로 추진하였, 을 추진하여, 을 추진했다, 을 추진하기, 을 추진했지만, 을 추진하고, 을 추진했으나,, 을 추진하였, 을 추진한것, 이 추진했던, 을 추진하며, 을 추진하려, 으로 추진하기, 을 추진했으며,, 을 추진하겠, 를 추진하였, 을 추진하자, 을 추진했고, 으로 추진하고, 를 추진하고, 으로 추진하는, 이 추진하는, 을 추진하는, 를 추진했다, 를 추진하여, 을 추진해왔, 를 추진하는, 을 추진하면서, 을 추진하게, 을 추진하던, 을 추진했던, 을 추진하지, 으로 추진하여, 을 추진해나갔, 를 추진했고, 를 추진해나갔, 을 추진할때, 도 추진하였, 을 추진할것, 을 추진하고자, 를 추진할것, 을 추진했는데, 을 추진해온, 가 추진했던, 를 추진한다, 을 추진한다, 를 추진하면서, 가 추진하고, 을 추진하였으며, 를 추진하던, 을 추진함에, 를 추진할수, 가 추진하던, 을 추진한결과, 으로 추진했다, 을 추진하다가, 가 추진하는, 에서 추진하는, 을 추진함으로써, 을 추진해,, 을 추진하다, 로 추진하였, 를 추진했지만, 을 추진하려는, 을 추진할계획, 를 추진했으나,, 을 추진할수, 를 추진하겠, 를 추진하였으나, 로 추진하는, 를 추진하게, 으로 추진했던, 를 추진하였으며, 을 추진하려고, 을 추진한다고밝혔, 도 추진했다, 을 추진해야한다고, 를 추진했던, 도 추진하고, 이 추진하고, 에서 추진하고, 이 추진하던, 를 추진해왔, 를 추진할때, 를 추진하지, 으로 추진함으로써, 부터 추진하고"
적용,5725,15,59,98,"를 적용하여, 에 적용하면, 를 적용하면, 에 적용한것, 에 적용하였, 를 적용함으로써, 을 적용하면, 을 적용하여, 에 적용하여, 를 적용하고, 를 적용한다, 도 적용할수, 에 적용할수, 을 적용해야한다, 으로 적용하기, 를 적용하는, 에 적용함으로써, 을 적용한다, 을 적용하게, 으로 적용할수, 을 적용하는, 를 적용했다, 을 적용하였, 는 적용하지, 에 적용했다, 를 적용하기, 을 적용하고, 을 적용함으로써, 을 적용할수, 를 적용할수, 를 적용한것, 을 적용했다, 를 적용하였, 으로 적용했다, 을 적용했으며,, 에 적용하는, 에 적용하기, 에 적용한다, 도 적용하여, 에 적용하고, 만 적용한다, 을 적용할때, 을 적용하고자, 만 적용할수, 을 적용하기, 를 적용하며, 를 적용하지, 으로 적용하였, 를 적용할것, 을 적용하도록, 에 적용하지, 을 적용한것, 을 적용하지, 으로 적용하여, 에 적용하려, 에 적용하려는, 을 적용하여야, 을 적용하거나, 에 적용하게, 에 적용하려고, 를 적용해사형, 을 적용하면서, 에 적용하고자, 는 적용할수, 을 적용할것, 에 적용하도록, 으로 적용하고, 에게 적용하는, 을 적용했고, 를 적용하거나, 을 적용한결과, 을 적용해야하, 을 적용하는데, 을 적용하며, 에 적용하면서, 는 적용하기, 으로 적용한다, 을 적용했을, 도 적용하였, 을 적용하였으며, 을 적용하려는, 에 적용할경우, 에 적용할때, 로 적용하는, 으로 적용하는, 로 적용하여, 를 적용하였으며, 를 적용했고, 를 적용할경우, 을 적용할경우, 에서 적용하고, 를 적용하게, 를 적용했으며,, 를 적용할때, 를 적용해징역, 을 적용한에어링구스, 을 적용해징역, 을 적용해'''"
확보,5618,12,52,71,"을 확보했고, 을 확보했으며,, 을 확보했다, 을 확보한정당, 을 확보하고, 을 확보하지, 을 확보하였, 을 확보하기, 를 확보하고자, 를 확보한것, 를 확보하기, 을 확보하는, 를 확보했다, 을 확보하여, 를 확보하였, 을 확보할수, 을 확보하면서, 를 확보했고, 를 확보하게, 를 확보하고, 를 확보하지, 을 확보한다, 를 확보하는, 를 확보하려, 를 확보한다, 을 확보하게, 을 확보하였으나, 를 확보했다고, 을 확보하고자, 을 확보하며, 도 확보하지, 을 확보하려고, 를 확보할수, 을 확보하려는, 을 확보하였으며, 를 확보하여, 을 확보함으로써, 을 확보하려, 을 확보해야한다, 을 확보한상태, 를 확보한뒤, 을 확보한것, 을 확보할목적, 를 확보하며, 을 확보할것, 으로 확보하였, 을 확보한후, 를 확보하려는, 을 확보한뒤, 으로 확보할수, 를 확보하려고, 을 확보했지만, 를 확보해야한다, 를 확보할필요, 를 확보하면서, 을 확보했다고, 을 확보하여야, 을 확보하도록, 을 확보해야하, 를 확보한후, 를 확보하였으며, 을 확보할필요, 을 확보해주, 을 확보하면, 로 확보하였, 을 확보함에, 를 확보함으로써, 으로 확보하고, 도 확보했다, 으로 확보하는, 을 확보함*"
공개,5594,14,52,89,"을 공개했다, 에 공개하고, 을 공개할수, 를 공개했다, 를 공개하지, 를 공개하고, 을 공개하였, 을 공개하여, 를 공개하였으며, 를 공개하였, 을 공개할예정, 에 공개하였, 를 공개한것, 도 공개하지, 에게 공개하는, 는 공개하지, 은 공개하지, 에서 공개했다, 를 공개했고, 을 공개하기, 을 공개하도록, 을 공개하지, 에 공개했다, 을 공개하는, 를 공개하기, 에게 공개했다, 도 공개했다, 을 공개하면, 를 공개하는, 로 공개하는, 를 공개했는데, 을 공개하라는, 에게 공개하기, 을 공개했으며,, 에게 공개하고, 을 공개함으로써, 를 공개하며, 를 공개하여, 로 공개하고, 도 공개하였, 를 공개하면서, 에게 공개하지, 를 공개할것, 을 공개했는데, 로 공개했다, 에 공개하여, 를 공개할수, 을 공개하면서, 에서 공개하여, 를 공개한다, 을 공개하고, 으로 공개했다, 으로 공개하는, 로 공개하였, 을 공개한후, 을 공개하며, 으로 공개하였, 로 공개하였으며, 가 공개한친일인명사전, 을 공개한다, 을 공개하였으며, 에 공개하기, 를 공개함으로써, 에게 공개하였, 에 공개할수, 를 공개했으며,, 이 공개한사진, 에 공개하는, 에 공개하면서, 에 공개한다, 으로 공개하지, 을 공개했고, 에 공개하지, 을 공개한것, 으로 공개하고, 를 공개하겠, 에서 공개하고, 를 공개한후, 에서 공개하였, 에서 공개한표, 을 공개한바, 로 공개하여, 에서 공개한시청, 에 공개한민족, 에 공개하며, 을 공개할것, 을 공개한뒤, 에 공개한미국, 에서 공개한미국"
비판,5549,14,38,68,"을 비판하며, 라고 비판하였, 를 비판했다는, 을 비판하였, 를 비판하자, 를 비판하였, 을 비판했다, 을 비판하고, 고 비판했다, 이라고 비판했다, 을 비판하는, 라고 비판했다, 를 비판하기, 으로 비판하는, 를 비판하는, 을 비판하여, 을 비판하기, 을 비판했던, 를 비판하면서, 을 비판했고, 를 비판했다, 를 비판한다, 을 비판했지만, 를 비판하며, 를 비판했는데, 를 비판해왔, 을 비판하였으며, 로 비판하였, 를 비판했으며,, 를 비판하고, 를 비판하여, 으로 비판하고, 를 비판했고, 으로 비판했다, 을 비판하면서, 을 비판한것, 를 비판하였으며, 을 비판하던, 를 비판하다가, 고 비판하였, 도 비판했다, 을 비판하자, 를 비판했던, 으로 비판하였, 라고 비판하며, 을 비판했는데, 을 비판하는데, 을 비판한다, 를 비판한것, 을 비판해온, 으로 비판하기, 를 비판하던, 을 비판했다는, 을 비판하거나, 이라고 비판하였, 을 비판하지, 을 비판함으로써, 도 비판하였, 을 비판했으며,, 을 비판할때, 을 비판해왔, 고 비판했으며,, 로 비판했다, 고 비판하며, 으로 비판하면서, 으로 비판하며, 을 비판하다가, 에서 비판했다"
대체,5546,12,49,85,"을 대체하면서, 으로 대체할수, 을 대체할수, 로 대체했다, 으로 대체하여, 를 대체하였, 를 대체하는, 를 대체하기, 을 대체했다, 을 대체하는, 으로 대체한다, 를 대체하여, 로 대체하기, 을 대체할목적, 를 대체하였으며, 으로 대체하였, 을 대체하고, 으로 대체했다, 을 대체할만, 을 대체하기, 로 대체하는, 를 대체할만, 으로 대체하는, 을 대체하여, 로 대체하였, 을 대체하였, 으로 대체하기, 를 대체했다, 를 대체할수, 을 대체하게, 로 대체하고, 으로 대체하려는, 를 대체한다, 로 대체하면, 으로 대체하고, 로 대체할수, 으로 대체하게, 로 대체한다, 를 대체하게, 을 대체한다, 를 대체하고, 으로 대체한것, 을 대체할것, 로 대체하여, 를 대체한것, 를 대체할새로운, 를 대체하며, 를 대체하면서, 로 대체하면서, 을 대체할새로운, 가 대체하였, 를 대체할것, 를 대체할목적, 을 대체한것, 를 대체하지, 를 대체하려는, 로 대체한것, 를 대체하거나, 로 대체할예정, 을 대체함으로써, 을 대체하려는, 로 대체했고, 로 대체할것, 를 대체하고자, 을 대체할예정, 로 대체함으로써, 를 대체할예정, 을 대체하고자, 을 대체하거나, 으로 대체함으로써, 으로 대체할것, 으로 대체하도록, 을 대체했고, 로 대체할계획, 를 대체함), 으로 대체하면, 을 대체하지, 로 대체하거나, 을 대체하며, 으로 대체함*, 를 대체했고, 를 대체할투수, 를 대체할외국인, 을 대체할외국인, 을 대체할투수"
입학,5512,12,42,52,"에 입학하여, 에 입학했다, 에 입학하였, 으로 입학하였, 로 입학하였, 에 입학할수, 에 입학하며, 에 입학한그, 에 입학하기, 에 입학하지만, 에 입학하였으며, 에 입학하고, 에 입학했고, 으로 입학하여, 에 입학한다, 에 입학할때, 에 입학했지만, 에 입학했으며,, 에 입학할당시, 에 입학하였으나, 으로 입학했다, 으로 입학했고, 에 입학하게, 에 입학한뒤, 으로 입학하였으나, 에 입학했는데, 에 입학한이후, 로 입학했다, 이 입학했다, 에 입학하자마자, 에 입학하는, 에 입학한것, 에 입학한후, 으로 입학할수, 에 입학했으나,, 에 입학하지, 에 입학한신입, 이 입학하는, 에 입학하려면, 에 입학한학생, 로 입학하여, 에 입학했다가, 를 입학하여, 에 입학하는데, 에 입학하면서, 에 입학할예정, 만 입학할수, 에 입학해,, 에 입학했을, 이 입학할수, 에 입학한J, 이 입학하였"
합병,5511,12,108,109,"를 합병하여, 와 합병하여, 을 합병하여, 과 합병하였, 를 합병하였, 가 합병하면서, 을 합병하였, 를 합병하면서, 로 합병하였, 를 합병하는, 에 합병하여, 를 합병했다, 으로 합병하였, 에 합병하였, 이 합병하여, 을 합병하기, 을 합병하고, 과 합병하면서, 를 합병한뒤, 를 합병하고, 으로 합병했다, 과 합병했다, 으로 합병하여, 을 합병했다, 을 합병하면서, 가 합병하여, 과 합병하여, 와 합병하였, 을 합병하였으며, 과 합병해시, 을 합병하는, 와 합병했다, 과 합병해,, 이 합병해''', 이 합병해시, 이 합병해,, 이 합병해새로운, 이 합병해탄생, 과 합병해새로운, 이 합병해가, 이 합병해성립, 이 합병해오, 이 합병해기타, 이 합병해(, 이 합병해현재, 와 합병해새로운, 이 합병하면서, 이 합병해미나미, 로 합병했다, 와 합병한후, 에 합병했다, 을 합병한뒤, 과 합병하기, 와 합병하면서, 를 합병하기, 가 합병해,, 과 합병하는, 와 합병해,, 과 합병해성립, 와 합병하는, 와 합병하기, 이 합병해새롭, 이 합병해다, 이 합병해시모, 이 합병해히가시, 을 합병해,, 이 합병해나, 가 합병해성립, 이 합병해도, 이 합병해니시, 이 합병해미, 이 합병해가미, 이 합병해아, 이 합병해쇼, 이 합병해난, 과 합병해소마, 과 합병해오, 이 합병해이와테, 이 합병해와, 과 합병해다, 이 합병해우, 과 합병해미나미, 를 합병해서창단, 에 합병해,, 를 합병해새로운, 과 합병해난, 과 합병해히가시, 과 합병해이, 이 합병해이와사키, 과 합병해도, 과 합병해가, 과 합병해기타, 과 합병해오가, 과 합병해이나, 과 합병해쓰, 과 합병해나카, 과 합병해아, 과 합병해미, 과 합병해이와키, 이 합병해신제, 과 합병해시모, 과 합병해게, 이 합병해단바, 과 합병해에사, 이 합병해아사카, 이 합병해다무, 이 합병해소마, 이 합병해이시카와, 과 합병해、"
시도,5503,10,55,90,"를 시도하는, 를 시도하다가, 을 시도하는, 을 시도하여, 을 시도하지만, 를 시도했으나,, 을 시도했고, 을 시도할경우, 를 시도하여, 을 시도하였으나, 을 시도하였, 을 시도했다, 을 시도했으나,, 를 시도하고, 를 시도했지만, 을 시도하고, 를 시도하였, 을 시도하면서, 를 시도하지만, 를 시도하면서, 을 시도할때, 을 시도했지만, 를 시도하였으나, 을 시도하려, 을 시도한다, 을 시도하다가, 을 시도한것, 을 시도하다, 를 시도했다, 를 시도하기, 을 시도했으나실패, 을 시도하기, 을 시도한후, 를 시도하다, 을 시도함으로써, 을 시도했던, 을 시도하려고, 을 시도하게, 를 시도하려는, 을 시도하며, 을 시도하자, 을 시도하지, 을 시도한적, 를 시도하지, 을 시도할수, 을 시도했을, 을 시도하거나, 을 시도한혐의, 를 시도하려, 를 시도하였으며, 을 시도했다는, 을 시도했으며,, 를 시도했으나실패, 를 시도한다, 을 시도하나,, 를 시도하거나, 를 시도하자, 도 시도하였, 을 시도할것, 를 시도할수, 으로 시도하였, 을 시도했다고, 를 시도하게, 을 시도하던, 를 시도했고, 을 시도했는데, 을 시도하였으며, 을 시도하도록, 를 시도하며, 를 시도했으며,, 를 시도했던, 을 시도했다가, 이 시도하는, 를 시도했다는, 을 시도하면, 를 시도하면, 을 시도해왔, 를 시도한것, 를 시도할때, 를 시도해보, 을 시도하려는, 을 시도해보, 를 시도했다고, 를 시도했는데, 도 시도하지, 도 시도했다, 를 시도하던, 을 시도하려다, 가 시도했던, 을 시도해볼"
불과,5493,2,40,40,"에 불과했다, 에 불과하다며, 에 불과하다, 에 불과했지만, 에 불과했던, 에 불과하다고, 에 불과하였, 에 불과하고, 에 불과하며, 에 불과한데,, 에 불과하기, 에 불과하던, 에 불과하다는, 에 불과한것, 에 불과하지만, 에 불과할뿐, 에 불과하였으나, 에 불과했고, 에 불과했기, 에 불과할것, 에 불과한작, 에 불과하여, 에 불과했으며,, 에 불과했으나,, 에 불과하므로, 에 불과하였으며, 에 불과했다는, 에 불과한반면, 에 불과했는데, 에 불과하다면, 에 불과한데, 에 불과하게, 에 불과할정도, 에 불과했다고, 에 불과했을, 에 불과하나,, 에 불과함을, 도 불과하고, 에 불과한경우, 에 불과한득표"
추가,5402,12,40,70,"를 추가하면, 을 추가하여, 를 추가하는, 를 추가한체르멜로, 을 추가할수, 을 추가한것, 을 추가하는, 을 추가하였, 을 추가하거나, 을 추가함으로써, 를 추가하여, 을 추가하면, 을 추가하고, 에 추가하고, 을 추가했다, 에 추가할수, 를 추가할것, 으로 추가할수, 에 추가하여, 에 추가하는, 를 추가함으로써, 를 추가할수, 를 추가하기, 를 추가하였, 을 추가했는데, 도 추가했다, 를 추가했다, 만 추가하면, 를 추가하게, 을 추가한다, 을 추가하지, 에 추가하면, 에 추가한것, 에 추가했다, 를 추가한것, 를 추가하면서, 를 추가하고, 에 추가하였, 로 추가하였, 으로 추가하여, 을 추가하기, 을 추가하면서, 를 추가한다, 를 추가했고, 을 추가하였으며, 을 추가할것, 을 추가했고, 으로 추가하는, 으로 추가했다, 을 추가해3, 을 추가하며, 에 추가한다, 를 추가하거나, 을 추가했으며,, 에 추가함으로써, 를 추가하지, 을 추가했다고, 을 추가했지만, 에 추가하기, 를 추가하였으며, 를 추가했으며,, 을 추가해주, 도 추가할수, 를 추가할때, 을 추가하게, 으로 추가하였, 으로 추가하고, 을 추가해야한다, 를 추가하며, 에 추가하거나"
부여,5400,12,55,75,"를 부여하고, 을 부여하는, 을 부여하지, 를 부여하는, 를 부여하여, 을 부여하고, 을 부여한다, 를 부여할수, 을 부여하여, 를 부여할것, 를 부여한다, 를 부여한것, 를 부여하였, 을 부여할수, 을 부여하였으며, 을 부여한것, 를 부여해주, 을 부여하였, 에게 부여하는, 를 부여하지, 을 부여했다, 을 부여하면, 를 부여하면, 를 부여했다, 를 부여하자, 을 부여하도록, 를 부여하게, 에 부여하는, 을 부여할것, 을 부여하려는, 을 부여했으며,, 을 부여하게, 를 부여했으며,, 에게 부여한다, 을 부여했고, 를 부여하며, 을 부여하기, 을 부여하였을, 를 부여함으로써, 를 부여하기, 을 부여한다면,, 을 부여함으로써, 을 부여하며, 에 부여하고, 을 부여하면서, 을 부여했는데, 도 부여하지, 이 부여하는, 에 부여했다, 에서 부여하는, 를 부여했다고, 를 부여했고, 를 부여하되, 을 부여하는데, 에 부여하였, 을 부여한), 을 부여하자, 을 부여했다고, 으로 부여하는, 에게 부여하였, 으로 부여하였, 를 부여하려고, 에게 부여하고, 을 부여할필요, 을 부여해주, 을 부여한다는것, 을 부여하거나, 을 부여하고자, 가 부여하는, 를 부여하면서, 을 부여할때, 를 부여하려는, 에 부여한다, 를 부여했지만, 을 부여했을"
개봉,5384,12,37,47,"에 개봉하는, 을 개봉하였, 가 개봉하였, 에 개봉하였, 가 개봉했다, 도 개봉했다, 에 개봉한대한민국, 에서 개봉하였, 이 개봉하였, 가 개봉하기, 에 개봉한《, 에 개봉한홍콩, 에서 개봉했다, 에 개봉한미국, 로 개봉하였, 에 개봉한영화, 에 개봉했다, 에 개봉한한국, 이 개봉했다, 에서 개봉한영화, 으로 개봉하였, 으로 개봉했다, 에 개봉하여, 에 개봉할예정, 에 개봉하였으며, 에 개봉한중국, 를 개봉했다, 로 개봉했다, 에 개봉한이탈리아, 에서 개봉하여, 이 개봉하기, 에 개봉한프랑스, 에 개봉했으며,, 에 개봉한일본, 에 개봉한애니메이션, 에 개봉하기, 에 개봉한영국, 에 개봉했고, 에 개봉한액션, 에 개봉한극장판, 에 개봉한동명, 에서 개봉하였으며, 에 개봉한한, 에 개봉한독일, 에 개봉한스페인, 에 개봉한러시아, 에 개봉한캐나다"
방,5356,15,4,23,"에 방해, 을 방해, 는 방한, 의 방해, 를 방해, 으로 방한, 가 방한, 이 방해, 이 방한, 의 방한, 은 방한, 는 방해, 은 방해, 으로 방해, 가 방해, 도 방해, 과 방해, 에 방한, 와 방해, 에게 방해, 로 방해, 에서 방해, 의 방호순양함"
지배,5326,12,38,68,"을 지배하고, 의 지배하에, 가 지배하는, 를 지배하고, 이 지배하였, 이 지배하는, 이 지배하고, 를 지배하였, 을 지배하는, 를 지배할것, 을 지배하며, 를 지배하기, 의 지배하에서, 을 지배하였, 를 지배하게, 을 지배할때, 를 지배하며, 을 지배하던, 를 지배하려고, 를 지배하는, 를 지배해왔, 이 지배하던, 를 지배하던, 까지 지배하였, 을 지배하려는, 을 지배한다, 을 지배할수, 가 지배하였, 을 지배하게, 을 지배하여, 으로 지배할수, 가 지배하던, 가 지배하고, 으로 지배하기, 을 지배했으며,, 으로 지배하는, 를 지배하지, 을 지배하에, 의 지배하로, 를 지배한것, 을 지배하였으나, 이 지배하게, 을 지배하였으며, 를 지배하여, 를 지배하려, 를 지배하면서, 을 지배하기, 가 지배하게, 으로 지배하고, 으로 지배하였, 를 지배한다, 을 지배하면서, 를 지배하려는, 를 지배하였으며, 가 지배한다, 를 지배하였으나, 를 지배해온, 를 지배할수, 를 지배하에, 을 지배하지, 을 지배해온, 를 지배하고자, 를 지배하라, 을 지배하려, 이 지배한다, 을 지배한것, 을 지배하려고, 를 지배한여인"
기념,5304,9,18,29,"을 기념하는, 를 기념하고, 을 기념하여, 를 기념하는, 로 기념하고, 에 기념한다, 를 기념하여, 를 기념하기, 로 기념한다, 에 기념하는, 을 기념하기, 을 기념한다, 을 기념하며, 에서 기념하는, 를 기념하면서, 을 기념하고, 를 기념하며, 을 기념한것, 를 기념한다, 을 기념하고자, 를 기념했다, 을 기념했다, 을 기념하였, 를 기념한것, 을 기념하면서, 을 기념해제작, 을 기념해,, 를 기념하고자, 을 기념해표창"
마련,5274,13,54,76,"를 마련하는, 를 마련해주, 을 마련해야한다는, 을 마련하게, 를 마련하였, 를 마련했다, 을 마련하였, 을 마련한다, 를 마련하기, 을 마련했다, 을 마련하여, 을 마련하기, 를 마련한것, 을 마련했고, 을 마련하겠, 를 마련하고, 을 마련하고, 을 마련하는, 를 마련하고자, 을 마련해주, 를 마련했다는, 을 마련하려, 을 마련했다는, 을 마련하지, 을 마련하며, 를 마련할수, 를 마련했고, 를 마련해놓, 을 마련해준, 을 마련하고자, 을 마련해야한다, 을 마련해놓, 을 마련한후, 으로 마련했다, 을 마련하도록, 를 마련하여, 을 마련하면서, 을 마련한뒤, 를 마련한다, 을 마련함으로써, 을 마련해두, 을 마련할수, 을 마련했는데, 을 마련해줄, 을 마련할것, 를 마련하게, 을 마련했다고, 를 마련해준다, 을 마련하였으며, 을 마련하려는, 을 마련한것, 은 마련하지, 를 마련해준, 을 마련하려고, 을 마련해야했, 을 마련하여야, 을 마련했으며,, 를 마련하지, 도 마련하였, 도 마련했다, 를 마련하였으며, 를 마련했으며,, 를 마련해두, 를 마련한뒤, 를 마련할것, 를 마련했다고, 에 마련하고, 을 마련해준다, 를 마련했는데, 를 마련하면서, 에 마련해놓, 을 마련해달, 을 마련했지만, 를 마련함으로써, 을 마련해야한다고, 에 마련해두"
언급,5240,17,43,110,"으로 언급하는, 을 언급한다, 을 언급하면서, 을 언급하며, 을 언급하기, 를 언급한바, 라고 언급했다, 을 언급하였, 고 언급한바, 에서 언급했듯이, 을 언급할때, 을 언급한바, 를 언급하는, 도 언급하였, 를 언급하기, 고 언급하며, 을 언급한적, 으로 언급하고, 를 언급하며, 가 언급한것, 으로 언급하였, 가 언급하는, 이라고 언급하였, 를 언급하지, 에서 언급한다, 을 언급할수, 고 언급했다, 을 언급하고, 을 언급하는, 도 언급한다, 를 언급한다, 를 언급한것, 을 언급했으며,, 을 언급했다, 에서 언급했던, 으로 언급하면서, 에서 언급한바, 을 언급함으로써, 을 언급하지, 로 언급하기, 가 언급한바, 에 언급했다, 도 언급했다, 에서 언급한것, 는 언급하지, 를 언급하고, 를 언급하면서, 에서 언급한대로, 라고 언급한바, 도 언급하지, 를 언급하였, 로 언급하지, 으로 언급하지, 으로 언급한다, 에서 언급하는, 로 언급하고, 를 언급할때, 를 언급하는데, 에 언급한바, 고 언급하였, 으로 언급했다, 을 언급한것, 에서 언급하였, 으로 언급하기, 라고 언급하였, 를 언급한적, 이라고 언급하는, 라고 언급하기, 가 언급했던, 에서 언급하고, 은 언급하지, 로 언급하며, 만 언급하고, 을 언급하여, 고 언급하고, 로 언급하면서, 도 언급하고, 에 언급했듯이, 을 언급했고, 로 언급하는, 을 언급했는데, 만 언급했다, 고 언급하면서, 이라고 언급하면서, 를 언급했다, 라고 언급하며, 으로 언급한바, 라고 언급하면서, 에 언급한것, 에서 언급했다, 을 언급했지만, 로 언급한다, 로 언급하였, 로 언급했다, 이라고 언급했다, 가 언급했듯이, 이라고 언급하며, 으로 언급하며, 라고 언급한다, 를 언급했는데, 을 언급하였으며, 으로 언급한것, 을 언급하는데, 를 언급하여, 를 언급했고, 라고 언급하고, 에서 언급하지, 를 언급했지만, 고 언급한다, 에서 언급한색계"
명명,5233,10,20,34,"라고 명명했다, 으로 명명하였, 가 명명한분류군, 로 명명하면서, 을 명명하는, 가 명명하였, 라고 명명하였, 로 명명했다, 이 명명한분류군, 을 명명하고, 로 명명하고, 로 명명하였, 이라고 명명했다, 이라고 명명하였, 으로 명명했고, 로 명명하여, 를 명명하였, 을 명명했다, 으로 명명하여, 으로 명명하고, 으로 명명한것, 으로 명명하는, 으로 명명했다, 를 명명했다, 가 명명한것, 으로 명명하였으며, 로 명명하기, 를 명명하는, 으로 명명한다, 라고 명명하고, 로 명명한다, 가 명명했다, 을 명명할때, 에 명명했다"
참석,5214,16,48,79,"에 참석했는데, 이 참석했는데, 이 참석한가운데, 에 참석하였, 에 참석했다가, 이 참석하였, 도 참석했다, 도 참석하여, 가 참석하였, 에 참석하여, 에 참석한후, 에 참석했다, 에 참석하면서, 이 참석했다, 에 참석하도록, 에 참석하다, 에 참석했을, 에 참석하지, 에 참석하고, 으로 참석하였, 에 참석하는, 도 참석하였, 이 참석했고, 에 참석하며, 에 참석했으며,, 는 참석하지, 이 참석하여, 가 참석했다, 에 참석하였으며, 에 참석하기, 에 참석하러, 에 참석한것, 이 참석한다, 은 참석하지, 에 참석한다, 가 참석하는, 에 참석했다는, 으로 참석했다, 로 참석하였, 으로 참석할수, 도 참석하지, 에 참석한뒤, 로 참석했다, 에 참석했던, 에 참석하게, 가 참석한가운데, 로 참석하여, 에 참석하였으나, 에 참석했고, 에 참석할수, 에 참석해"", 으로 참석하여, 가 참석하여, 에 참석했다고, 로 참석하고, 에 참석할것, 에 참석하려고, 가 참석하지, 이 참석하기, 에 참석한사람, 로 참석하였으며, 이 참석하는, 에 참석하던, 로 참석하기, 에 참석할예정, 에 참석한그, 이 참석하였으며, 으로 참석하고, 에 참석할때, 으로 참석했고, 에 참석하거나, 이 참석하고, 이 참석할수, 이 참석하지, 이 참석했으며,, 에 참석했지만, 에 참석했었다, 으로 참석하기, 로 참석했고"
맞이,5202,10,46,72,"를 맞이하게, 을 맞이한다, 를 맞이하였, 을 맞이하였으나, 을 맞이하다, 을 맞이하는, 를 맞이하는, 을 맞이함, 을 맞이하게, 을 맞이하여, 을 맞이했다, 을 맞이하였으며, 로 맞이하였, 를 맞이했다, 를 맞이하면서, 을 맞이했다는, 을 맞이하였, 를 맞이한것, 를 맞이한다, 을 맞이할수, 를 맞이하고, 로 맞이하게, 을 맞이하러, 을 맞이할때, 을 맞이하자, 를 맞이하여, 로 맞이했다, 을 맞이했고, 로 맞이하는, 를 맞이하며, 을 맞이하면서, 로 맞이하고, 를 맞이했지만, 으로 맞이하였, 로 맞이하여, 로 맞이한다, 을 맞이하며, 을 맞이하고, 을 맞이한것, 을 맞이하기, 를 맞이하기, 으로 맞이하여, 을 맞이한뒤, 을 맞이했을, 를 맞이한후, 를 맞이하였으며, 를 맞이했고, 으로 맞이했다, 을 맞이했다고, 를 맞이하자, 를 맞이할것, 을 맞이한후, 을 맞이했지만, 을 맞이할것, 을 맞이하던, 로 맞이하기, 를 맞이하지, 를 맞이하였으나, 을 맞이했는데, 를 맞이할때, 을 맞이하지만, 을 맞이했으며,, 에서 맞이하는, 를 맞이했는데, 을 맞이했던, 에서 맞이했다, 에서 맞이했지만, 에서 맞이하여, 를 맞이한뒤, 에서 맞이했고, 를 맞이했을, 를 맞이한상태"
발전,5189,21,49,95,"가 발전하였, 이 발전하였, 로 발전했다고, 이 발전하기, 으로 발전하였, 이 발전하여, 이 발전했다, 로 발전하여, 으로 발전하고, 이 발전하면서, 로 발전했다, 가 발전하게, 으로 발전했다, 으로 발전해갔, 이 발전하는, 로 발전하였, 로 발전하지, 으로 발전하여, 로 발전하고, 로 발전할수, 도 발전하고, 로 발전하게, 로 발전하는, 이 발전하고, 가 발전하는, 로 발전하기, 이 발전하게, 으로 발전했고, 로 발전했고, 으로 발전해왔, 으로 발전한것, 으로 발전했으며,, 이 발전하였으며, 까지 발전하였, 으로 발전하기, 으로 발전하게, 가 발전하고, 에서 발전했다, 가 발전하면서, 로 발전해갔, 으로 발전한다, 에서 발전하여, 으로 발전하였으며, 도 발전하였, 으로 발전할수, 로 발전한것, 로 발전해왔, 로 발전한다, 가 발전하기, 로 발전하였으며, 로 발전하면서, 에서 발전하였, 로서 발전하였, 가 발전했다, 으로 발전하면서, 으로 발전할가능, 부터 발전하기, 이 발전할수, 로 발전해나가, 으로 발전하지, 으로 발전해나갔, 으로 발전해가, 이 발전하며, 가 발전할수, 로 발전했지만, 으로 발전하는, 으로서 발전하였, 으로 발전할것, 이 발전했고, 에 발전하였, 로 발전했으며,, 도 발전했다, 로 발전한다는것, 가 발전한것, 로서 발전했고, 로 발전해가, 에서 발전한것, 까지 발전했다, 로서 발전했다, 로서 발전해왔, 으로서 발전했다, 로 발전했을, 으로 발전해나가, 에 발전했다, 으로 발전했지만, 으로 발전해온, 에 발전하기, 이 발전하지, 로서 발전하고, 으로서 발전해왔, 가 발전하여, 로 발전하며, 에서 발전하고, 도 발전하여, 으로서 발전하고"
함께,5147,16,86,119,"이 함께하는, 을 함께했다, 과 함께하는, 이 함께하기, 이 함께했다, 과 함께한국의, 와 함께하면서, 과 함께하기, 과 함께한다, 와 함께하고, 을 함께한다, 도 함께하였, 과 함께하였, 를 함께하고, 을 함께하는, 을 함께하며, 에서 함께했던, 을 함께했고, 과 함께했던, 을 함께했으며,, 과 함께하나의, 도 함께했다, 와 함께한시간, 와 함께하며, 와 함께하는, 와 함께하지, 이 함께하여, 가 함께하는, 을 함께하면서, 을 함께하여, 와 함께한다, 과 함께하고, 을 함께하기, 를 함께했다, 를 함께하면서, 과 함께한국불교, 에서 함께하였, 와 함께함), 와 함께한마지막, 를 함께하는, 와 함께하나의, 과 함께하며, 을 함께하였, 를 함께했던, 을 함께하게, 과 함께할것, 을 함께하고, 와 함께했던, 과 함께할수, 와 함께한그, 에 함께하게, 을 함께했던, 과 함께하지, 도 함께한다, 와 함께하기, 와 함께하였, 를 함께하였, 와 함께한일, 과 함께했다, 가 함께한다, 에 함께했다, 와 함께한것, 과 함께했고, 이 함께하고, 과 함께한국최초, 을 함께할것, 는 함께하지, 과 함께해체되, 를 함께하며, 와 함께했다, 와 함께할것, 과 함께하게, 가 함께했다, 와 함께할수, 에 함께하였, 까지 함께했다, 까지 함께하였, 와 함께해체되, 를 함께하기, 와 함께한〈, 와 함께한곡, 와 함께한밴드, 와 함께하게, 을 함께할수, 와 함께하소서, 과 함께하여, 도 함께하고, 에 함께하는, 으로 함께하는, 이 함께하였, 과 함께할때, 를 함께한다, 와 함께한국의, 가 함께하였, 에 함께했던, 에 함께하지, 과 함께한〈, 와 함께한"", 과 함께하면서, 을 함께한선장, 이 함께할수, 과 함께한해, 와 함께한화요일, 와 함께한여름, 와 함께한첫, 와 함께한다俱, 와 함께했습니다, 와 함께하지만, 이 함께한,, 이 함께한안식, 이 함께한이식, 이 함께한비식, 이 함께한설식, 이 함께한신식, 이 함께한받아들이, 이 함께한조사, 이 함께한오문, 이 함께한의문, 이 함께한미소"
생성,5146,12,32,49,"를 생성하게, 를 생성한다, 을 생성하는, 을 생성하고, 을 생성하여, 을 생성한다, 을 생성할수, 를 생성할수, 을 생성하지, 가 생성하는, 을 생성하도록, 를 생성하기, 를 생성하는, 를 생성하는데, 를 생성하고, 을 생성하거나, 를 생성한다는것, 을 생성하며, 을 생성했다, 를 생성하지, 를 생성하여, 을 생성하기, 을 생성하려면, 를 생성할것, 를 생성할때, 이 생성하는, 으로 생성할수, 를 생성하며, 으로 생성하는, 만 생성할수, 를 생성하지만, 를 생성하거나, 을 생성하는데, 를 생성함으로써, 을 생성하게, 의 생성함수는, 를 생성한다음, 를 생성했다, 을 생성할때, 을 생성함으로써, 를 생성하였, 으로 생성한다, 를 생성하도록, 을 생성하였, 을 생성하지만, 을 생성할것, 을 생성해내, 를 생성하면, 을 생성한다("
지정,5140,12,54,69,"를 지정하는, 을 지정하는, 로 지정하였, 를 지정한다, 로 지정하는, 로 지정했다, 로 지정한것, 이 지정한테러, 를 지정하지, 을 지정하고, 을 지정해주, 으로 지정하는, 로 지정하고, 을 지정하였, 를 지정하여, 을 지정한다, 으로 지정한것, 을 지정하여, 가 지정할수, 로 지정하기, 으로 지정했다, 로 지정하여, 으로 지정하여, 로 지정했고, 으로 지정하고, 으로 지정할수, 으로 지정한다, 을 지정하며, 로 지정했으며,, 를 지정하였, 로 지정해보호, 로 지정할수, 로 지정하면서, 를 지정하고, 가 지정한테러, 으로 지정하였, 에서 지정하는, 이 지정하는, 를 지정해야한다, 이 지정한다, 가 지정하는, 가 지정한세계, 을 지정하지, 가 지정한세계유산, 를 지정할수, 로 지정하지, 으로 지정하기, 를 지정했다, 로 지정하였으며, 으로 지정했고, 에서 지정해제되, 으로 지정하였으며, 을 지정할수, 까지 지정할수, 를 지정하기, 에서 지정한것, 을 지정했다, 을 지정하기, 를 지정하면, 로 지정한다, 으로 지정하지, 로 지정할가치, 로 지정할것, 을 지정하면, 을 지정하거나, 로 지정해달, 에서 지정한자동차, 로 지정할만, 이 지정한날"
가입,5123,16,58,81,"에 가입하다, 에 가입하여, 에 가입했다, 에 가입하였, 가 가입하였, 에 가입한사람, 으로 가입할수, 에 가입하는, 도 가입하지, 에 가입했다는, 에 가입함으로써, 에 가입한다, 이 가입했다, 이 가입하는, 만 가입할수, 에 가입하려는, 도 가입하여, 에게 가입하였, 로 가입했다, 에 가입하고, 에 가입해있, 에 가입하기, 로 가입하였, 에 가입할때, 로 가입하는, 이 가입하고, 에 가입하였으며, 에 가입하게, 에 가입하면서, 에 가입함, 는 가입하지, 으로 가입하여, 이 가입하면서, 가 가입했다, 에 가입하지, 에 가입했고, 에 가입했는데, 이 가입해있, 나 가입할수, 에 가입한것, 도 가입했다, 에 가입한국가, 으로 가입하였, 에 가입했다가, 이 가입하여, 도 가입하였, 에 가입할것, 에 가입했으며,, 에 가입한이후, 에 가입하면, 으로 가입했다, 에 가입함에, 에 가입하며, 으로 가입하게, 에 가입했지만, 에 가입한후, 에 가입하도록, 에 가입해야하, 에 가입했을, 에 가입했다고, 에 가입할수, 가 가입하여, 에 가입하거나, 이 가입하였, 에 가입한선수, 에 가입하려, 에 가입한뒤, 에 가입했던, 에 가입해활동, 에 가입하였으나, 은 가입하지, 가 가입하고, 에게 가입하는, 으로 가입하고, 로 가입함, 가 가입하면서, 에 가입한회원국, 가 가입하는, 이 가입할수, 에 가입하려고, 에 가입한55"
허용,5120,15,52,76,"을 허용하면서, 을 허용하였, 을 허용하거나, 을 허용하면, 을 허용하는, 을 허용했다, 를 허용하고, 이 허용하는, 에서 허용하는, 을 허용하지, 를 허용하게, 를 허용하여, 를 허용한다, 만 허용한다, 을 허용한다, 를 허용하지, 은 허용하지, 을 허용하지만, 을 허용하고, 으로 허용했다, 을 허용할것, 을 허용하기, 을 허용했지만, 도 허용하지, 를 허용하는, 을 허용할수, 를 허용하였, 을 허용해줄, 을 허용한것, 으로 허용하는, 를 허용하였으며, 를 허용했다, 를 허용한것, 을 허용해주, 을 허용하여, 를 허용하면서, 을 허용하며, 을 허용하였으며, 을 허용하되, 을 허용함으로써, 를 허용함으로써, 를 허용하기, 를 허용했지만, 만 허용하고, 을 허용하게, 를 허용하며, 을 허용하자, 를 허용할것, 으로 허용하고, 을 허용하도록, 가 허용하지, 을 허용해야한다, 을 허용하였으나, 를 허용할수, 을 허용해1, 만 허용하는, 을 허용했고, 을 허용한후, 도 허용한다, 만 허용하였, 를 허용하지만, 을 허용했으나,, 은 허용하고, 을 허용한이후, 는 허용하지, 을 허용했는데, 를 허용하도록, 를 허용하거나, 도 허용했다, 을 허용하므로, 을 허용했으며,, 를 허용했고, 을 허용했을, 을 허용할뿐, 가 허용하는, 을 허용해0"
구분,5115,16,34,65,"를 구분하기, 로 구분할수, 를 구분하지, 으로 구분하여, 으로 구분하였, 과 구분하기, 을 구분하는, 를 구분하고, 를 구분하는, 를 구분한다, 로 구분하고, 를 구분할수, 을 구분하기, 와 구분하기, 으로 구분한다, 으로 구분할수, 을 구분할수, 으로 구분하는, 를 구분하며, 로 구분하여, 을 구분해주, 을 구분하여, 로 구분하기, 로 구분한다, 으로 구분하기, 로 구분하는, 으로 구분하고, 와 구분하는, 과 구분할수, 로 구분하며, 을 구분하지, 을 구분하고, 을 구분했다, 로 구분했다, 을 구분한다, 로 구분하였, 으로 구분하면, 과 구분하는, 를 구분했다, 를 구분할때, 으로 구분하는데, 을 구분할때, 을 구분하였, 으로 구분했다, 를 구분하여, 으로 구분한것, 과 구분하여, 를 구분하였, 로 구분하는데, 와 구분하여, 와 구분할수, 로 구분하면, 으로 구분하며, 로 구분한것, 로 구분하지, 을 구분하는데, 을 구분하며, 로 구분할때, 과 구분한다, 는 구분한다, 을 구분해내, 으로 구분하였으며, 을 구분할필요, 도 구분할수, 을 구분한것"
발달,5108,15,38,88,"으로 발달한것, 이 발달하여, 이 발달하기, 이 발달하면서, 이 발달하였, 이 발달하게, 가 발달했다, 이 발달했으며,, 로 발달하였, 가 발달하였, 가 발달하여, 에서 발달하여, 가 발달하고, 으로 발달했다, 로 발달했다, 가 발달하기, 이 발달하는, 으로 발달하였, 가 발달하게, 으로 발달하기, 에 발달한다, 이 발달했는데, 이 발달했고, 이 발달했다, 이 발달하지, 가 발달한다, 이 발달하였으며, 으로 발달하고, 이 발달함에, 이 발달한다, 에서 발달한다, 이 발달해있, 이 발달하고, 가 발달하면서, 로 발달하여, 으로 발달하였으며, 으로 발달하여, 으로 발달하게, 이 발달할수, 도 발달하여, 가 발달할수, 도 발달하였, 에서 발달하는, 가 발달함에, 가 발달해있, 에 발달하였, 에 발달해있, 가 발달하지, 가 발달하는, 으로 발달하는, 에 발달하는, 로 발달하는, 이 발달한것, 에서 발달한것, 은 발달하지, 에서 발달했다, 이 발달한지역, 에서 발달하고, 이 발달하며, 으로 발달하며, 으로 발달한다, 까지 발달하는, 으로 발달해있, 도 발달해있, 에 발달하고, 는 발달하지, 이 발달한곳, 가 발달하였으며, 로 발달하며, 도 발달하고, 이 발달한도시, 에서 발달하였, 로 발달하게, 가 발달한것, 도 발달했다, 가 발달하며, 에 발달한단층, 에 발달하며, 에 발달하여, 으로 발달했고, 이 발달했던, 이 발달하였으나, 로 발달한다, 로 발달하고, 으로 발달하지, 으로 발달하면서, 로 발달하지, 까지 발달한다"
제안,5103,15,42,83,"을 제안했다, 을 제안했고, 을 제안하는, 을 제안하기, 으로 제안한것, 을 제안하였으며, 을 제안했으며,, 을 제안한다, 를 제안했다, 을 제안했는데, 으로 제안했다, 을 제안한것, 을 제안하였, 를 제안하였, 를 제안하게, 이 제안한것, 를 제안하는, 가 제안하였, 가 제안하여, 으로 제안하였, 을 제안하다, 로 제안했다, 을 제안하면서, 을 제안하였으나, 을 제안하자, 를 제안하면서, 를 제안하여, 에게 제안하였, 고 제안했다, 을 제안하며, 를 제안했지만, 을 제안했던, 를 제안한다, 을 제안했지만, 가 제안하고, 을 제안하고, 에서 제안한것, 을 제안하게, 을 제안하여, 를 제안하기, 가 제안했던, 를 제안한것, 를 제안했고, 을 제안한바, 가 제안하는, 로 제안하였, 에게 제안한다, 에 제안했다, 를 제안하고, 에 제안하였, 을 제안했다는, 을 제안했다고, 을 제안할수, 을 제안했으나,, 을 제안했을, 을 제안하는데, 가 제안했다, 를 제안했으나,, 도 제안했다, 을 제안한적, 가 제안한"", 가 제안한것, 에게 제안했다, 를 제안했을, 에게 제안하는, 를 제안했는데, 이 제안하고, 를 제안할수, 을 제안함으로써, 라고 제안했다, 이 제안했던, 이 제안하는, 을 제안하지만, 이 제안했다, 를 제안하였으나, 이 제안하였, 를 제안했으며,, 에서 제안하는, 이 제안한대로, 를 제안했다고, 에 제안했고, 에서 제안했다, 를 제안하며"
대응,5092,19,26,51,"에 대응하기, 에 대응하는, 으로 대응하기, 로 대응한다, 에 대응할수, 는 대응하는, 에 대응한다, 에 대응하여, 과 대응하는, 으로 대응하였, 에 대응했다, 으로 대응했다, 도 대응할수, 에 대응하고, 은 대응하는, 으로 대응하여, 으로 대응하고, 으로 대응하지, 로 대응하는, 에 대응하였, 과 대응한다, 에 대응하지, 로 대응했다, 에 대응하고자, 에 대응하며, 도 대응하고, 으로 대응할수, 에 대응해,, 와 대응하는, 의 대응하는, 도 대응한다, 으로 대응한다, 에 대응해서,, 으로 대응하는, 을 대응하는, 와 대응한다, 에 대응한것, 가 대응하는, 으로써 대응했다, 로 대응하고, 로 대응하였, 까지 대응하는, 에서 대응하는, 에 대응하지만, 에 대응하도록, 는 대응하지, 에 대응하게, 에 대응하면서, 으로 대응하며, 까지 대응한다, 에 대응한모델"
취득,5092,11,39,56,"를 취득했다, 를 취득하지, 를 취득하고, 를 취득할수, 를 취득하였, 를 취득한뒤, 을 취득하였, 을 취득하였으며, 을 취득한후, 을 취득하는, 을 취득하여, 을 취득했지만, 을 취득하며, 을 취득할수, 를 취득한후, 를 취득하거나, 를 취득하게, 를 취득한다, 을 취득했다, 을 취득하였으나, 을 취득하고, 을 취득한다, 를 취득하여, 도 취득하였, 를 취득하는, 을 취득했고, 을 취득하면서, 을 취득하기, 을 취득하게, 을 취득한것, 를 취득한그, 를 취득했고, 를 취득했으며,, 를 취득하였으며, 에 취득하였, 을 취득하면, 을 취득한자, 를 취득하기, 을 취득한사람, 을 취득하지, 을 취득한뒤, 를 취득한자, 로 취득한재산, 를 취득해야한다, 를 취득하면서, 를 취득하며, 를 취득한것, 을 취득한제, 을 취득하거나, 을 취득했으며,, 을 취득함으로써, 를 취득한사람, 를 취득했다고, 을 취득한경우, 를 취득했지만, 를 취득한이후"
포기,5071,14,52,78,"를 포기하고, 을 포기하지, 을 포기했다는, 을 포기하겠, 을 포기한다, 을 포기하고, 을 포기해야하, 를 포기했다, 을 포기할수, 을 포기했다, 를 포기했다고, 를 포기한것, 을 포기해야만, 을 포기하면, 를 포기하였, 을 포기하였, 을 포기하라는, 을 포기하는, 를 포기하게, 을 포기해야했, 을 포기하게, 을 포기하기, 를 포기했고, 를 포기한다, 를 포기하지, 도 포기하고, 를 포기하기, 은 포기하지, 를 포기하는, 를 포기해야만, 을 포기하면서, 를 포기함으로써, 를 포기하여, 에 포기하지, 를 포기할수, 을 포기한채, 을 포기했고, 을 포기한것, 을 포기하거나, 를 포기하면서, 을 포기한경우, 을 포기했음, 을 포기하자, 은 포기하고, 에 포기하였, 을 포기하며, 는 포기하지, 에 포기했다, 을 포기하여, 을 포기할것, 까지 포기하지, 를 포기할것, 를 포기해야했, 을 포기하도록, 도 포기하지, 를 포기하였으며, 을 포기했지만, 을 포기했다고, 을 포기했기, 를 포기하도록, 을 포기함에, 에 포기하고, 을 포기하였으며, 을 포기함으로써, 을 포기하라고, 를 포기하거나, 으로 포기하고, 을 포기했을, 를 포기했지만, 을 포기한후, 을 포기한뒤, 로 포기했다, 는 포기하고, 을 포기하려, 를 포기하라고, 을 포기할경우, 를 포기하라는, 를 포기하겠"
부,5017,17,6,24,"의 부하, 에 부하, 을 부러워하, 에서 부하, 는 부하, 로 부하, 으로 부하, 가 부하, 와 부하, 은 부하, 을 부하, 를 부하, 이 부하, 의 부하는, 과 부하, 에게 부하, 를 부끄러워하, 를 부러워하, 을 부끄러워하, 의 부하였으나, 도 부하, 이나 부하, 나 부하, 로 부끄러워하"
공부,5014,15,40,71,"을 공부했다, 을 공부하였, 을 공부하게, 을 공부하였으나, 을 공부하고, 을 공부하기, 을 공부하다가, 을 공부한다, 을 공부하며, 에서 공부하였, 에서 공부하다가, 을 공부하러, 에서 공부하던, 이 공부하던, 으로 공부하였, 에서 공부했으며,, 을 공부하여, 에서 공부할때, 에서 공부했다, 에서 공부하기, 을 공부하는, 를 공부하고, 에서 공부하게, 을 공부했지만, 를 공부했다, 을 공부했고, 을 공부하였으며, 를 공부하였, 를 공부하는, 에서 공부하고, 으로 공부하고, 에서 공부하는, 를 공부하기, 을 공부했는데, 을 공부한후, 를 공부했고, 을 공부할때, 을 공부하면서, 을 공부했으며,, 에서 공부한다, 에서 공부하였으며, 에서 공부한후, 에서 공부하며, 으로 공부하는, 에서 공부할수, 을 공부한뒤, 까지 공부했다, 를 공부한다, 를 공부하면서, 에서 공부하면서, 이 공부하고, 도 공부하였, 을 공부하다, 을 공부할수, 에서 공부하여, 이 공부하는, 를 공부했으며,, 을 공부하던, 으로 공부했다, 에서 공부했고, 를 공부한뒤, 는 공부하는, 을 공부한그, 에서 공부한뒤, 도 공부했다, 를 공부하였으며, 을 공부하도록, 를 공부하여, 을 공부한사람, 을 공부해가, 를 공부하며"
건설,4971,12,53,86,"을 건설하기, 를 건설하였, 를 건설하기, 을 건설하는, 를 건설하고, 를 건설했으며,, 를 건설했다, 을 건설한후, 을 건설했다, 로 건설했다, 을 건설하지, 을 건설하며, 를 건설하는, 를 건설한다, 를 건설하겠, 를 건설할수, 을 건설한이후, 를 건설하여, 을 건설하여, 을 건설하였, 를 건설하려는, 를 건설했고, 를 건설하게, 를 건설할때, 를 건설하려, 에 건설했다, 을 건설하였으며, 도 건설하였, 을 건설하고, 을 건설했던, 로 건설하여, 을 건설하겠, 로 건설하였, 을 건설할계획, 을 건설함으로써, 을 건설한다, 을 건설하려고, 를 건설할것, 을 건설하자, 를 건설하자는, 을 건설한것, 을 건설하려는, 를 건설하였으며, 에 건설하였, 에 건설하기, 를 건설한후, 를 건설할계획, 을 건설할때, 를 건설함으로써, 를 건설했다고, 를 건설하며, 을 건설하면서, 을 건설하게, 을 건설했으며,, 을 건설했고, 을 건설할것, 를 건설하려고, 에 건설하여, 을 건설하도록, 로 건설하는, 이 건설했다, 에 건설하는, 를 건설하면서, 이 건설하였, 을 건설할당시, 를 건설하고자, 으로 건설하고, 가 건설했다, 에 건설하고, 을 건설해야했, 를 건설했는데, 으로 건설했다, 을 건설할수, 을 건설하고자, 를 건설한것, 을 건설할예정, 으로 건설하는, 를 건설하지, 을 건설하면, 가 건설하였, 를 건설하거나, 으로 건설하기, 을 건설하거나, 를 건설했다는, 으로 건설하였, 을 건설해야건설"
묘사,4889,16,57,81,"을 묘사하는, 로 묘사했다, 라고 묘사하였, 로 묘사하였, 으로 묘사할수, 를 묘사했다, 을 묘사하며, 를 묘사하는, 을 묘사하기, 으로 묘사하는, 으로 묘사했다, 를 묘사하면서, 를 묘사하고, 라고 묘사했다, 이라고 묘사했다, 를 묘사할때, 으로 묘사하고, 으로 묘사하였, 이라고 묘사하였, 으로 묘사한다, 을 묘사한것, 로 묘사한다, 을 묘사하여, 을 묘사하고, 을 묘사한,, 으로 묘사함으로써, 으로 묘사하기, 으로 묘사했고, 를 묘사한작품, 을 묘사하는데, 을 묘사한다, 을 묘사하였, 을 묘사했고, 을 묘사하면서, 으로 묘사했다는, 을 묘사한그림, 를 묘사한것, 을 묘사할때, 을 묘사하거나, 로 묘사하고, 로 묘사하는, 으로 묘사하여, 를 묘사한그림, 로 묘사하기, 을 묘사하고자, 로 묘사했으며,, 를 묘사하기, 을 묘사했다, 에서 묘사하는, 고 묘사하였, 로 묘사한것, 를 묘사한다, 이 묘사하는, 으로 묘사한것, 을 묘사한모자이크, 으로 묘사하며, 고 묘사했다, 를 묘사하였, 으로 묘사하면서, 라고 묘사하기, 로 묘사하여, 으로 묘사했으며,, 을 묘사한삽화, 을 묘사한작품, 을 묘사한《, 를 묘사하여, 로 묘사하면서, 라고 묘사하며, 라고 묘사했고, 로 묘사하며, 를 묘사할수, 를 묘사하며, 처럼 묘사했다, 을 묘사함으로써, 를 묘사하는데, 가 묘사하는, 로 묘사했고, 라고 묘사한다, 을 묘사할수, 이라고 묘사하며, 를 묘사한곡"
사랑,4884,24,68,99,"를 사랑하게, 를 사랑했고, 을 사랑하고, 를 사랑하는, 을 사랑한여인, 을 사랑하며, 을 사랑하는, 을 사랑하기, 를 사랑하고, 을 사랑할수, 을 사랑한다는것, 를 사랑하였, 를 사랑하여, 을 사랑했다, 은 사랑하는, 을 사랑하였, 의 사랑하는, 는 사랑하는, 을 사랑하여, 을 사랑한다, 을 사랑하지만, 를 사랑하라, 는 사랑하고, 만 사랑하는, 이 사랑하는, 가 사랑했다, 를 사랑한시간, 를 사랑하지, 로 사랑하라, 를 사랑한다, 를 사랑한남자, 을 사랑하지, 가 사랑한제자, 로 사랑하는, 를 사랑했다, 가 사랑하는, 가 사랑할때, 를 사랑하지만, 를 사랑했지만, 을 사랑하게, 가 사랑했던, 를 사랑한스파이, 을 사랑해주, 을 사랑했던, 를 사랑했던, 를 사랑했네, 과 사랑하는, 으로 사랑하는, 으로 사랑하고, 를 사랑하시, 가 사랑하고, 을 사랑하라, 가 사랑한수식, 를 사랑할때, 을 사랑했고, 은 사랑한다》, 를 사랑하며, 를 사랑해(, 와 사랑하는, 으로 사랑하게, 엔 사랑할거, 이 사랑하던, 도 사랑하지, 이 사랑했던, 에 사랑하는, 은 사랑할때, 을 사랑한다(, 을 사랑하다, 를 사랑해주, 를 사랑하는가, 을 사랑해》, 를 사랑할수, 를 사랑하기, 와 사랑하게, 부터 사랑해》, 가 사랑한그, 가 사랑한사람, 를 사랑한다는것, 에서 사랑하는, 은 사랑할시간, 가 사랑할수, 처럼 사랑할수, 를 사랑해"", 까지 사랑하겠, 까지 사랑한거, 도 사랑하는, 를 사랑하다, 가 사랑한시간, 를 사랑해〉, 를 사랑한스님, 를 사랑해》, 을 사랑한남자, 야 사랑하노라, 를 사랑한난장이, 가 사랑한유럽, 을 사랑해(, 를 사랑해윤미래, 처럼 사랑하는, 를 사랑해-"
기,4839,14,11,35,"을 기뻐했, 을 기한, 을 기하, 을 기해, 는 기하, 가 기뻐하, 를 기해, 를 기하, 는 기뻐하, 에 기해, 에 기하, 이 기뻐하, 에 기한, 을 기뻐하, 은 기뻐하, 를 기한, 에 기뻐하, 을 기할, 의 기하, 은 기하, 를 기뻐하, 에 기뻐했, 도 기뻐하, 은 기한, 의 기함, 에 기함, 의 기한, 과 기하, 을 기했, 이 기하, 는 기함, 는 기한, 를 기함, 을 기함, 은 기함"
성장,4834,21,45,93,"로 성장했다, 에서 성장하게, 으로 성장하는, 이 성장하면서, 으로 성장하였, 으로 성장하면서, 로 성장해가, 으로 성장했다, 로 성장하는, 에서 성장하였, 가 성장하였, 로 성장하고, 이 성장했다, 가 성장함에, 로 성장하였, 이 성장하고, 이 성장하였, 으로 성장한것, 으로 성장하기, 이 성장하여, 으로 성장하였으며, 이 성장함에, 이 성장하게, 로 성장하였으며, 에서 성장했다, 로 성장한다, 으로 성장한다, 가 성장하면서, 으로 성장하게, 로 성장해있, 로 성장하여, 으로 성장해간다, 가 성장하기, 로서 성장하였, 가 성장하는, 으로 성장할수, 로 성장하게, 로 성장할수, 으로 성장하여, 이 성장하기, 도 성장하였, 에서 성장한그, 로 성장했고, 에서 성장하는, 에서 성장하여, 으로 성장하고, 에서 성장할수, 에서 성장하고, 로 성장할것, 이 성장하는, 로 성장해나가, 가 성장했다, 가 성장하고, 의 성장하는, 이 성장하면, 으로 성장하지, 로 성장하면서, 가 성장하여, 에서 성장한다, 는 성장하지, 에서 성장하면서, 까지 성장한다, 로 성장했으며,, 가 성장하면, 으로 성장했고, 로 성장했지만, 가 성장하자, 으로 성장했으며,, 로 성장하기, 로 성장하며, 가 성장할수, 으로 성장해왔, 에서 성장하며, 으로 성장할것, 으로 성장하며, 에서 성장하였으며, 까지 성장했다, 으로 성장했지만, 에서 성장했으며,, 로 성장해간다, 까지 성장하였, 까지 성장할수, 는 성장하면서, 은 성장하면서, 에서 성장한그녀, 이 성장할수, 는 성장하는, 는 성장하여, 가 성장할때, 이 성장하지, 까지 성장하며, 에서 성장했고, 은 성장하는"
처,4816,6,7,11,"에 처해, 에 처하, 에 처한, 에 처했, 이 처한, 에 처했으나,, 에 처할, 에 처함, 이 처해, 가 처한, 을 처하"
표시,4793,15,43,81,"을 표시하며, 로 표시하고, 을 표시하는, 로 표시할수, 로 표시한다, 를 표시하면서, 으로 표시하는, 으로 표시한다, 로 표시하는, 을 표시한다, 을 표시하고, 으로 표시할수, 에 표시할수, 을 표시할수, 를 표시하는, 를 표시한지도, 을 표시하지, 에 표시하는, 을 표시하기, 을 표시하였, 를 표시할수, 를 표시한다, 을 표시하던, 으로 표시하고, 로 표시한것, 를 표시하였, 으로 표시한것, 를 표시하기, 를 표시하고, 를 표시했다, 을 표시한것, 만 표시하였, 를 표시하도록, 을 표시하거나, 에 표시하였, 에 표시하고, 을 표시했고, 를 표시하여, 를 표시한것, 로 표시하며, 로 표시하기, 로 표시하면, 를 표시할때, 만 표시한다, 으로 표시하여, 을 표시하여, 을 표시했다, 를 표시했고, 를 표시하지, 을 표시한지도, 로 표시하여, 로 표시하였, 으로 표시하기, 으로 표시하며, 으로 표시했다, 로 표시했다, 를 표시해준다, 으로 표시하였, 을 표시할때, 에게 표시할수, 를 표시하면, 을 표시하여야, 을 표시하지만, 를 표시해주, 을 표시하게, 를 표시하지만, 에 표시한다, 를 표시하거나, 을 표시해주, 을 표시하도록, 을 표시하면, 를 표시하는데, 를 표시하며, 는 표시하지, 을 표시하면서, 를 표시해야한다, 에 표시하기, 으로 표시하면, 만 표시하고, 으로 표시함, 로 표시한꼭짓점"
패배,4780,15,51,108,"에서 패배하며, 으로 패배하며, 에 패배한이후, 에게 패배하기, 이 패배하여, 에서 패배하는, 에서 패배한이후, 에서 패배했다, 에서 패배한후, 에 패배하였, 로 패배하였, 로 패배하며, 으로 패배하였, 에게 패배했다, 에서 패배하게, 에서 패배하였, 에서 패배하면서, 는 패배하였, 에게 패배했지만, 에서 패배하자, 에서 패배하고, 로 패배하면서, 에서 패배했고, 에게 패배하였, 이 패배한것, 에 패배하여, 에게 패배한후, 가 패배한후, 에 패배하며, 가 패배하면서, 에 패배하고, 에서 패배하여, 는 패배하고, 에서 패배한뒤, 은 패배하고, 에서 패배한다, 에서 패배했지만, 도 패배하지, 가 패배하여, 에게 패배하여, 가 패배했다, 는 패배했고, 에 패배한후, 에게 패배했고, 에 패배하기, 은 패배하여, 은 패배했고, 가 패배하고, 에게 패배하자, 으로 패배했다, 에서 패배한것, 에게 패배하고, 이 패배하자, 이 패배했다, 에 패배하면서, 이 패배한이후, 에게 패배하였으며, 이 패배하며, 이 패배하면서, 이 패배하고, 는 패배했지만, 로 패배하여, 로 패배하고, 으로 패배하면서, 이 패배한뒤, 은 패배하였, 는 패배하여, 에게 패배하면서, 에서 패배함으로써, 에게 패배하며, 로 패배했다, 이 패배한후, 가 패배하자, 에게 패배한다, 에게 패배한뒤, 에게 패배하게, 에 패배했다, 에게 패배하였으나, 으로 패배하여, 로 패배했고, 에게 패배하는, 에게 패배한것, 로 패배하는, 는 패배했다, 에서 패배한일본, 으로 패배하고, 에게 패배한이후, 에 패배하는, 에서 패배한팀, 에 패배하자, 에 패배한것, 에 패배했고, 은 패배했다, 에 패배한뒤, 에서 패배했다는, 도 패배하였, 에서 패배할때, 이 패배하는, 에 패배한다, 에게 패배할때, 로 패배한다, 으로 패배한다, 가 패배한이후, 에서 패배하였으며, 으로 패배한경기, 에서 패배한두, 로 패배한경기, 에서 패배하면"
관련,4749,5,49,41,"에 관련해서는, 과 관련하여, 와 관련하여, 과 관련해서는, 와 관련한내용, 에 관련하여, 과 관련해서도, 과 관련해"", 과 관련한정보, 와 관련해"", 와 관련해“, 과 관련해“, 와 관련해,, 과 관련한내용, 와 관련해서는, 과 관련한연구, 과 관련해,, 와 관련한정보, 와 관련한연구, 에 관련한것, 과 관련한것, 에 관련하는, 에 관련한모든, 와 관련해정부, 과 관련하여서는, 과 관련한모든, 와 관련해서,, 과 관련한논란, 과 관련한여러, 과 관련한문제, 과 관련해', 과 관련해서,, 와 관련해서도, 와 관련하여서는, 와 관련한것, 과 관련한기록, 과 관련한자료, 과 관련한사건, 과 관련해이, 과 관련해서말, 과 관련한향가"
재직,4740,11,25,56,"로 재직하면서, 에서 재직하던, 까지 재직하였, 로 재직하였, 까지 재직했다, 로 재직했다, 도 재직했다, 로 재직하다, 으로 재직하였, 로 재직하는, 에 재직하고, 으로 재직하면서, 에 재직하는, 에 재직하였, 으로 재직했다, 로 재직한후, 로 재직하던, 로 재직하고, 으로 재직하던, 로 재직할때, 으로 재직할당시, 으로 재직할때, 으로 재직하다가, 에 재직하면서, 로 재직할당시, 으로 재직하고, 로 재직하며, 로 재직하다가, 로 재직하였으며, 까지 재직하고, 으로 재직하는, 도 재직하였, 에 재직하던, 로 재직했으며,, 로 재직하기, 으로 재직하기, 까지 재직했으며,, 에 재직했다, 로 재직했고, 으로 재직하며, 에서 재직하였, 도 재직하고, 으로 재직했고, 에 재직하며, 에서 재직했다, 이 재직하고, 을 재직했다, 으로 재직하였으며, 으로 재직했으며,, 로 재직했던, 에 재직할때, 로 재직했었다, 으로 재직하다, 에 재직했던, 에 재직하다가, 에서 재직할때"
제기,4738,11,46,66,"가 제기하는, 을 제기했고, 을 제기하였, 을 제기하게, 을 제기하며, 을 제기했다, 를 제기한후, 를 제기하고, 을 제기하기, 를 제기하였, 을 제기하지, 을 제기하면서, 을 제기하여, 을 제기하는, 를 제기하기, 를 제기했다, 을 제기했지만, 를 제기하지, 을 제기할수, 을 제기한다, 을 제기하고, 을 제기하였으나, 이 제기하는, 에 제기했다, 를 제기하였으며, 를 제기하는, 을 제기한바, 을 제기하다, 를 제기할수, 을 제기했으며,, 을 제기했다가, 를 제기하거나, 을 제기한것, 를 제기했고, 를 제기하며, 을 제기하였으며, 에서 제기하는, 을 제기했다고, 를 제기하여, 로 제기한손해배상, 를 제기했으며,, 를 제기하자, 를 제기했지만, 를 제기한다, 이 제기한의혹, 을 제기했는데, 을 제기하거나, 를 제기하면서, 으로 제기했다, 을 제기해왔, 을 제기한적, 을 제기하자, 를 제기하였으나, 로 제기한소송, 가 제기한소송, 도 제기했다, 에 제기하였, 을 제기했던, 으로 제기하였, 를 제기한것, 를 제기한경우, 를 제기했던, 이 제기한소송, 를 제기하면, 에 제기하여야, 을 제기했을"
전달,4700,15,49,80,"를 전달한다, 를 전달하고, 를 전달하여, 에게 전달했다, 을 전달하는, 을 전달하기, 를 전달하게, 에 전달하고, 를 전달하는, 를 전달하지, 에게 전달했다고, 를 전달하거나, 로 전달한다, 으로 전달했다, 를 전달하기, 을 전달하였, 을 전달했다, 을 전달할때, 으로 전달할수, 를 전달할수, 로 전달하고, 에 전달하였, 를 전달하였, 에 전달하기, 을 전달하면, 을 전달한다, 에게 전달한다, 를 전달하며, 를 전달했다, 에게 전달할수, 을 전달하지, 을 전달했으며,, 에게 전달하고, 에게 전달하였, 에게 전달하기, 으로 전달하기, 을 전달하며, 으로 전달하는, 에 전달했다, 을 전달하고, 에 전달하는, 을 전달해주, 에 전달한다, 에 전달하여, 에게 전달해주, 으로 전달하였, 을 전달했고, 를 전달하려, 를 전달함으로써, 을 전달하여, 로 전달하여, 로 전달하는, 을 전달하거나, 에게 전달하며, 이 전달하는, 을 전달하게, 에게 전달했고, 를 전달해주, 을 전달할수, 에 전달할수, 에게 전달하는, 를 전달했고, 을 전달했지만, 에게 전달하여, 으로 전달한다, 를 전달하면, 를 전달할때, 을 전달함으로써, 을 전달하도록, 로 전달할수, 을 전달하면서, 으로 전달하고, 을 전달하고자, 으로 전달하여, 를 전달하려는, 가 전달하는, 을 전달했던, 를 전달하고자, 에 전달했고, 를 전달하면서"
주도,4694,9,43,73,"을 주도했던, 의 주도하에, 이 주도하는, 를 주도했던, 를 주도하고, 을 주도하게, 을 주도했다, 을 주도하고, 을 주도하는, 를 주도하게, 를 주도하는, 를 주도한혐의, 을 주도하기, 를 주도하면서, 가 주도하여, 을 주도하면서, 가 주도하였, 을 주도하여, 를 주도했다, 을 주도하며, 을 주도하거나, 을 주도하였으나, 을 주도하였, 를 주도하며, 가 주도하는, 에서 주도하는, 를 주도하던, 을 주도한혐의, 를 주도해나갔, 을 주도하던, 이 주도하여, 를 주도한다, 을 주도한다, 가 주도하던, 를 주도하였, 을 주도해왔, 을 주도한것, 을 주도했으며,, 가 주도한것, 를 주도하여, 가 주도한반란, 를 주도한것, 를 주도할수, 을 주도한사람, 을 주도했다는, 을 주도하였으며, 을 주도했고, 을 주도할수, 이 주도한것, 이 주도하였, 가 주도했다, 이 주도했다, 에서 주도하여, 이 주도하던, 가 주도하고, 이 주도한쿠데타, 이 주도한다, 이 주도하고, 을 주도한인물, 을 주도했다고, 을 주도해온, 를 주도하였으며, 를 주도하다가, 를 주도하기, 이 주도하게, 를 주도하거나, 가 주도했던, 를 주도했으며,, 을 주도하다가, 이 주도했던, 를 주도했고, 를 주도한인물, 를 주도해온"
부족,4681,19,65,98,"이 부족하다고, 이 부족하기, 가 부족했던, 이 부족하다는, 의 부족함을, 가 부족하다, 이 부족해지, 는 부족하다, 이 부족했다, 가 부족한상황, 는 부족하여, 이 부족했기, 의 부족한점, 이 부족하여, 이 부족했다는, 이 부족하면, 이 부족한상태, 이 부족했던, 이 부족한점, 이 부족하며, 이 부족하고, 이 부족하자, 이 부족하다, 이 부족했고, 가 부족하여, 가 부족하고, 가 부족했기, 가 부족해지, 은 부족하다, 는 부족함이, 이 부족하거나, 가 부족한혈액, 이 부족할때, 이 부족한것, 가 부족하다고, 도 부족하다, 이 부족하였, 는 부족했다, 가 부족하기, 가 부족하게, 가 부족한편, 가 부족하다는, 에 부족함이, 이 부족한편, 가 부족했고, 이 부족함을, 이 부족할경우, 이 부족한사람, 이 부족한지역, 은 부족한편, 도 부족했다, 가 부족하면, 이 부족한경우, 가 부족한경우, 는 부족하였, 가 부족할수, 도 부족하여, 가 부족하자, 가 부족한점, 이 부족했을, 가 부족한것, 가 부족했다, 는 부족하다고, 가 부족할때, 이 부족하던, 이 부족했지만, 이 부족해졌다, 가 부족하며, 는 부족하다는, 이 부족한탓, 가 부족하였, 이 부족하므로, 는 부족한것, 은 부족하였, 는 부족하며, 이 부족한데, 이 부족한곳, 이 부족하게, 이 부족할수, 가 부족하지만, 가 부족할경우, 가 부족한상태, 을 부족하게, 이 부족한상황, 이 부족했다고, 에 부족했던, 가 부족하거나, 이 부족하지만, 는 부족하고, 은 부족하지만, 은 부족했다, 는 부족하지만, 이 부족함에, 의 부족한부분, 이 부족하다며, 이 부족하다면, 도 부족하고, 이 부족하지"
측정,4657,14,39,63,"을 측정하여, 을 측정하였, 는 측정하기, 를 측정할수, 을 측정하고, 를 측정하기, 으로 측정하였, 를 측정하여, 을 측정하는, 를 측정하는, 로 측정할수, 에서 측정하는, 을 측정할수, 를 측정하고, 을 측정하기, 를 측정하였, 를 측정함으로써, 으로 측정할수, 를 측정한다, 를 측정하면, 을 측정한결과, 을 측정할때, 을 측정했다, 를 측정했다, 로 측정한다, 를 측정할때, 만 측정할수, 을 측정한다, 을 측정함으로써, 를 측정하는데, 를 측정하게, 는 측정할수, 을 측정하며, 으로 측정하여, 를 측정하려고, 도 측정할수, 로 측정하는, 를 측정한결과, 을 측정한것, 에서 측정할수, 를 측정하려는, 로 측정하며, 을 측정하지, 를 측정하거나, 를 측정했고, 을 측정하면, 으로 측정하기, 를 측정한것, 으로 측정하는, 으로 측정한다, 에 측정할수, 를 측정하며, 로 측정하여, 을 측정하거나, 까지 측정할수, 로 측정했다, 로 측정하였, 로 측정한결과, 을 측정하도록, 으로 측정하고, 으로 측정했다, 를 측정하도록, 을 측정하는데"
활용,4613,13,46,70,"을 활용하여, 를 활용하여, 을 활용한다, 로 활용하고, 도 활용할수, 로 활용할수, 을 활용하며, 로 활용하는, 을 활용하고, 로 활용했다, 으로 활용하고, 을 활용하는, 을 활용하지, 을 활용하기, 으로 활용하는, 으로 활용하여, 로 활용한다, 으로 활용한다, 에 활용하였, 에 활용하고, 을 활용하였, 을 활용할수, 를 활용하고, 으로 활용했다, 를 활용할수, 로 활용하여, 를 활용하였, 으로 활용하며, 을 활용하면, 를 활용하는, 로 활용하였, 에 활용하는, 를 활용하기, 로 활용하기, 으로 활용하기, 이 활용할수, 에서 활용하고, 에서 활용하기, 으로 활용할수, 으로 활용하였, 를 활용한다, 을 활용하면서, 에 활용하기, 를 활용한것, 을 활용했다, 을 활용하게, 으로 활용하게, 를 활용하게, 를 활용했다, 를 활용하면, 를 활용하거나, 을 활용하거나, 에 활용할수, 을 활용할것, 에서 활용할수, 도 활용한다, 를 활용함으로써, 에 활용했다, 에 활용한다, 으로 활용하고자, 을 활용한것, 을 활용한‘, 를 활용하지, 에서 활용하는, 을 활용함으로써, 를 활용하면서, 을 활용하도록, 을 활용한다양, 를 활용하며, 에 활용하여"
결성,4585,11,45,60,"을 결성하였, 를 결성하여, 를 결성한다, 을 결성할수, 을 결성하여, 을 결성한것, 를 결성하였, 을 결성하였으며, 을 결성한다, 을 결성했다, 를 결성했다, 를 결성하고, 를 결성하며, 를 결성했고, 를 결성했는데, 을 결성하는, 을 결성하기, 을 결성하고, 을 결성하면서, 를 결성하였으며, 를 결성하기, 를 결성한뒤, 을 결성했으며,, 를 결성하는, 을 결성했지만, 에 결성하였, 을 결성하게, 를 결성하면서, 이 결성한밴드, 을 결성하였으나, 에서 결성하였, 를 결성해활동, 을 결성해활동, 을 결성해,, 을 결성하며, 을 결성하자, 를 결성하게, 에 결성하여, 를 결성한것, 에서 결성했다, 을 결성할것, 을 결성한뒤, 가 결성하였, 를 결성할때, 를 결성하자, 에 결성했다, 이 결성했다, 에 결성한대한민국, 을 결성했고, 를 결성할것, 를 결성해,, 를 결성했으며,, 으로 결성했다, 를 결성할수, 이 결성하였, 이 결성하여, 가 결성했다, 를 결성한후, 가 결성한대한민국, 에 결성한일본"
상징,4578,5,20,27,"을 상징하는, 를 상징하는, 을 상징하고, 을 상징한다, 을 상징하며, 를 상징한다, 을 상징하기, 을 상징한것, 을 상징하게, 가 상징하는, 를 상징하기, 을 상징하였, 를 상징하였, 를 상징하고, 를 상징하여, 이 상징하는, 을 상징한다고한다, 를 상징하며, 을 상징하여, 을 상징할수, 를 상징했다, 을 상징한다고밝혔, 을 상징했다, 를 상징하게, 을 상징함*, 을 상징함, 를 상징함*"
대항,4495,12,35,45,"에 대항하였, 에 대항하기, 에 대항하지만, 에 대항하는, 에 대항하여, 에 대항한것, 으로 대항하기, 에 대항할것, 에게 대항하여, 에 대항했던, 에 대항할수, 에 대항하며, 에 대항하려고, 에 대항하고, 에 대항했다, 에 대항하려, 에게 대항하기, 에 대항하고자, 에 대항하려는, 에게 대항하였, 에 대항하면서, 에게 대항하는, 을 대항하는, 과 대항하여, 에 대항했고, 에 대항해싸웠, 에 대항하지, 에 대항해싸우, 에 대항하던, 에 대항하였으며, 으로 대항하는, 에게 대항할수, 에 대항한전쟁, 에 대항하다가, 에 대항하게, 에 대항한반란, 에 대항했으나,, 으로 대항할수, 에게 대항했다, 에 대항하였으나, 에 대항하다, 에게 대항하지, 와 대항하기, 에 대항한다, 에 대항했지만"
선출,4450,9,28,52,"로 선출하였, 을 선출하고, 로 선출한다, 을 선출할때, 을 선출하기, 을 선출하는, 을 선출했다, 을 선출한다, 를 선출한다, 를 선출하였, 로 선출했다, 으로 선출하고, 이 선출하는, 에서 선출하며, 에서 선출한다, 에서 선출하는, 을 선출하였, 를 선출하기, 로 선출하는, 으로 선출하였, 으로 선출했다, 으로 선출한다, 으로 선출하기, 를 선출하는, 을 선출하며, 을 선출할수, 을 선출하여, 으로 선출하여, 을 선출하도록, 를 선출할때, 이 선출한다, 를 선출하고, 를 선출하여, 으로 선출하도록, 를 선출했다, 로 선출하며, 가 선출하는, 에 선출하였, 로 선출하고, 으로 선출하는, 을 선출하지, 로 선출하여, 를 선출할수, 를 선출할것, 에서 선출하고, 을 선출하였으며, 를 선출하지, 을 선출하게, 으로 선출했고, 로 선출한다===, 로 선출하되, 를 선출한절차"
강화,4426,5,41,57,"을 강화한것, 를 강화하였, 을 강화함으로써, 을 강화하는, 를 강화하여, 을 강화하려는, 을 강화하고, 을 강화하겠, 을 강화했다, 를 강화하며, 를 강화함으로써, 를 강화하는, 을 강화하였으며, 을 강화하였, 을 강화하여, 을 강화하기, 를 강화하자, 을 강화하고자, 를 강화했다, 를 강화하고, 를 강화하기, 을 강화하며, 를 강화하려, 를 강화했고, 를 강화하고자, 를 강화하려는, 를 강화하면서, 을 강화하자, 을 강화하면서, 을 강화할수, 을 강화한다, 을 강화하려, 을 강화해나갔, 도 강화했다, 을 강화해야한다, 를 강화할것, 을 강화할것, 을 강화했고, 을 강화하려고, 를 강화하게, 를 강화한다, 을 강화하도록, 을 강화하거나, 으로 강화하는, 을 강화하게, 를 강화했으며,, 을 강화했으며,, 를 강화하겠, 를 강화하거나, 을 강화해주, 을 강화해나가, 을 강화할필요, 를 강화할수, 을 강화하자는, 을 강화해야한다고, 를 강화하도록, 를 강화해야한다고"
연주,4389,16,45,89,"을 연주하기, 로 연주한다, 를 연주하고, 를 연주하였, 도 연주했다, 을 연주하는, 에서 연주하는, 를 연주했다, 를 연주했는데, 을 연주한다, 를 연주하는, 으로 연주한다, 을 연주할때, 으로 연주하는, 을 연주함으로써, 에서 연주했다, 를 연주하던, 을 연주했고, 를 연주하면, 로 연주하였, 이 연주하는, 를 연주하면서, 으로 연주하며, 로 연주하는, 에서 연주한다, 이 연주한다, 가 연주하는, 으로 연주했다, 을 연주할수, 을 연주하고, 을 연주하던, 에서 연주하고, 으로 연주하고, 에 연주하는, 을 연주하였, 을 연주하면서, 로 연주하기, 에서 연주하였, 을 연주하여, 만 연주하는, 를 연주한다, 을 연주했다, 으로 연주하기, 를 연주했던, 를 연주하며, 를 연주할때, 이 연주했다, 을 연주하게, 로 연주할수, 를 연주하기, 를 연주한것, 도 연주하였, 를 연주할수, 으로 연주하였, 로 연주하고, 가 연주하고, 을 연주하며, 에서 연주하며, 도 연주할수, 를 연주했고, 를 연주하여, 로 연주했다, 을 연주했지만, 를 연주하거나, 으로 연주할수, 를 연주했지만, 에서 연주하기, 을 연주했으며,, 을 연주해왔, 을 연주하지, 을 연주했던, 이 연주하고, 가 연주했던, 가 연주한다, 을 연주했는데, 를 연주하도록, 를 연주할줄, 를 연주하지, 에서 연주했던, 를 연주했으며,, 에서 연주했고, 를 연주하게, 을 연주한것, 를 연주한후, 가 연주하였, 을 연주하였으며, 을 연주하다, 가 연주했다, 에서 연주하지"
장악,4338,10,46,67,"이 장악하고, 을 장악했을, 을 장악하고, 를 장악하게, 를 장악하려는, 을 장악하였, 를 장악하여, 을 장악할수, 를 장악하고, 을 장악했다, 을 장악하게, 이 장악했던, 를 장악하였으며, 을 장악하다, 를 장악하다, 을 장악하며, 을 장악한것, 를 장악하였, 을 장악하는, 을 장악하여, 을 장악하기, 을 장악하려는, 를 장악했다, 을 장악한다, 을 장악한뒤, 을 장악하려, 가 장악하고, 을 장악한후, 를 장악하는, 을 장악하자, 을 장악한이후, 을 장악했지만, 를 장악한다, 를 장악했고, 을 장악했고, 을 장악하면서, 를 장악할수, 를 장악하자, 을 장악하고자, 을 장악하였으며, 이 장악하였, 를 장악하려, 를 장악하고자, 를 장악하기, 를 장악하지, 가 장악하였, 을 장악하려고, 을 장악한상태, 을 장악하였으나, 를 장악한이후, 을 장악했던, 이 장악했다, 을 장악하도록, 를 장악한뒤, 을 장악했으며,, 을 장악하지, 을 장악하던, 을 장악했다고, 를 장악하면서, 이 장악하게, 를 장악한후, 가 장악했다, 을 장악했기, 이 장악한지역, 으로 장악하고, 을 장악했으나,, 를 장악하려고"
결합,4321,15,39,79,"을 결합하였, 으로 결합하여, 에 결합하는, 로 결합하여, 에 결합할수, 을 결합하여, 과 결합하여, 가 결합하여, 를 결합하여, 와 결합하여, 을 결합하는, 와 결합하는, 와 결합하고, 와 결합하며, 과 결합한다, 과 결합할수, 로 결합한다, 에 결합한다, 와 결합한다, 가 결합한다, 으로 결합한다, 과 결합하고, 이 결합하면, 이 결합하여, 을 결합한것, 과 결합하면서, 에 결합하면, 에 결합하지, 에 결합하여, 에 결합하고, 와 결합하였, 과 결합하였, 과 결합할때, 으로 결합하고, 와 결합할수, 가 결합하면, 와 결합하지, 가 결합한것, 을 결합하면, 에 결합함으로써, 를 결합했다, 과 결합하기, 과 결합했다, 만 결합한다, 와 결합하기, 를 결합하는, 와 결합한것, 과 결합하는, 으로 결합할수, 과 결합하면, 와 결합함으로써, 로 결합하는, 와 결합할때, 이 결합하는, 과 결합하게, 를 결합한다, 를 결합하면, 을 결합했다, 을 결합하고, 을 결합하기, 으로 결합하는, 가 결합하는, 과 결합하지, 에 결합할때, 으로 결합하지, 와 결합하면, 을 결합할수, 를 결합한것, 를 결합하고, 를 결합하였, 이 결합하면서, 으로 결합했다, 을 결합한다, 에 결합하기, 와 결합하면서, 과 결합한,, 에 결합하며, 와 결합한,, 과 결합한마음"
제출,4318,12,52,86,"을 제출했다, 를 제출했는데, 에 제출하였, 을 제출하였, 를 제출하였, 를 제출했다, 에서 제출한이름, 에 제출하면, 에 제출했다고, 를 제출하도록, 을 제출했고, 를 제출할수, 를 제출하고, 에 제출했다, 를 제출해야한다, 을 제출하여, 을 제출할수, 에 제출하여야, 을 제출하고, 에 제출하면서, 에게 제출했다, 에 제출한논문, 를 제출하지, 에 제출하고, 에 제출한보고서, 에 제출한', 를 제출해야하, 을 제출하여야, 를 제출한것, 에게 제출하는, 에 제출한자료, 를 제출했지만, 에 제출한다, 에 제출하는, 을 제출한다, 를 제출한다, 를 제출하였으나, 을 제출하기, 를 제출하여, 로 제출했다, 을 제출하지, 를 제출하면, 에 제출하여, 에 제출하기, 를 제출하기, 에 제출했고, 에게 제출하였, 에 제출하지, 으로 제출하였, 로 제출하였, 에 제출하였으며, 을 제출하면, 이 제출한내각, 을 제출할것, 에 제출하며, 에 제출하였으나, 를 제출했다고, 을 제출하였으나, 를 제출했고, 를 제출한후, 를 제출하는, 을 제출했는데, 에게 제출하여, 를 제출할것, 을 제출하는, 를 제출한뒤, 를 제출하면서, 을 제출해야했, 을 제출했지만, 를 제출하며, 를 제출하게, 가 제출하는, 를 제출하였으며, 을 제출하면서, 에게 제출한다, 을 제출하도록, 에게 제출하여야, 에 제출하도록, 를 제출하여야, 을 제출한뒤, 을 제출해야한다, 를 제출하거나, 에서 제출하였으며, 에 제출해야한다, 에서 제출한태풍, 까지 제출해야한다"
준비,4305,13,52,64,"를 준비하게, 을 준비하였, 을 준비하고, 를 준비한다, 를 준비하면서, 을 준비하였으나, 을 준비하던, 를 준비할수, 를 준비하는, 을 준비했다, 을 준비하다가, 을 준비하기, 을 준비한다, 을 준비하여, 을 준비하는, 을 준비하다, 를 준비하고, 를 준비하여, 를 준비하도록, 을 준비해놓, 를 준비하기, 을 준비하면서, 를 준비했고, 를 준비하던, 을 준비하거나, 를 준비하였, 을 준비하라는, 를 준비해야한다, 를 준비했다, 를 준비하며, 를 준비했으나,, 을 준비할수, 을 준비하라고, 을 준비하며, 를 준비하는데, 을 준비하게, 을 준비했지만, 을 준비하자, 를 준비해왔, 을 준비할때, 을 준비하도록, 을 준비해두, 을 준비했고, 을 준비할것, 를 준비하자, 를 준비하다가, 을 준비한것, 을 준비하였으며, 를 준비하지, 을 준비하지만, 를 준비하였으나, 을 준비해야한다, 를 준비했던, 이 준비하는, 을 준비하는데, 을 준비하려, 을 준비했는데, 로 준비하여, 을 준비하라, 를 준비했는데, 를 준비했지만, 을 준비하지, 을 준비했던, 을 준비해야하"
공유,4287,15,34,60,"을 공유하게, 이 공유하고, 를 공유하기, 를 공유하는, 과 공유한다, 를 공유할수, 을 공유하는, 을 공유할수, 를 공유함으로써, 을 공유하지만, 를 공유하지, 을 공유하기, 를 공유하거나, 를 공유하고, 과 공유하고, 을 공유하고, 과 공유하는, 를 공유한다, 을 공유한다, 를 공유했다, 가 공유하는, 을 공유했을, 과 공유하기, 을 공유하지, 와 공유한다, 와 공유하는, 을 공유하여, 를 공유할때, 이 공유하는, 을 공유하며, 을 공유했다, 를 공유하며, 으로 공유하는, 을 공유하면서, 를 공유하면서, 를 공유하지만, 을 공유하였, 을 공유할때, 가 공유하고, 와 공유할수, 를 공유하였, 을 공유하거나, 에서 공유할수, 를 공유하여, 을 공유하는데, 을 공유할것, 를 공유하게, 을 공유하므로, 와 공유하고, 와 공유했다, 를 공유하도록, 로 공유하는, 과 공유할수, 을 공유하였으며, 으로 공유하고, 을 공유했고, 으로 공유할수, 을 공유하도록, 을 공유함으로써, 에 공유할수"
소유,4251,15,40,64,"을 소유하고, 를 소유한것, 도 소유하고, 를 소유하고, 이 소유하고, 으로 소유하는, 가 소유하고, 을 소유한자, 를 소유할수, 가 소유할수, 를 소유하는, 이 소유할수, 을 소유하며, 이 소유한토지, 를 소유하게, 을 소유하거나, 를 소유하거나, 가 소유하는, 을 소유하지, 를 소유하여, 가 소유하게, 를 소유하였, 을 소유하여, 도 소유하지, 을 소유한것, 을 소유하게, 으로 소유하고, 을 소유하는, 를 소유한사람, 를 소유했다, 이 소유하던, 을 소유한사람, 을 소유했던, 를 소유하며, 이 소유한영지, 가 소유하던, 을 소유할수, 에서 소유하고, 을 소유하기, 를 소유하기, 를 소유한다, 이 소유하였, 이 소유했던, 을 소유했으며,, 을 소유했다, 이 소유하는, 를 소유했고, 로 소유하고, 가 소유하였, 을 소유하였, 을 소유한다, 에 소유하고, 를 소유했던, 의 소유하에, 까지 소유하고, 가 소유하지, 이 소유하게, 가 소유한다, 가 소유했던, 를 소유하지, 가 소유했다, 이 소유하거나, 이 소유했다, 이 소유했으며,"
대신,4251,7,35,55,"이 대신하고, 을 대신할수, 를 대신하는, 로 대신하여, 을 대신하여, 으로 대신할수, 를 대신하여, 를 대신하기, 을 대신하기, 를 대신했다, 을 대신하고, 에 대신하여, 으로 대신하였, 을 대신하였, 을 대신하는, 가 대신한다, 을 대신해섭정, 를 대신하게, 이 대신하게, 을 대신하게, 를 대신하였, 를 대신하며, 가 대신하고, 을 대신했다, 를 대신한다, 를 대신하고, 를 대신할수, 를 대신할새로운, 를 대신해주, 으로 대신했다, 로 대신하는, 가 대신하게, 가 대신하여, 을 대신한다, 을 대신해주, 가 대신했다, 이 대신하였, 로 대신하게, 을 대신할새로운, 를 대신해서사용, 가 대신하였, 을 대신해,, 이 대신했다, 를 대신해섭정, 로 대신했다, 에 대신하는, 를 대신했고, 를 대신해2, 를 대신해,, 를 대신해교체, 이 대신하여, 를 대신해출전, 를 대신해1, 으로 대신하는, 를 대신해3"
선정,4248,8,59,92,"를 선정하기, 으로 선정했다, 을 선정할때, 을 선정하였, 를 선정하여, 를 선정하였, 에 선정하였, 로 선정하였, 가 선정한"", 를 선정하는, 을 선정했다, 를 선정하고, 이 선정하는, 를 선정하며, 로 선정하면서, 가 선정한', 로 선정하여, 로 선정했다, 을 선정하고, 으로 선정하였, 으로 선정하기, 를 선정했을, 로 선정했으며,, 로 선정하고, 를 선정했다, 으로 선정하는, 이 선정한', 을 선정하는, 가 선정한세계, 가 선정하는, 을 선정하여, 로 선정하기, 이 선정한세계, 가 선정한친일인명사전, 을 선정했다고, 에서 선정한세계, 을 선정하게, 으로 선정하여, 로 선정하는, 을 선정했는데, 를 선정한다, 로 선정한다, 을 선정한것, 을 선정한다, 가 선정한FIFA, 이 선정한올해, 으로 선정했으며,, 가 선정한미국, 에서 선정하는, 로 선정한것, 로 선정하였으며, 으로 선정한다, 이 선정한"", 가 선정한100, 을 선정하기, 에 선정했다, 에서 선정한"", 가 선정한‘, 으로 선정하고, 를 선정하면서, 를 선정했다고, 가 선정한현존, 가 선정한올해, 이 선정한역사, 으로 선정했고, 로 선정했고, 을 선정했고, 가 선정한2000, 에서 선정한‘, 이 선정한역대, 가 선정한최고, 에서 선정한', 이 선정한‘, 으로 선정하게, 가 선정한가장, 을 선정하며, 가 선정하여, 로 선정하며, 이 선정한친일파, 이 선정한가장, 가 선정한10, 가 선정한역대, 를 선정하였으며, 로 선정한바, 가 선정한2010, 이 선정한전, 을 선정하였으며, 를 선정할때, 에서 선정한올해, 이 선정한인기상, 을 선정하면서, 에서 선정하여"
참전,4244,11,46,58,"에 참전했다가, 에 참전했다, 에 참전하여, 에 참전했고, 으로 참전하였으며, 에 참전하였으나, 에 참전하기, 에 참전한경력, 에 참전한일본, 에 참전하였으며, 으로 참전하여, 가 참전한전쟁, 이 참전한전쟁, 에 참전하게, 이 참전하면서, 에 참전하자, 에 참전한군인, 에 참전한것, 에 참전하는, 에 참전한대한민국, 에 참전하지, 이 참전했다, 으로 참전했다, 이 참전하여, 으로 참전하는, 로 참전했다, 에 참전하고, 으로 참전하게, 으로 참전했던, 에 참전했지만, 에 참전했던, 에 참전할것, 에 참전한후, 으로 참전하고, 에 참전한영국, 에 참전한미국, 에 참전한미군, 에 참전한공로, 에 참전했는데, 는 참전하지, 에 참전했을, 에 참전하면서, 에 참전했었다, 에 참전한독일, 도 참전하여, 이 참전하기, 로 참전하여, 에 참전했으며,, 으로 참전했고, 에 참전한프랑스, 도 참전하였으며, 에 참전한다, 으로 참전할것, 으로 참전했다가, 이 참전하지, 에 참전한조선, 도 참전한그, 에 참전한이탈리아"
규정,4240,16,37,69,"로 규정하고, 로 규정하였, 로 규정하는, 으로 규정하고, 로 규정하여, 로 규정했다, 라고 규정하여, 으로 규정했다, 라고 규정하고, 으로 규정하였, 을 규정하는, 으로 규정한다, 를 규정하는, 이라고 규정했다, 를 규정하고, 을 규정했다, 에서 규정하고, 을 규정하여, 을 규정하고, 을 규정하지, 을 규정한다, 로 규정하기, 을 규정하였, 으로 규정하며, 을 규정하며, 으로 규정하여, 로 규정하면서, 으로 규정하면서, 에서 규정하는, 으로 규정하였으며, 으로 규정하기, 로 규정할수, 라고 규정했다, 으로 규정했고, 이라고 규정하고, 로 규정한다, 으로 규정하지, 을 규정하기, 를 규정한다, 가 규정하고, 으로 규정하는, 로 규정한것, 고 규정했다, 을 규정한것, 를 규정한헌법, 로 규정하며, 라고 규정하였, 고 규정하고, 를 규정하여, 는 규정하지, 이 규정하는, 을 규정할수, 으로 규정할수, 을 규정함으로써, 에서 규정한것, 에 규정하는, 을 규정한헌법, 를 규정하였, 를 규정했다, 를 규정하지, 에 규정하고, 이 규정하고, 도 규정하고, 고 규정하여, 를 규정한것, 으로 규정한것, 가 규정하는, 을 규정한대한민국, 을 규정함을"
추구,4226,13,45,58,"을 추구했다는, 이 추구하는, 를 추구한다, 를 추구하면서, 를 추구하였, 를 추구하였으나, 을 추구하게, 을 추구하여, 을 추구하는, 를 추구하는, 을 추구한것, 를 추구하고, 을 추구하였, 을 추구했으며,, 을 추구한다, 을 추구했다, 을 추구해왔, 을 추구함으로써, 를 추구하며, 을 추구하도록, 을 추구했고, 을 추구하고, 을 추구하려, 을 추구하지, 을 추구하거나, 를 추구하기, 으로 추구하는, 을 추구하기, 를 추구하고자, 을 추구할수, 을 추구하고자, 을 추구하며, 를 추구했다, 를 추구하게, 가 추구하는, 을 추구해야한다, 을 추구했던, 를 추구하려는, 을 추구하던, 를 추구하던, 을 추구할것, 를 추구할수, 를 추구하여, 를 추구했던, 을 추구함에, 을 추구하면서, 를 추구하지, 를 추구했고, 을 추구하려는, 가 추구했던, 을 추구하였으며, 을 추구할권리, 이 추구했던, 이 추구하던, 을 추구하지만, 가 추구하던, 에서 추구하는, 을 추구하면"
중단,4224,11,52,71,"를 중단하고, 을 중단해야한다고, 을 중단하고, 을 중단한다, 을 중단하였, 을 중단하다, 을 중단한다고발표, 을 중단할것, 을 중단했다가, 을 중단하며, 을 중단했다, 를 중단했고, 을 중단하였으며, 을 중단하면서, 을 중단하는, 을 중단하라고, 를 중단하는, 에 중단하였, 을 중단하기, 을 중단하게, 을 중단하도록, 를 중단할것, 을 중단한적, 을 중단했으며,, 를 중단하라는, 를 중단했다, 을 중단할수, 을 중단하라는, 을 중단하여, 를 중단하였, 을 중단했고, 을 중단한상태, 을 중단한뒤, 에 중단했다, 를 중단하라, 를 중단하라고, 을 중단해줄, 를 중단한다, 을 중단했던, 을 중단하거나, 을 중단하면, 를 중단하기, 을 중단해야한다, 를 중단하도록, 를 중단했으며,, 을 중단한이후, 으로 중단하고, 을 중단해야한다는, 을 중단한후, 을 중단해야했, 을 중단하겠, 를 중단하여, 을 중단함으로써, 를 중단한다고발표, 을 중단한것, 을 중단함, 을 중단한채, 를 중단하게, 을 중단하였으나, 으로 중단하였, 를 중단하지, 을 중단했는데, 을 중단한다고밝혔, 을 중단하지, 을 중단하자, 을 중단했지만, 를 중단할수, 을 중단할때, 을 중단했다고, 를 중단하거나, 를 중단하겠"
이전,4207,12,43,74,"로 이전하였, 를 이전하여, 을 이전하기, 으로 이전하였, 로 이전하여, 로 이전한것, 로 이전했다, 로 이전하고, 으로 이전할계획, 를 이전하였, 으로 이전하면서, 로 이전함, 으로 이전하여, 가 이전하였, 을 이전했다, 으로 이전했다, 을 이전하였, 로 이전했고, 로 이전할계획, 를 이전하게, 을 이전하고, 로 이전하는, 를 이전한다, 으로 이전하였으며, 으로 이전한것, 가 이전하면서, 에 이전하여, 으로 이전했고, 이 이전하면서, 로 이전하기, 이 이전하였, 으로 이전하고, 으로 이전할예정, 으로 이전하기, 에 이전하였, 로 이전했지만, 로 이전하면서, 로 이전한다, 로 이전했으며,, 으로 이전한다, 로 이전하였으며, 를 이전했다, 로 이전함에, 를 이전하기, 으로 이전하게, 로 이전한뒤, 으로 이전하는, 를 이전하고, 으로 이전함, 로 이전함*, 이 이전하여, 를 이전하는, 을 이전하는, 로 이전하게, 를 이전한후, 를 이전하면서, 을 이전하면서, 으로 이전한후, 로 이전한후, 으로 이전함에, 을 이전하여, 로 이전할때, 로 이전한이후, 를 이전하며, 로 이전할것, 에 이전했다, 로 이전함과, 으로 이전하며, 에게 이전하는, 에게 이전하고, 으로 이전했으며,, 에 이전하는, 를 이전한전미, 을 이전할것"
통합,4193,15,38,68,"에 통합하는, 을 통합하여, 가 통합하여, 와 통합하여, 에 통합하기, 를 통합하는, 로 통합하여, 과 통합하여, 으로 통합하고, 으로 통합하였, 을 통합함으로써, 을 통합하는, 으로 통합하는, 로 통합하는, 로 통합하였, 를 통합하여, 로 통합하고, 에 통합한다, 을 통합하였, 을 통합하려는, 을 통합하고, 으로 통합했다, 를 통합한것, 을 통합하기, 에 통합하여, 로 통합했다, 를 통합하고, 으로 통합하여, 이 통합하여, 을 통합하면서, 에 통합하였, 이 통합하면서, 와 통합하였, 를 통합하였, 를 통합하면서, 을 통합하거나, 으로 통합하면서, 에 통합했다, 를 통합하기, 을 통합한다, 을 통합했다, 과 통합했다, 을 통합할수, 와 통합하는, 과 통합하면서, 를 통합했다, 로 통합하기, 를 통합해,, 과 통합하였, 으로 통합한다, 에 통합하고, 를 통합한다, 과 통합하는, 와 통합하면서, 을 통합하며, 로 통합한다, 과 통합하기, 를 통합해설립, 를 통합하려는, 로 통합하면서, 에 통합할수, 로 통합하려는, 을 통합한것, 와 통합했다, 으로 통합하기, 를 통합할수, 를 통합함으로써, 와 통합한새로운"
채택,4175,11,45,63,"을 채택하고, 으로 채택하였, 를 채택했다, 를 채택하고, 을 채택하였, 를 채택하였, 을 채택함으로써, 으로 채택하고, 을 채택하기, 를 채택하는, 에 채택하였, 을 채택하면서, 를 채택한다, 를 채택함으로써, 로 채택했다, 를 채택하였으며, 을 채택하여, 을 채택했다, 로 채택하고, 로 채택하였, 를 채택하지, 을 채택하다, 를 채택하여, 으로 채택했다, 을 채택하였으나, 을 채택했고, 이 채택하고, 를 채택하기, 을 채택하는, 을 채택한뒤, 를 채택하게, 을 채택한다, 을 채택하게, 을 채택한것, 를 채택했고, 을 채택하도록, 을 채택할수, 를 채택한것, 로 채택하지, 으로 채택하여, 을 채택하였으며, 이 채택하는, 를 채택한국가, 을 채택하지, 로 채택하여, 을 채택하면, 를 채택할것, 을 채택했는데, 을 채택했기, 을 채택함에, 을 채택했다고, 이 채택하여, 을 채택할것, 을 채택했으며,, 으로 채택하는, 으로 채택하지, 을 채택하며, 를 채택하면서, 를 채택할수, 로 채택하는, 도 채택하고, 에서 채택하고, 를 채택하며"
연기,4144,13,43,66,"를 연기했다, 을 연기하는, 을 연기한다, 가 연기했다, 로 연기했다, 를 연기한배우, 을 연기하고, 로 연기하고, 을 연기하기, 을 연기했다, 을 연기할수, 로 연기하였, 를 연기했고, 을 연기한배우, 을 연기했는데, 이 연기하는, 로 연기하기, 가 연기하는, 을 연기해달, 을 연기하며, 을 연기하였, 를 연기하기, 를 연기하는, 를 연기하였, 을 연기하여, 이 연기하였, 가 연기하였, 을 연기하면서, 으로 연기했다, 이 연기하고, 에서 연기하는, 로 연기하는, 를 연기하면서, 으로 연기하는, 으로 연기하기, 를 연기한것, 이 연기했다, 으로 연기하였, 가 연기한주인공, 을 연기했고, 을 연기하였으며, 를 연기한다, 를 연기하며, 에서 연기했다, 을 연기했던, 을 연기한것, 를 연기했던, 가 연기하고, 을 연기하게, 을 연기했으며,, 를 연기하고, 을 연기해,, 를 연기할것, 가 연기했으며,, 를 연기하게, 를 연기한성우, 가 연기했던, 를 연기했으며,, 가 연기한다, 을 연기할것, 를 연기하여, 을 연기하거나, 에서 연기하였, 를 연기한《, 을 연기한《, 이 연기한다"
인수,4123,12,41,68,"을 인수했고, 에 인수하기, 가 인수하여, 를 인수하여, 을 인수한후, 를 인수하면서, 를 인수했다, 으로 인수했다, 를 인수하고, 을 인수하여, 에 인수하였, 가 인수하였, 를 인수하였, 을 인수하였, 를 인수한뒤, 를 인수했고, 를 인수했을, 를 인수하였으며, 을 인수하는, 이 인수하여, 를 인수하기, 을 인수하고, 을 인수할수, 을 인수하기, 에서 인수하여, 도 인수하였, 에서 인수하였, 을 인수하며, 를 인수하며, 을 인수하게, 을 인수하면서, 를 인수하게, 를 인수하는, 에 인수하여, 에 인수하는, 를 인수한후, 을 인수했다, 을 인수함으로써, 을 인수함에, 이 인수했다, 를 인수함으로써, 를 인수함에, 이 인수하면서, 를 인수했으며,, 에 인수하였으며, 을 인수한이후, 이 인수하였, 을 인수한것, 가 인수했다, 을 인수할때, 을 인수해자회사, 에 인수했다, 에 인수하면서, 에서 인수했다, 에 인수하고, 을 인수한다, 를 인수한다고발표, 로 인수하여, 가 인수하면서, 을 인수한뒤, 을 인수하였으며, 를 인수할것, 를 인수한이후, 을 인수했으며,, 를 인수한다, 를 인수한것, 를 인수했다고, 을 인수했다고"
즉위,4102,10,45,86,"으로 즉위하면서, 로 즉위하다, 에 즉위하였, 가 즉위하다, 이 즉위했다, 이 즉위하였, 으로 즉위하다, 가 즉위하였, 으로 즉위했다, 로 즉위하여, 로 즉위하였, 으로 즉위하였으며, 가 즉위하면서, 로 즉위한뒤, 으로 즉위했고, 으로 즉위하는, 으로 즉위하였, 에서 즉위하였, 로 즉위했고, 이 즉위하여, 으로 즉위하여, 가 즉위했다, 에 즉위했다, 로 즉위했다, 이 즉위하고, 이 즉위하는, 는 즉위하자마자, 에 즉위하여, 로 즉위한다, 으로 즉위한것, 가 즉위하자, 이 즉위하면서, 이 즉위하였으나, 으로 즉위하고, 이 즉위하기, 에 즉위하자, 가 즉위하게, 으로 즉위하게, 가 즉위한뒤, 으로 즉위한다, 로 즉위한후, 로 즉위하면서, 으로 즉위한후, 로 즉위하는, 로 즉위하고, 가 즉위한이후, 으로 즉위하자, 이 즉위할때, 에 즉위하게, 에서 즉위하여, 이 즉위하자, 가 즉위하였으나, 으로 즉위하기, 가 즉위하여, 으로 즉위한뒤, 가 즉위하기, 에 즉위하였으며, 가 즉위한직후, 에 즉위한후, 로 즉위하였으나, 가 즉위한후, 로 즉위하자, 로 즉위했을, 에 즉위한이후, 로 즉위하기, 가 즉위한지, 으로 즉위한지, 로 즉위하게, 가 즉위하고, 가 즉위하니, 에 즉위하기, 에 즉위한다, 으로 즉위한이후, 가 즉위할때, 으로 즉위할수, 에 즉위하는, 에 즉위하고, 이 즉위했을, 에 즉위하면서, 가 즉위했을, 로 즉위하였으며, 에서 즉위했다, 가 즉위하였을, 으로 즉위함, 으로 즉위했지만, 가 즉위하고서"
접근,4094,17,47,87,"까지 접근할수, 에 접근하기, 에 접근하게, 를 접근하는, 을 접근할수, 에 접근할수, 으로 접근하였, 에 접근하고, 에 접근하면서, 에게 접근하여, 으로 접근하며, 으로 접근하는, 가 접근하기, 에 접근하는, 으로 접근하여, 에 접근했다, 으로 접근해야한다, 이 접근할수, 에 접근하려고, 로 접근하는, 에 접근할때, 에 접근하여, 에서 접근할수, 로 접근하였, 에 접근하였, 에 접근하자, 에게 접근한다, 으로 접근하지, 까지 접근하며, 에 접근했고, 에 접근했을, 이 접근하면, 에 접근하며, 이 접근할때, 에 접근하면, 에서 접근하는, 으로 접근할수, 로 접근할수, 에게 접근하였, 에게 접근하는, 에 접근한다, 도 접근할수, 를 접근할때, 이 접근하기, 에 접근할것, 에게 접근하고, 으로 접근하기, 는 접근할수, 까지 접근하여, 까지 접근했다, 에 접근하지, 에게 접근할수, 에서 접근하기, 에 접근하려, 으로 접근한다, 에 접근하도록, 에 접근하려면, 까지 접근하였, 에 접근하거나, 이 접근하고, 에게 접근했다, 에 접근함에, 가 접근할수, 에게 접근하기, 이 접근하여, 만 접근할수, 로 접근하고, 로 접근했다, 으로 접근하고, 으로 접근했다, 를 접근할수, 이 접근하지, 에 접근하려는, 에서 접근하여, 가 접근하지, 가 접근하자, 이 접근하는, 이 접근하자, 가 접근하면, 에게 접근하지만, 로 접근하여, 까지 접근하는, 까지 접근할것, 로 접근하기, 에 접근하던, 까지 접근했다가, 가 접근하는"
작용,4076,18,32,73,"로서 작용하는, 으로 작용하는, 에 작용하는, 에서 작용하는, 로 작용했다, 로 작용한다, 로 작용할수, 으로 작용하며, 로 작용하는, 으로 작용했다, 만 작용한다, 으로 작용한다, 에 작용하여, 으로서 작용한다, 이 작용하지, 으로 작용하여, 이 작용하는, 이 작용하기, 이 작용한다, 이 작용하게, 가 작용하여, 으로 작용하므로, 으로 작용할수, 이 작용하여, 가 작용하는, 이 작용하고, 으로 작용하고, 으로 작용하였, 에 작용한다, 로서 작용한다, 도 작용했다, 로 작용하여, 에 작용하지, 이 작용한것, 로 작용하기, 도 작용하였, 이 작용하면, 가 작용하고, 으로 작용하게, 도 작용하여, 에 작용하고, 으로 작용하지, 으로 작용하기, 도 작용할수, 만 작용하는, 로 작용하고, 이 작용하였, 로 작용하였, 이 작용한결과, 으로 작용한것, 이 작용할때, 에 작용하면, 에서 작용한다, 로 작용하게, 이 작용했다는, 이 작용했다, 에 작용할때, 으로써 작용한다, 에 작용하기, 로 작용할것, 로 작용하며, 에게 작용하는, 으로 작용했을, 가 작용하기, 이 작용하며, 도 작용한다, 으로 작용할것, 으로 작용하면서, 로 작용하면서, 으로 작용했다는, 에 작용하며, 에 작용할수, 가 작용한다"
증명,4073,13,50,63,"을 증명하였, 을 증명하면서, 을 증명했다, 를 증명하기, 을 증명하는, 을 증명할수, 을 증명한것, 를 증명하는, 을 증명한다, 로 증명할수, 를 증명하였, 을 증명했고, 이 증명하였, 을 증명할때, 을 증명하였으며, 에서 증명할수, 를 증명할수, 을 증명하기, 가 증명하였, 을 증명하고, 을 증명해냈다, 으로 증명하였, 으로 증명하는, 을 증명하려고, 을 증명함으로써, 를 증명하고, 를 증명한것, 을 증명해보이, 를 증명하지, 를 증명했다, 을 증명해줄, 으로 증명할수, 를 증명해주, 을 증명하려, 을 증명하자, 을 증명해주, 을 증명해보였, 로 증명하였, 으로 증명했다, 으로 증명한다, 를 증명하면, 을 증명하여, 을 증명하고자, 으로 증명하여, 을 증명하지, 을 증명했다고, 에 증명하였, 을 증명해내, 를 증명한다, 으로 증명하기, 을 증명하면, 를 증명하자, 을 증명하게, 을 증명하려는, 을 증명하려면, 을 증명해야하, 을 증명하며, 을 증명하다, 에서 증명하였, 에 증명해보, 을 증명해준다, 을 증명해야한다, 으로 증명한아가"
작곡,4035,11,61,93,"를 작곡하기, 를 작곡했다, 을 작곡하여, 를 작곡한것, 를 작곡했으며,, 가 작곡한《, 을 작곡하고, 가 작곡한곡, 가 작곡한노래, 을 작곡한다, 을 작곡했다, 에 작곡한것, 을 작곡하는, 가 작곡한오페라, 가 작곡하였으며, 를 작곡하여, 에 작곡하고, 를 작곡하였, 도 작곡했다, 을 작곡하였, 을 작곡했지만, 가 작곡한것, 가 작곡한〈, 을 작곡하였으며, 을 작곡했으며,, 을 작곡하기, 가 작곡한음악, 이 작곡한', 가 작곡한피아노, 을 작곡했고, 이 작곡하고, 가 작곡하였, 을 작곡했는데, 가 작곡하고, 이 작곡하였, 을 작곡했을, 을 작곡한것, 을 작곡하게, 으로 작곡하였, 을 작곡한바, 가 작곡했다, 를 작곡하고, 이 작곡한음악, 를 작곡했는데, 도 작곡하였, 를 작곡하는, 을 작곡할때, 이 작곡했다, 을 작곡하였으나, 이 작곡한곡, 가 작곡한4, 에 작곡하였, 를 작곡하였으며, 이 작곡한〈, 을 작곡했다고, 이 작곡했으며,, 를 작곡했고, 가 작곡한"", 에 작곡한교향곡, 을 작곡하며, 에 작곡한곡, 이 작곡했고, 이 작곡한피아노, 가 작곡한''', 에 작곡한피아노, 이 작곡한노래, 이 작곡한이, 가 작곡하여, 으로 작곡한곡, 를 작곡할것, 가 작곡한3, 이 작곡한《, 가 작곡했으며,, 에 작곡했다, 을 작곡했던, 가 작곡한2, 이 작곡하여, 에 작곡한작품, 이 작곡한3, 을 작곡하면서, 이 작곡한것, 가 작곡한5, 으로 작곡했다, 로 작곡했다, 을 작곡한작곡가, 가 작곡한', 를 작곡하며, 를 작곡할때, 가 작곡한이, 이 작곡하였으며, 으로 작곡하고, 가 작곡했고, 이 작곡한연습곡"
의존,4009,10,37,53,"에 의존하고, 에 의존하기, 에 의존한다, 에 의존하지, 에 의존하며, 에 의존하였, 에 의존하게, 에 의존하여, 에 의존해왔, 에 의존하는, 으로 의존한다, 에 의존하지만, 에 의존함으로써, 만 의존하므로, 만 의존하는, 에 의존해야만, 으로 의존하고, 에 의존했으며,, 에 의존했다, 에 의존한다는것, 에 의존했기, 만 의존한다, 에 의존했고, 만 의존하여, 에 의존하였으나, 에 의존해있, 에게 의존하는, 에 의존하므로, 에 의존하던, 만 의존하지, 에 의존했던, 에게 의존하지, 에 의존할수, 에 의존해야했, 에 의존하면서, 에게 의존한다, 에 의존하거나, 으로 의존하는, 에 의존해야하, 을 의존하고, 에 의존해야한다, 이 의존하는, 만 의존하고, 으로 의존하지, 에 의존하도록, 에 의존한것, 에게 의존하고, 에 의존했지만, 에 의존하는데, 에 의존해서는, 에 의존한다는점, 만 의존하며, 도 의존한다"
부임,3998,10,41,74,"로 부임한다, 로 부임하고, 로 부임했을, 으로 부임하였, 로 부임하였, 로 부임하여, 으로 부임했다, 으로 부임하지, 으로 부임한다, 으로 부임했으며,, 에 부임하는, 에 부임하여, 에 부임하였, 에 부임하자, 가 부임하여, 으로 부임하게, 로 부임했으며,, 으로 부임하여, 로 부임하면서, 으로 부임하였으나, 에 부임했다, 으로 부임하였으며, 로 부임했다가, 로 부임한후, 으로 부임했다가, 로 부임하였으나, 으로 부임하는, 로 부임한뒤, 로 부임했다, 로 부임하게, 으로 부임했고, 로 부임한이후, 에 부임하지, 으로 부임한후, 으로 부임하면서, 으로 부임하자마자, 으로 부임하자, 로 부임하였으며, 이 부임하여, 으로 부임하고, 이 부임하면서, 이 부임했다, 가 부임했다, 이 부임한이후, 으로 부임한과정, 로 부임했지만, 가 부임하였, 으로 부임했던, 으로 부임했지만, 으로 부임하며, 로 부임하는, 으로 부임했을, 로 부임하며, 로 부임해온, 이 부임하였, 로 부임했고, 으로 부임해온, 에 부임하게, 에 부임했을, 이 부임한후, 로 부임한것, 으로 부임한뒤, 으로 부임한이후, 으로 부임하기, 에 부임하면서, 로 부임하자, 에 부임한다, 로 부임했는데, 로 부임하기, 으로 부임할때, 로 부임할때, 에 부임한후, 에 부임하기, 에 부임한이후"
평가,3997,16,36,63,"을 평가했다, 라고 평가하였, 라고 평가하며, 라고 평가하면서, 고 평가했다, 을 평가하여, 으로 평가한다, 를 평가할수, 으로 평가할수, 이라고 평가했다, 을 평가할수, 을 평가하는, 를 평가하는, 라고 평가했다, 고 평가하였, 라고 평가했고, 로 평가하며, 으로 평가하였, 고 평가하고, 을 평가하고, 으로 평가했다, 로 평가하였, 으로 평가하는, 가 평가하는, 으로 평가하기, 로 평가한다, 로 평가했다, 으로 평가하고, 로 평가하기, 를 평가했다, 을 평가할때, 이라고 평가하였, 을 평가한다, 를 평가할때, 이라고 평가하고, 을 평가한결과, 으로 평가하여, 로 평가하는, 라고 평가한다, 를 평가하기, 라고 평가하고, 을 평가하기, 으로 평가하면서, 으로 평가하며, 를 평가하고, 를 평가한다, 로 평가하고, 고 평가한다, 라고 평가하기, 고 평가하며, 를 평가하였, 에서 평가하는, 를 평가하여, 로 평가하면서, 을 평가하였, 을 평가하면서, 으로 평가했고, 으로 평가했으며,, 을 평가하며, 으로 평가하여야, 로 평가할수, 을 평가하게, 를 평가하며"
반,3945,15,10,19,"에 반해, 에 반하, 에 반한, 가 반한, 에게 반해, 에게 반하, 에 반함, 에게 반하는, 의 반한감정, 에 반했, 이 반한, 에서 반한, 에게 반했, 에게 반한, 게 반했, 에 반할, 이 반지하, 은 반지하, 의 반했송"
소개,3920,15,37,76,"을 소개하였, 로 소개하며, 라고 소개하고, 를 소개하였, 을 소개하면서, 을 소개할때, 에 소개하였, 을 소개한다, 를 소개한다, 을 소개한것, 로 소개하였, 을 소개하고, 을 소개하여, 를 소개하는, 을 소개했다, 를 소개했다, 을 소개하기, 로 소개한다, 에게 소개했다, 을 소개했으며,, 에게 소개해주, 를 소개하기, 을 소개했는데, 으로 소개하였, 를 소개해주, 에 소개했다, 을 소개해주, 을 소개하는, 에게 소개하여, 를 소개하고, 을 소개하며, 으로 소개했다, 에 소개하는, 에게 소개하는, 을 소개한《, 으로 소개하고, 를 소개하며, 에 소개하기, 로 소개하고, 를 소개하면서, 를 소개한것, 에게 소개하고, 이라고 소개했다, 를 소개하여, 로 소개하는, 에서 소개하는, 을 소개하였으며, 를 소개할때, 로 소개했다, 에 소개하고, 도 소개하고, 에게 소개하기, 를 소개하면, 으로 소개한다, 에게 소개하였, 로 소개하면서, 으로 소개하는, 에게 소개한다, 가 소개해준, 을 소개함으로써, 를 소개했으며,, 라고 소개했다, 을 소개했고, 를 소개한바, 도 소개하였, 에 소개하여, 고 소개했다, 에 소개하면서, 라고 소개하였, 를 소개했고, 에 소개한것, 으로 소개하면서, 에게 소개했고, 가 소개하는, 도 소개한다, 이 소개하는"
처리,3884,15,46,75,"를 처리하는, 가 처리할수, 을 처리할수, 으로 처리하여, 를 처리한다, 를 처리하기, 을 처리하여, 을 처리하였, 을 처리하고, 를 처리할때, 으로 처리한다, 을 처리하는, 를 처리할수, 을 처리하기, 에서 처리하는, 도 처리할수, 를 처리하고, 으로 처리하기, 에서 처리할수, 으로 처리했다, 를 처리했다, 을 처리하면, 을 처리하며, 으로 처리하는, 를 처리함에, 으로 처리하고, 에 처리할수, 을 처리하면서, 로 처리하는, 에 처리하는, 를 처리하며, 를 처리하던, 를 처리하여, 로 처리할수, 으로 처리하였, 으로 처리할수, 를 처리하였, 를 처리하도록, 로 처리한다, 를 처리하면, 에 처리하기, 을 처리하도록, 로 처리하면, 을 처리해주, 를 처리하게, 을 처리했다, 로 처리하여, 으로 처리한것, 로 처리한것, 를 처리해야하, 에서 처리하기, 에서 처리하고, 으로 처리하면, 을 처리하게, 를 처리하지, 을 처리할때, 을 처리한다, 로 처리하였, 로 처리하고, 을 처리하지, 로 처리했다, 로 처리하며, 가 처리하는, 으로 처리했고, 는 처리할수, 로 처리하기, 이 처리하는, 를 처리하면서, 를 처리함으로써, 에서 처리한다, 을 처리해야하, 에서 처리했다, 으로 처리하지, 으로 처리하며, 을 처리하던"
급제,3879,6,15,25,"에 급제하고, 에 급제하였, 에 급제한것, 에 급제하여, 에 급제한이후, 에 급제하지, 로 급제하고, 로 급제한후, 에 급제한후, 에 급제한뒤, 으로 급제하였, 로 급제하였으며, 로 급제하여, 에 급제하였으며, 로 급제하였, 으로 급제하여, 에 급제했다, 에 급제하였으나, 로 급제했다, 로 급제한뒤, 에 급제하면서, 에 급제했으며,, 에 급제했고, 으로 급제하고, 으로 급제했다"
정리,3865,15,41,60,"을 정리하였, 을 정리하면서, 으로 정리하였, 을 정리하고, 을 정리한다, 로 정리하면, 을 정리한것, 를 정리하였, 을 정리한책, 을 정리하는, 으로 정리하고, 을 정리하여, 를 정리하여, 로 정리할수, 가 정리한친일인명사전, 를 정리하고, 을 정리한문서, 을 정리해놓, 를 정리하는, 를 정리한다, 을 정리한후, 을 정리하기, 을 정리했다, 을 정리한뒤, 로 정리하여, 로 정리하였, 로 정리하고, 으로 정리하여, 으로 정리하면, 를 정리한것, 로 정리하는, 를 정리했다, 을 정리하게, 을 정리한《, 을 정리해보, 로 정리한것, 을 정리하면, 으로 정리하는, 를 정리하면서, 을 정리하던, 를 정리하기, 를 정리하면, 으로 정리한것, 으로 정리할수, 를 정리하였으며, 로 정리했다, 을 정리할수, 으로 정리했다, 를 정리한《, 을 정리하며, 으로 정리한다, 를 정리한문서, 를 정리하며, 을 정리할때, 를 정리한책, 를 정리할수, 으로 정리하기, 을 정리하다, 을 정리한코드, 으로 정리하며"
판매,3862,15,35,79,"을 판매한다, 을 판매하는, 를 판매하는, 로 판매하기, 를 판매한다, 로 판매하는, 을 판매하고, 를 판매할수, 를 판매하였, 으로 판매하기, 는 판매하지, 으로 판매하고, 를 판매했다, 을 판매하기, 으로 판매했다, 을 판매하였, 이 판매하는, 를 판매하고, 을 판매했다, 으로 판매한다, 로 판매할수, 에 판매한다, 을 판매할때, 에 판매하는, 에서 판매하는, 로 판매하고, 에 판매하였, 으로 판매할수, 에서 판매하고, 에 판매하기, 을 판매했고, 로 판매하였, 에서 판매하였, 를 판매하거나, 을 판매하여, 를 판매하며, 를 판매하기, 을 판매한것, 으로 판매하여, 에 판매할수, 을 판매하였으며, 으로 판매하는, 에 판매하고, 도 판매한다, 으로 판매하였, 도 판매하고, 을 판매할수, 에게 판매하는, 을 판매하게, 를 판매하여, 을 판매하며, 을 판매하던, 에서 판매하며, 를 판매하면서, 을 판매했다고, 가 판매하는, 를 판매할때, 을 판매했으며,, 을 판매하지, 이 판매하고, 에 판매하며, 에 판매했다, 을 판매하거나, 에 판매하여, 가 판매하고, 에게 판매한다, 에서 판매하지, 만 판매하는, 에서 판매한다, 만 판매하고, 을 판매하면서, 로 판매한다, 에서 판매하기, 만 판매했다, 를 판매하지, 을 판매했는데, 만 판매한다, 에서 판매할수, 으로 판매하거나"
조직,3847,9,33,45,"를 조직하였, 를 조직했다, 을 조직하여, 으로 조직하는, 를 조직하여, 을 조직하였, 을 조직했다, 를 조직하거나, 를 조직하게, 을 조직하도록, 를 조직하는, 를 조직하고, 을 조직할수, 을 조직하고, 을 조직하면서, 를 조직하기, 을 조직하며, 을 조직하는, 를 조직하였으며, 을 조직한다, 을 조직했는데, 를 조직할때, 을 조직하게, 을 조직했고, 을 조직하기, 를 조직한다, 를 조직하면서, 를 조직할것, 을 조직했으며,, 로 조직하였, 을 조직할것, 를 조직했으며,, 으로 조직하였, 를 조직한것, 를 조직했는데, 를 조직해활동, 을 조직하거나, 를 조직했고, 를 조직하자, 을 조직하였으며, 이 조직한', 를 조직할수, 으로 조직하고, 이 조직했다, 으로 조직했다"
도,3794,22,47,48,"라고 도함), 이라고 도한다, 에 도한국의, 에서 도한국의, 에 도해당된다, 이라고 도하는데, 라고 도한다, 을 도하, 에 도해당되, 에 도한일, 이라고 도함), 으로 도해석되, 에 도하나의, 의 도해, 까지 도했다, 에 도해당하, 의 도하, 로 도하, 이라고 도하는, 에 도한국에, 이라고 도하며, 를 도하, 에 도한차례, 이라고 도했다, 로 도할수, 이라고 도한다), 는 도하, 라고 도한다), 에 도함께하, 이 도하, 을 도해, 에 도한계가, 가 도하, 은 도하, 이라고 도하였, 를 도해, 까지 도한다, 에서 도할수, 으로 도할수, 에서 도해트트릭, 에서 도한번, 과 도한, 에 도한번, 으로 도해석할, 에서 도하, 에 도한신, 으로 도하, 에서 도한골"
시행,3788,15,52,76,"를 시행하는, 을 시행하며, 을 시행하였, 를 시행하고, 에 시행하는, 을 시행하고, 을 시행한다, 를 시행한다, 을 시행했다, 을 시행했고, 를 시행하여, 을 시행하여, 을 시행하기, 을 시행할수, 에서 시행하는, 를 시행하였, 에서 시행하고, 을 시행하는, 를 시행했고, 을 시행하면서, 을 시행하게, 부터 시행하였, 을 시행했는데, 부터 시행하는, 를 시행하기, 도 시행하였, 으로 시행하기, 부터 시행한다, 를 시행하지, 을 시행하였으나, 를 시행하면서, 를 시행했다, 를 시행하며, 을 시행함으로써, 에 시행했다, 에 시행하였, 가 시행하는, 으로 시행하여, 도 시행하고, 를 시행할것, 를 시행할수, 으로 시행한다, 을 시행하였으며, 을 시행할것, 은 시행하지, 를 시행하였으며, 를 시행했는데, 를 시행함으로써, 에서 시행한다, 으로 시행했다, 으로 시행하였, 을 시행할때, 에 시행한다, 을 시행하도록, 을 시행하지, 을 시행한결과, 를 시행하게, 을 시행했으며,, 를 시행했을, 으로 시행하는, 을 시행하던, 를 시행할때, 을 시행하면, 부터 시행하고, 으로 시행하고, 이 시행하는, 부터 시행했다, 을 시행하려고, 에서 시행하던, 이 시행한다, 을 시행한후, 으로 시행할수, 에 시행하고, 를 시행해,, 을 시행한차량, 을 시행한경우"
파견,3782,12,43,60,"로 파견했다, 를 파견하여, 를 파견했다, 에 파견하여, 로 파견하는, 를 파견하고, 를 파견하였, 을 파견하겠, 으로 파견하였, 을 파견하였, 에 파견하였, 을 파견한다, 에 파견하는, 을 파견하기, 를 파견하기, 를 파견하는, 을 파견했다, 에 파견한다, 를 파견하였으나, 을 파견하여, 을 파견하고, 를 파견한다, 에 파견했고, 을 파견하는, 에 파견하기, 에 파견하고, 로 파견하였, 로 파견하여, 을 파견하면서, 을 파견했지만, 을 파견하였으며, 을 파견했는데, 를 파견하게, 를 파견했고, 을 파견한것, 을 파견하거나, 에 파견했다, 으로 파견하는, 에 파견하였으며, 에 파견했지만, 를 파견하였으며, 을 파견할수, 를 파견했지만, 을 파견할것, 이 파견한선수단, 를 파견하면서, 을 파견하지, 로 파견하기, 를 파견할것, 으로 파견하여, 을 파견했고, 을 파견하였으나, 을 파견하게, 를 파견하지, 으로 파견했다, 를 파견했으며,, 에 파견했던, 로 파견한다, 를 파견한것, 을 파견했다고"
승격,3759,7,49,55,"로 승격하였, 으로 승격하고, 로 승격하고, 로 승격하는, 으로 승격하여, 으로 승격하였, 으로 승격하며, 로 승격했다, 로 승격하여, 로 승격하기, 로 승격하면서, 로 승격한이후, 으로 승격하였으며, 으로 승격하면서, 로 승격하게, 로 승격하였으며, 로 승격할수, 으로 승격했다, 로 승격한후, 으로 승격하였으나, 로 승격했고, 이 승격하게, 으로 승격한다, 로 승격해,, 로 승격하였으나, 으로 승격해나, 으로 승격하는, 으로 승격해가, 로 승격해현재, 으로 승격해기타, 으로 승격해미나미, 으로 승격해오, 으로 승격해이, 에 승격했다, 로 승격한다, 으로 승격하게, 으로 승격하기, 에 승격하여, 로 승격하며, 로 승격함에, 으로 승격했고, 이 승격하여, 으로 승격해니시, 으로 승격해,, 에서 승격한팀, 에 승격하였, 으로 승격해''', 으로 승격해도, 으로 승격해후, 로 승격해히타치, 으로 승격해다, 으로 승격해미, 으로 승격해히가시, 에서 승격한구단, 로 승격할마지막"
겸,3744,9,6,21,"을 겸했, 를 겸하, 이 겸하, 을 겸하, 를 겸했, 을 겸할, 를 겸한, 을 겸한, 를 겸함, 을 겸해, 도 겸하, 을 겸함, 도 겸했, 으로 겸하, 도 겸한, 를 겸해, 를 겸할, 까지 겸하, 가 겸하, 도 겸해, 도 겸함"
표기,3737,14,36,68,"로 표기하고, 로 표기한다, 로 표기할때, 으로 표기하며, 로 표기하자, 로 표기한것, 로 표기하는, 를 표기할때, 로 표기하기, 를 표기하는, 을 표기할때, 을 표기하기, 로 표기하여, 를 표기하고, 에 표기한다, 으로 표기한다, 로 표기했을, 로 표기하였, 으로 표기하여, 으로 표기하는, 을 표기한다, 로 표기할수, 을 표기하는, 라고 표기하기, 를 표기하기, 를 표기한다, 도 표기한다, 으로 표기하고, 로 표기하며, 으로 표기하게, 에 표기하는, 라고 표기한다, 를 표기하지, 으로 표기한것, 를 표기한것, 을 표기하지, 로 표기했다, 로 표기하면, 만 표기한다, 으로 표기하였, 으로 표기하기, 이라고 표기한다, 으로 표기할수, 로 표기하게, 을 표기할수, 로 표기하도록, 라고 표기하고, 로 표기하지만, 를 표기할수, 를 표기하였, 으로 표기했다, 라고 표기하자, 을 표기한것, 라고 표기했다, 을 표기하고, 을 표기하였, 를 표기했다, 로 표기하거나, 는 표기하지, 으로 표기하면, 도 표기하며, 라고 표기하는, 로 표기함, 로 표기한다(, 만 표기하는, 까지 표기했다, 로 표기함), 으로 표기하자"
더,3722,17,51,68,"에 더하여, 을 더하거나, 을 더하게, 를 더하는, 을 더하면, 를 더함, 을 더한, 을 더해,, 를 더한값, 를 더한, 를 더하면, 까지 더하면, 을 더하여, 를 더해,, 에 더해지, 이 더해졌다, 까지 더해지, 는 더할나위, 를 더하게, 을 더하고, 를 더했다, 를 더하고, 에 더해서,, 가 더해지, 를 더했을, 가 더해졌다, 를 더하였, 을 더하였, 이 더해지, 을 더했다, 을 더해주, 을 더하다, 를 더하여, 에 더해,, 을 더하는, 를 더하기, 를 더했고, 에 더해졌다, 을 더해준다, 보다 더한것, 을 더한값, 를 더할수, 를 더해주, 도 더해지, 를 더하거나, 가 더해진것, 은 더할나위, 이 더해졌고, 에 더했, 을 더하면서, 을 더하며, 이 더해진것, 에 더한, 을 더해가, 을 더했고, 를 더해가, 을 더해2, 을 더해야함, 을 더해총, 을 더해만들, 을 더할수, 까지 더하여, 을 더하기, 을 더함, 에 더할, 가 더해졌고, 에 더하는, 와 더하우트만이"
출생,3697,7,19,30,"에서 출생했다, 로 출생하였으며, 로 출생하였, 에서 출생하였으며, 로 출생했다, 으로 출생하였, 으로 출생했다, 에서 출생하여, 에서 출생하였, 에서 출생하고, 에서 출생한그, 가 출생하였, 으로 출생한그, 에서 출생하였으나, 에 출생하였, 로 출생하여, 에서 출생했으며,, 에 출생하여, 에 출생했다, 에서 출생한대한민국, 에서 출생한미국, 으로 출생하여, 으로 출생하였으며, 로 출생한그, 에서 출생했고, 에서 출생한그녀, 에서 출생한것, 에서 출생한영국, 로 출생한그녀, 에 출생한그"
개시,3697,10,40,47,"을 개시하였, 에 개시하였, 를 개시하였, 을 개시하여, 을 개시했다, 을 개시한후, 를 개시했다, 을 개시하다, 을 개시하였으나, 을 개시하는, 을 개시하고, 을 개시하기, 을 개시한다, 을 개시할수, 를 개시하는, 을 개시함으로써, 을 개시하였으며, 를 개시하여, 을 개시할때, 을 개시했고, 을 개시할예정, 을 개시함, 을 개시했으며,, 를 개시하였으며, 을 개시하자, 을 개시하면서, 를 개시한것, 을 개시할것, 을 개시한지, 을 개시하게, 을 개시했을, 을 개시한것, 을 개시했는데, 를 개시한다, 을 개시해,, 을 개시하지, 를 개시하기, 를 개시하면서, 을 개시했으나,, 을 개시하며, 을 개시함에, 를 개시하였으나, 을 개시했지만, 를 개시했고, 를 개시하게, 를 개시하고, 을 개시했다고"
출시,3696,15,57,73,"을 출시하기, 를 출시했다, 으로 출시하였, 를 출시하였, 를 출시하면서, 을 출시했다, 을 출시하였, 로 출시하는, 를 출시하였으며, 을 출시하고, 을 출시하다, 를 출시하다, 를 출시하여, 을 출시하였으며, 을 출시했는데, 에 출시하였, 으로 출시하는, 에 출시했다, 을 출시하면서, 를 출시했으며,, 를 출시한다, 을 출시하며, 으로 출시했다, 를 출시했는데, 를 출시하기, 는 출시하지, 를 출시하는, 를 출시하며, 을 출시하여, 에서 출시한안드로이드, 에서 출시했다, 으로 출시하여, 도 출시했다, 을 출시할예정, 에 출시하여, 를 출시했고, 가 출시한휴대, 도 출시하였, 로 출시하였, 에 출시할예정, 을 출시하였으나, 에서 출시하는, 가 출시하는, 에서 출시하였, 에 출시하였으며, 에 출시하기, 를 출시하게, 를 출시하고, 을 출시했고, 가 출시하였, 가 출시한스마트폰, 를 출시할계획, 을 출시하는, 을 출시한다, 을 출시하지, 을 출시할것, 을 출시했으며,, 을 출시하게, 에 출시한게임, 로 출시했다, 에 출시하는, 에 출시했으며,, 에 출시한아케이드, 으로 출시하기, 으로 출시한바, 에 출시한포터블, 에 출시한휴대, 에 출시한스마트폰, 에 출시한피처, 에 출시한안드로이드, 에 출시한보급, 을 출시할계획, 에 출시한모델"
행사,3679,11,42,57,"을 행사한다, 을 행사하고, 을 행사하는, 을 행사했다는, 을 행사하였, 을 행사했다, 을 행사하게, 을 행사할수, 을 행사하려, 을 행사했던, 을 행사하기, 가 행사한다, 이 행사하는, 을 행사함에, 도 행사할수, 를 행사하지, 을 행사하거나, 을 행사하여, 을 행사하였으며, 을 행사하면서, 을 행사했는데, 을 행사하지, 으로 행사할수, 를 행사한다, 을 행사하려는, 을 행사하려고, 을 행사했다고, 을 행사하며, 을 행사했지만, 을 행사하고자, 을 행사하였으나, 을 행사하던, 을 행사해왔, 을 행사했고, 를 행사하였, 를 행사할수, 을 행사할경우, 를 행사했다, 을 행사할권리, 를 행사하고, 을 행사함으로써, 을 행사한것, 를 행사하여, 을 행사할것, 을 행사했으며,, 만 행사할수, 를 행사하는, 이 행사할수, 을 행사할자, 을 행사할때, 을 행사하도록, 을 행사한혐의, 를 행사하기, 을 행사했을, 에 행사할수, 를 행사하며, 을 행사하겠"
상,3672,19,8,45,"는 상하, 으로 상해, 를 상한, 는 상한, 의 상한, 에게 상하, 의 상하, 가 상하, 과 상해, 이 상하, 에 상하, 가 상해, 와 상하, 는 상해, 을 상중하, 으로 상하, 은 상하, 이 상한, 을 상하, 를 상하, 도 상하, 은 상해, 이 상해, 과 상하, 에서 상해, 에 상해, 을 상해, 에게 상해, 를 상해, 의 상해, 이 상했, 을 상한, 부터 상하, 에서 상하, 에 상륙함, 로 상하, 까지 상하, 이 상할, 에 상한, 이나 상해, 고 상한, 로 상해, 가 상한, 은 상한, 의 상륙함"
진입,3668,13,43,62,"에 진입했던, 에 진입하여, 에 진입하기, 에 진입하였, 에 진입하지, 에 진입하고, 에 진입한것, 로 진입했다, 에 진입하면, 에 진입하는, 로 진입하여, 로 진입하는, 에 진입했을, 에 진입한다, 에 진입한후, 에 진입했다, 에 진입했고, 까지 진입했다, 으로 진입하였, 으로 진입하게, 에 진입할수, 에 진입할것, 로 진입하기, 으로 진입할때, 로 진입할수, 으로 진입하고, 으로 진입하는, 에 진입했으며,, 로 진입하게, 로 진입하였, 에 진입하면서, 에 진입한이후, 에 진입하게, 에 진입하거나, 에 진입하였으며, 에 진입하자, 로 진입하며, 로 진입했으며,, 으로 진입하면서, 으로 진입할수, 에 진입했다고, 으로 진입하던, 로 진입한다, 으로 진입하기, 에 진입할때, 로 진입할때, 로 진입하였으며, 으로 진입하여, 에 진입하며, 으로 진입한다, 로 진입하고, 에서 진입하는, 으로 진입하지, 로 진입하면서, 로 진입했고, 으로 진입했다, 에 진입한뒤, 에서 진입할수, 에 진입했지만, 에 진입하던, 에 진입한첫, 만 진입할수"
조사,3661,13,47,71,"를 조사하면, 을 조사하는, 가 조사한결과, 도 조사했다, 을 조사하던, 을 조사하기, 을 조사한다, 를 조사해보, 을 조사한결과, 를 조사한결과, 을 조사하거나, 를 조사하는, 을 조사하고, 을 조사했는데, 을 조사해보, 를 조사하다가, 을 조사함으로써, 를 조사하고, 에서 조사한결과, 를 조사하기, 를 조사하였, 을 조사하면서, 으로 조사했다, 를 조사했다, 을 조사하여, 를 조사한다, 를 조사하여, 으로 조사하였, 를 조사할때, 이 조사한바, 을 조사했다, 을 조사하게, 을 조사하러, 으로 조사한결과, 을 조사할수, 에 조사한바, 를 조사했고, 을 조사하였, 을 조사했고, 을 조사한후, 를 조사하지, 을 조사하며, 을 조사하라는, 를 조사한것, 를 조사하면서, 을 조사하면, 을 조사하다가, 이 조사한결과, 을 조사한뒤, 을 조사하도록, 을 조사할것, 를 조사함으로써, 에서 조사하는, 를 조사했는데, 를 조사할수, 을 조사할때, 를 조사할것, 을 조사한연구, 가 조사한바, 을 조사했을, 을 조사하지, 로 조사한결과, 를 조사하던, 를 조사하게, 으로 조사하는, 를 조사한후, 으로 조사하여, 으로 조사하고, 를 조사하며, 를 조사하거나, 이 조사하고"
계승,3656,14,43,56,"를 계승하는, 를 계승한국가, 을 계승한국가, 을 계승하는, 를 계승하여, 가 계승하여, 를 계승했다, 을 계승한것, 을 계승하여, 을 계승하였, 을 계승하기, 이 계승하게, 을 계승했다, 를 계승하였, 을 계승했다는, 를 계승한다, 을 계승했으며,, 를 계승했으며,, 이 계승하였, 을 계승하고, 를 계승할수, 가 계승하였, 를 계승하지, 를 계승한것, 을 계승하였으며, 가 계승했다, 를 계승하고, 를 계승하였으며, 를 계승하게, 를 계승하기, 을 계승한다, 를 계승하면서, 를 계승할것, 가 계승하다, 이 계승했다, 을 계승하게, 가 계승하게, 를 계승하였으나, 이 계승하고, 으로 계승하였, 을 계승하면서, 을 계승하지, 를 계승하며, 가 계승하고, 를 계승했다고, 을 계승하며, 를 계승한후, 을 계승하였으나, 를 계승했지만, 를 계승했고, 이 계승하여, 를 계승하자, 가 계승한다, 을 계승했지만, 을 계승했고, 을 계승한고려"
방지,3645,5,26,33,"을 방지하고, 을 방지하는, 을 방지하고자, 을 방지하며, 을 방지하기, 를 방지하는, 를 방지하기, 를 방지하였, 을 방지해주, 을 방지한다, 을 방지하여, 을 방지하였, 에 방지하는, 을 방지함으로써, 를 방지하여, 를 방지할수, 에 방지하고자, 을 방지할수, 을 방지하려면, 를 방지한다, 을 방지하거나, 를 방지하고자, 에 방지하기, 를 방지하고, 을 방지하지, 을 방지하면서, 을 방지했다, 을 방지하려는, 에 방지할수, 을 방지하도록, 을 방지할필요, 을 방지하게, 를 방지하거나"
작성,3634,13,52,74,"를 작성하는, 이 작성했다, 가 작성하고, 이 작성하여, 으로 작성했다, 을 작성했다, 을 작성하여, 을 작성할수, 를 작성하기, 을 작성하였, 을 작성하지, 로 작성한다, 를 작성했다, 를 작성하였, 을 작성했으며,, 으로 작성하여, 을 작성하는, 이 작성한《, 을 작성했는데, 이 작성한보고서, 로 작성했다, 을 작성하게, 를 작성하여야, 를 작성하지, 을 작성하면서, 를 작성하여, 을 작성하도록, 를 작성할수, 를 작성할때, 를 작성하고, 으로 작성한것, 을 작성하기, 을 작성한다, 이 작성한', 을 작성할때, 가 작성한것, 을 작성한것, 로 작성한것, 를 작성한다, 를 작성한것, 을 작성했고, 를 작성했고, 로 작성하여, 으로 작성하였, 이 작성한것, 를 작성해야한다, 으로 작성한다, 을 작성하고, 을 작성하였으며, 을 작성해야한다, 이 작성하는, 으로 작성할수, 가 작성하였, 로 작성할수, 을 작성하거나, 을 작성했다고, 을 작성하며, 로 작성하였, 를 작성하게, 로 작성하는, 를 작성해야하, 가 작성했다, 를 작성하거나, 를 작성하며, 를 작성하였으며, 가 작성한', 를 작성하면서, 를 작성하도록, 이 작성하였, 으로 작성한시청, 를 작성한후, 가 작성한보고서, 에 작성한것, 으로 작성하는"
권,3617,21,6,29,"의 권한, 와 권한, 을 권하, 으로 권한, 과 권한, 에게 권했, 에 권한, 로부터 권한, 에게 권한, 을 권한, 에게 권하, 를 권하, 을 권했, 는 권한, 가 권한, 이나 권한, 도 권한, 에서 권하, 고 권하, 를 권했, 에서 권한, 이 권한, 로 권한, 를 권한, 으로부터 권한, 가 권하, 을 권해, 은 권한, 으로서 권한"
구축,3601,9,42,58,"을 구축하려는, 을 구축하였, 을 구축하는, 을 구축하게, 를 구축하여, 을 구축할수, 를 구축하지, 를 구축했다, 를 구축하였, 를 구축하는, 를 구축하게, 을 구축하기, 을 구축하거나, 을 구축하여, 을 구축하고, 를 구축하기, 을 구축하였으며, 을 구축했다, 를 구축해나갔, 을 구축해나가, 를 구축할수, 를 구축하고, 를 구축함으로써, 을 구축함으로써, 를 구축한다, 을 구축하지, 을 구축하려고, 을 구축하겠, 을 구축할예정, 를 구축해왔, 을 구축하고자, 를 구축했으며,, 을 구축한것, 를 구축했지만, 을 구축하도록, 를 구축할것, 을 구축하면서, 을 구축할것, 를 구축하려고, 을 구축하며, 을 구축하려, 를 구축하겠, 를 구축한것, 을 구축했으며,, 를 구축하고자, 를 구축하려, 으로 구축하는, 으로 구축하고, 를 구축했고, 를 구축하였으며, 를 구축해나가, 를 구축하며, 를 구축하면서, 을 구축했고, 을 구축할계획, 을 구축해놓, 을 구축한다, 를 구축하려는"
수용,3572,13,29,51,"을 수용하였, 을 수용하지, 를 수용했다, 을 수용하고, 을 수용할수, 를 수용할것, 를 수용하였, 를 수용할수, 을 수용했다, 을 수용하면서, 을 수용하기, 를 수용하게, 를 수용하기, 까지 수용할수, 을 수용하였으며, 을 수용하여, 을 수용할것, 를 수용하여, 를 수용하고, 으로 수용하는, 를 수용하면서, 으로 수용하기, 를 수용하는, 를 수용한것, 을 수용하는, 으로 수용하여, 를 수용하지, 를 수용한다, 을 수용한다, 을 수용함으로써, 을 수용하게, 에 수용할수, 을 수용했으며,, 를 수용하며, 으로 수용하고, 을 수용하며, 에 수용하는, 으로 수용하였, 을 수용한것, 만 수용할수, 을 수용했던, 에 수용하였, 을 수용하도록, 이 수용할수, 에 수용하여, 가 수용하는, 으로 수용할수, 를 수용했고, 는 수용할수, 을 수용했고, 를 수용하도록"
거절,3567,15,35,70,"을 거절하고, 을 거절했다, 는 거절했다, 를 거절했지만, 를 거절하였, 을 거절하였, 를 거절했다, 로 거절하였, 을 거절하거나, 를 거절한다, 를 거절하는, 가 거절하자, 은 거절하였, 는 거절하였, 을 거절하였으나, 을 거절하는, 에 거절하였, 을 거절하였으며, 를 거절하고, 을 거절했고, 를 거절하였으나, 를 거절했고, 을 거절했다는, 로 거절했다, 를 거절하자, 을 거절한것, 을 거절하기, 는 거절했고, 을 거절하자, 를 거절하기, 를 거절할수, 을 거절했는데, 은 거절했다, 를 거절하여, 이 거절하자, 이 거절했다, 을 거절하여, 도 거절했다, 을 거절하지, 를 거절한것, 을 거절하면, 는 거절한다, 가 거절하였, 은 거절했고, 을 거절한다, 을 거절할수, 을 거절하며, 을 거절하면서, 를 거절하면서, 을 거절했지만, 도 거절하고, 을 거절했다고, 으로 거절했다, 는 거절하고, 을 거절한후, 를 거절했기, 이 거절하였, 도 거절하였, 를 거절하며, 에 거절했다, 을 거절했다가, 를 거절했다고, 로 거절한다, 를 거절하지, 을 거절하지만, 는 거절했지만, 은 거절한다, 은 거절하고, 에 거절한다, 을 거절했기"
파괴,3566,12,43,66,"를 파괴하는, 를 파괴하며, 를 파괴한다, 을 파괴하지만, 을 파괴하는, 를 파괴하려는, 을 파괴하고, 를 파괴하지, 을 파괴하였으며, 을 파괴했다, 을 파괴하여, 을 파괴하기, 을 파괴하지, 를 파괴하였, 를 파괴했고, 을 파괴하였, 를 파괴하고, 을 파괴했고, 을 파괴하며, 을 파괴한다, 를 파괴하기, 를 파괴하려, 을 파괴하라고, 를 파괴하여, 을 파괴할때, 을 파괴하거나, 를 파괴할수, 를 파괴하라, 으로 파괴하는, 을 파괴할수, 를 파괴했다, 를 파괴하도록, 을 파괴하도록, 를 파괴하거나, 를 파괴한것, 으로 파괴하기, 을 파괴하면서, 을 파괴하려는, 을 파괴하게, 을 파괴한것, 를 파괴할것, 을 파괴하려고, 를 파괴하였으며, 을 파괴할것, 를 파괴하라는, 을 파괴함으로써, 를 파괴하러, 을 파괴하고자, 을 파괴하려, 를 파괴함으로써, 을 파괴하면, 을 파괴했으며,, 를 파괴하게, 를 파괴하려고, 으로 파괴할수, 을 파괴했다고, 를 파괴하면서, 를 파괴하겠, 를 파괴한후, 를 파괴하면, 를 파괴한뒤, 를 파괴할권리, 을 파괴한후, 을 파괴하라는, 로 파괴하는, 를 파괴했다고"
이주,3564,8,36,56,"으로 이주했다, 으로 이주하여, 로 이주했을, 으로 이주하는, 으로 이주했고, 이 이주하여, 로 이주했다, 로 이주하였으며, 로 이주하여, 로 이주하면서, 에서 이주해온, 로 이주하게, 로 이주해온, 으로 이주했는데, 에 이주했다, 으로 이주할수, 으로 이주하면서, 로 이주해왔, 이 이주하면서, 에 이주해온, 으로 이주했다고, 로 이주했다가, 로 이주하는, 로 이주하기, 로 이주한것, 로 이주하고, 로 이주했고, 으로 이주한다, 으로 이주하였으며, 으로 이주하기, 로 이주한다, 에 이주하여, 으로 이주한것, 으로 이주하게, 으로 이주하고, 으로 이주했다가, 으로 이주해왔, 에 이주하는, 에서 이주해왔, 이 이주해왔, 이 이주하기, 에 이주하면서, 로 이주하며, 으로 이주했던, 으로 이주해온, 로 이주하도록, 에서 이주하여, 에서 이주했다, 이 이주했다, 으로 이주했으며,, 로 이주했으며,, 으로 이주할때, 로 이주했는데, 로 이주했지만, 로 이주할때, 으로 이주해살"
정차,3494,13,29,60,"에 정차하는, 에 정차할때, 가 정차한다, 가 정차하는, 가 정차하게, 에 정차하고, 가 정차하며, 이 정차한다, 도 정차한다, 에 정차한다, 에 정차하기, 에 정차하던, 만 정차하고, 만 정차한다, 이 정차하며, 가 정차하지, 도 정차하게, 만 정차하는, 가 정차하기, 이 정차하기, 에 정차하지, 가 정차하고, 로 정차하기, 에 정차한후, 가 정차할수, 이 정차하는, 가 정차하였, 에 정차하며, 이 정차하지, 에 정차해있, 가 정차하였으나, 로 정차한다, 로 정차하게, 만 정차하며, 에 정차하였, 에서 정차한다, 이 정차하게, 에서 정차하는, 는 정차하지, 가 정차하여, 만 정차하게, 에 정차하게, 도 정차하는, 가 정차했다, 에 정차했다, 에 정차하여, 은 정차하지, 을 정차한다, 에 정차한뒤, 도 정차하기, 도 정차하지, 에 정차하지만, 으로 정차한다, 이 정차하고, 에서 정차하지, 에서 정차하고, 만 정차했다, 에 정차할수, 가 정차하지만, 에서 정차한다:"
지적,3488,14,26,56,"라고 지적하였, 을 지적하며, 고 지적했다, 라고 지적했다, 라고 지적하기, 이라고 지적했다, 을 지적하고, 을 지적할수, 을 지적했다, 를 지적하고, 을 지적하였, 를 지적하였, 를 지적했다, 를 지적하는, 을 지적하는, 으로 지적하였, 을 지적한다, 고 지적하고, 을 지적하면서, 을 지적한바, 고 지적하였, 을 지적하기, 을 지적함으로써, 를 지적하면서, 고 지적하며, 으로 지적한다, 을 지적한것, 을 지적했고, 을 지적했는데, 을 지적하여, 으로 지적했다, 로 지적했다, 고 지적하면서, 를 지적하며, 고 지적했고, 도 지적했다, 를 지적하기, 고 지적한다, 를 지적하여, 도 지적하고, 도 지적하였, 라고 지적하며, 라고 지적한다, 을 지적했지만, 가 지적한것, 라고 지적하면서, 를 지적한것, 이 지적했듯이, 가 지적했듯이, 를 지적한다, 을 지적하자, 가 지적한바, 이 지적한바, 으로 지적하고, 는 지적했다, 도 지적한다"
출마,3485,9,47,70,"로 출마하여, 에 출마하자, 에 출마하여, 에 출마하였, 로 출마하였으나, 로 출마하였, 으로 출마하였으나, 에 출마하면서, 에 출마하였으나, 도 출마하였으나, 이 출마하였, 이 출마했다, 에 출마했던, 으로 출마했다, 에 출마하지, 이 출마하여, 에 출마하겠, 으로 출마하였, 가 출마하였, 에 출마하기, 로 출마하는, 가 출마하여, 로 출마했다, 로 출마하기, 으로 출마하여, 에 출마한다, 에 출마했다, 로 출마했던, 도 출마하지, 에 출마했다가, 에 출마하는, 에 출마할수, 으로 출마하기, 로 출마했지만, 으로 출마했던, 에 출마해당선, 에 출마했으나낙선, 는 출마하지, 에 출마했지만, 으로 출마해당선, 에 출마할것, 에 출마하려, 에 출마해재선, 에 출마했으나,, 로 출마했으며,, 로 출마했으나,, 에서 출마하여, 에 출마했고, 로 출마할수, 에 출마하였으며, 에 출마하게, 에 출마한현, 으로 출마했다가, 으로 출마했으나낙선, 로 출마해당선, 에서 출마해당선, 에 출마했으며,, 로 출마했으나낙선, 에 출마했는데, 에 출마한후보, 가 출마했다, 에 출마하며, 에 출마했을, 에 출마하고, 로 출마한바, 으로 출마했지만, 로 출마했고, 에 출마한미래, 에 출마한더불, 에 출마한민생"
관여,3479,9,43,58,"에 관여했으며,, 이 관여하는, 에 관여한다, 에 관여했다는, 에 관여하지, 에 관여하고, 에 관여하였, 에 관여한혐의, 에 관여하는, 에 관여하게, 이 관여한다, 가 관여한다, 도 관여하였, 도 관여한다, 가 관여하지, 에 관여해왔, 에 관여했던, 에 관여했다, 가 관여하는, 에 관여한다는것, 가 관여할수, 에 관여하며, 에 관여하기, 에 관여할수, 에 관여하면서, 도 관여하고, 에 관여하여, 에 관여했다고, 는 관여하지, 도 관여했다, 에 관여하지만, 도 관여하여, 으로 관여하고, 으로 관여한다, 에 관여한인물, 으로 관여하는, 으로 관여하였, 가 관여한것, 에 관여한스포츠, 에 관여한것, 으로 관여하지, 가 관여하고, 에 관여하였으며, 으로 관여했다, 이 관여하고, 이 관여하여, 에 관여한자, 도 관여하게, 에 관여했고, 이 관여할수, 에 관여했다가, 도 관여하지, 에 관여했을, 이 관여하지, 에 관여한적, 도 관여하는, 에 관여하거나, 에 관여한법관"
감소,3455,19,40,85,"으로 감소하고, 가 감소하게, 가 감소하여, 가 감소하는, 가 감소하면서, 으로 감소했다, 가 감소하고, 으로 감소하였, 으로 감소하기, 이 감소하는, 가 감소하기, 가 감소한것, 이 감소하기, 로 감소했다, 은 감소하고, 는 감소하고, 가 감소하였, 이 감소하고, 이 감소함에, 는 감소하기, 으로 감소한다, 은 감소했고, 으로 감소하면서, 는 감소하게, 까지 감소하였, 으로 감소했고, 이 감소하면, 로 감소하였, 도 감소한다, 이 감소한다, 가 감소한다, 는 감소한다, 가 감소하거나, 이 감소하여, 도 감소했다, 가 감소하지, 이 감소할것, 이 감소하면서, 으로 감소하게, 이 감소했다, 은 감소했다, 가 감소했다, 가 감소하였으나, 이 감소하였으며, 으로 감소하는, 이 감소하므로, 이 감소하며, 은 감소했지만, 로 감소하여, 이 감소하였, 은 감소하였, 까지 감소했다, 가 감소했고, 으로 감소하여, 이 감소했다는, 이 감소할때, 는 감소하는, 는 감소했다, 이 감소하거나, 도 감소하였, 가 감소하자, 으로 감소할것, 가 감소함에, 로 감소하며, 은 감소한다, 로 감소하는, 을 감소하는, 로 감소한다, 이 감소했고, 이 감소한것, 가 감소하므로, 로 감소하고, 이 감소하게, 는 감소하였, 이 감소할수, 가 감소하며, 가 감소할것, 까지 감소한다, 이 감소했다고, 가 감소하면, 가 감소할수, 을 감소하기, 은 감소하는, 로 감소했고, 로 감소했으며,"
탑재,3447,11,37,60,"를 탑재한스마트폰, 을 탑재한최초, 을 탑재하기, 을 탑재하는, 을 탑재했다, 를 탑재하고, 을 탑재하고, 를 탑재하여, 를 탑재하기, 을 탑재하여, 를 탑재했고, 을 탑재한다, 를 탑재하였, 를 탑재한M, 을 탑재하였, 을 탑재할수, 를 탑재하는, 를 탑재한다, 으로 탑재하고, 에 탑재하기, 에 탑재하여, 를 탑재할수, 를 탑재하였으며, 에 탑재하고, 도 탑재할수, 를 탑재할것, 을 탑재했으며,, 를 탑재했다, 를 탑재할예정, 을 탑재한것, 을 탑재하였으며, 을 탑재했고, 을 탑재할것, 에 탑재할수, 를 탑재한모델, 도 탑재하고, 에 탑재하는, 에 탑재하였, 을 탑재해,, 를 탑재한것, 에 탑재한다, 를 탑재해,, 를 탑재하며, 는 탑재하지, 을 탑재한모델, 을 탑재하며, 를 탑재하면, 를 탑재한최초, 를 탑재하게, 을 탑재하지, 에 탑재했다, 를 탑재하지, 으로 탑재했다, 를 탑재한차량, 을 탑재한차량, 를 탑재했으며,, 를 탑재했는데, 도 탑재했다, 를 탑재했지만, 를 탑재하여서"
확장,3431,10,36,72,"을 확장하여, 로 확장할수, 를 확장하고, 를 확장하였, 를 확장하며, 으로 확장할수, 을 확장하는, 를 확장한것, 로 확장하여, 을 확장하게, 를 확장하여, 을 확장한것, 으로 확장하여, 까지 확장하여, 으로 확장한것, 을 확장하며, 을 확장하였, 을 확장하기, 를 확장하는, 을 확장하고, 을 확장할수, 로 확장하였, 을 확장해나가, 를 확장했고, 를 확장했다, 를 확장한다, 까지 확장했다, 을 확장해나갔, 을 확장했다, 을 확장하고자, 을 확장한다, 을 확장하던, 으로 확장하고, 를 확장하기, 를 확장하면서, 으로 확장하는, 로 확장한것, 까지 확장할수, 을 확장하면서, 를 확장하였으며, 를 확장할수, 을 확장해가, 을 확장했고, 을 확장할때, 로 확장하는, 로 확장하고, 으로 확장했다, 를 확장하거나, 로 확장하기, 으로 확장하였, 을 확장하려는, 으로 확장하기, 를 확장하려는, 을 확장하였으며, 을 확장하지, 을 확장했으며,, 를 확장해나갔, 으로 확장한다, 로 확장했다, 를 확장하려고, 을 확장하면, 까지 확장하였, 를 확장함으로써, 까지 확장하는, 로 확장한다, 을 확장하려, 로 확장하려는, 으로 확장하면서, 까지 확장하고, 을 확장할것, 으로 확장할예정, 을 확장하거나"
출발,3381,17,38,66,"에 출발하여, 으로 출발하였, 에서 출발하여, 에서 출발하였, 가 출발한다, 로 출발하여, 을 출발하여, 으로 출발했다, 로 출발하였, 를 출발하여, 을 출발하였, 로부터 출발하였, 에서 출발하는, 로 출발했다, 로부터 출발하여, 서 출발한다, 를 출발했다, 에서 출발했다, 으로부터 출발하여, 에서 출발하지만, 에 출발하였, 으로 출발하여, 에 출발한다, 에서 출발한것, 를 출발하였, 에서 출발한다, 으로 출발하였으나, 에서 출발하였으며, 로 출발하였으며, 를 출발하는, 을 출발해서울, 으로 출발하였으며, 로 출발하고, 에서 출발한열차, 을 출발하는, 에서 출발하였으나, 으로 출발한다, 로 출발한다, 가 출발하는, 에서 출발했지만, 으로 출발했지만, 에서 출발하고, 로 출발하였으나, 으로 출발하는, 로 출발하기, 가 출발했다, 로 출발하는, 을 출발하기, 을 출발했다, 으로 출발했고, 에 출발하는, 에서 출발하며, 로 출발했으며,, 가 출발하고, 으로 출발하기, 에 출발하며, 에서 출발하면서, 에서부터 출발한다, 가 출발하기, 에서 출발하기, 에서 출발하게, 에서 출발할때, 로 출발하게, 에서 출발하던, 에 출발하고, 을 출발한열차"
추정,3368,14,25,44,"으로 추정하고, 으로 추정한다, 을 추정하였, 이 추정하는, 을 추정하기, 을 추정한다, 도 추정할수, 을 추정하고, 를 추정했다, 으로 추정했다, 로 추정하고, 으로 추정하였, 를 추정하기, 을 추정할수, 로 추정할수, 으로 추정할수, 로 추정하는, 으로 추정하기, 를 추정하는, 를 추정하고, 으로 추정하는, 를 추정할수, 를 추정하여, 을 추정하여, 으로 추정하며, 로 추정하여, 로 추정한다, 로 추정하며, 로 추정하기, 를 추정한다, 으로 추정하는데, 을 추정했다, 을 추정하는, 은 추정하고, 으로 추정하여, 를 추정해볼, 으로 추정했지만, 을 추정해볼, 로 추정하였, 로 추정했다, 으로 추정하였으며, 으로 추정해볼, 으로 추정하지만, 를 추정해보"
승진,3366,8,26,40,"로 승진하게, 으로 승진했다, 으로 승진하였, 으로 승진하여, 로 승진하였, 로 승진한다, 로 승진했고, 으로 승진하는, 로 승진한뒤, 로 승진했다가, 로 승진했다, 에 승진하였, 으로 승진했으며,, 으로 승진한뒤, 으로 승진했고, 으로 승진하고, 로 승진하여, 까지 승진했다, 으로 승진하였으며, 으로 승진한다, 으로 승진하면서, 로 승진하였으며, 로 승진하고, 까지 승진하였, 에 승진하고, 로 승진하면서, 으로 승진할수, 로 승진하였으나, 으로 승진한후, 에 승진하여, 로 승진하는, 으로 승진함과, 로 승진하기, 으로 승진하였으나, 으로 승진했다가, 으로 승진하게, 로 승진했으며,, 으로 승진하기, 으로 승진하며, 으로 승진하지"
합격,3329,12,34,46,"에 합격하였, 에 합격했고, 에 합격하고, 에 합격하여, 에 합격했지만, 에 합격하게, 에 합격했다, 으로 합격하였, 으로 합격했다, 에 합격하는, 를 합격하고, 에 합격한사람, 에 합격하면서, 에 합격했으며,, 에 합격하였으나, 에 합격한자, 로 합격하여, 에 합격한뒤, 에 합격하기, 에 합격했다고, 에 합격한것, 에 합격하면, 이 합격했다, 가 합격하여, 에 합격하지, 가 합격했다, 이 합격하였, 에 합격할수, 에 합격한후, 으로 합격하여, 에 합격하였으며, 에 합격한다, 에서 합격하여, 로 합격하였, 으로 합격하고, 에 합격하며, 을 합격하고, 으로 합격하였으나, 에서 합격했다, 에 합격했는데, 로 합격했다, 에 합격해야한다, 에 합격해,, 에서 합격하였, 에 합격해사법연수원, 에 합격해판사"
인식,3328,15,37,62,"를 인식하여, 로 인식하는, 를 인식하게, 로 인식하고, 으로 인식할수, 을 인식하고, 를 인식하고, 로 인식하며, 으로 인식하는, 을 인식하여, 을 인식한그, 을 인식하게, 으로 인식하고, 을 인식하면서, 를 인식하는, 에서 인식할수, 으로 인식하기, 을 인식했기, 를 인식하지, 을 인식할수, 으로 인식한다, 을 인식하지, 으로 인식하였, 로 인식하였, 을 인식하는, 가 인식할수, 를 인식할수, 이 인식할수, 을 인식해야한다, 을 인식하기, 을 인식한다, 를 인식했다, 으로 인식했다, 로 인식하지, 를 인식한다, 으로 인식하지, 으로 인식하여, 로 인식할수, 로 인식했다, 로 인식한다, 으로 인식하게, 로 인식하기, 으로 인식하며, 이 인식하지, 가 인식하는, 를 인식하기, 로 인식하여, 를 인식하면, 을 인식했고, 을 인식하였, 을 인식했다, 이 인식하는, 을 인식할때, 로 인식하게, 으로 인식한것, 을 인식하며, 을 인식하면, 을 인식한것, 을 인식하거나, 는 인식할수, 을 인식하도록, 를 인식한후"
발행,3290,15,39,68,"를 발행하였으며, 에서 발행한다, 을 발행하고, 을 발행한다, 를 발행한다, 를 발행하고, 이 발행하는, 을 발행하였, 에서 발행한『, 로 발행하는, 을 발행했는데, 를 발행하였, 를 발행하며, 을 발행했다, 를 발행했다, 을 발행하여, 를 발행할수, 에서 발행하던, 를 발행하는, 에서 발행한《, 을 발행하면서, 에서 발행하는, 를 발행하기, 을 발행하기, 를 발행한것, 를 발행하여, 을 발행하는, 으로 발행하고, 을 발행하며, 가 발행한다, 는 발행하지, 으로 발행하는, 를 발행했는데, 를 발행하면서, 을 발행하지, 가 발행하는, 로 발행하였, 을 발행하였으며, 로 발행하고, 에 발행하는, 를 발행했고, 으로 발행하였, 을 발행했고, 에서 발행하고, 를 발행할때, 에 발행했다, 로 발행했다, 를 발행했으며,, 를 발행하거나, 가 발행하던, 을 발행할수, 으로 발행한다, 이 발행하던, 에 발행하였, 도 발행하고, 에서 발행하였, 으로 발행했다, 까지 발행했다, 가 발행하고, 을 발행했으며,, 도 발행했다, 이 발행하고, 를 발행하게, 를 발행하지, 를 발행하도록, 에서 발행했던, 에서 발행했다, 를 발행함"
간주,3250,5,32,39,"으로 간주하는, 으로 간주한다, 로 간주하고, 로 간주하여, 로 간주할수, 으로 간주할수, 으로 간주하였으며, 으로 간주했기, 로 간주한다, 으로 간주하기, 으로 간주하여, 으로 간주하였, 으로 간주하고, 으로 간주했으며,, 으로 간주했다, 로 간주하는, 로 간주했기, 로 간주하였, 로 간주하지, 으로 간주한것, 으로 간주했던, 로 간주했다, 로 간주하기, 으로 간주할것, 으로 간주하지, 로 간주하며, 으로 간주하며, 으로 간주하게, 로 간주하지만, 로 간주하면서, 으로 간주했고, 로 간주하게, 으로 간주해왔, 으로 간주하지만, 로 간주하였을, 으로 간주했지만, 로 간주했던, 로 간주한것, 로 간주했지만"
반영,3239,10,27,44,"를 반영하지, 을 반영하여, 를 반영하여, 을 반영했다, 을 반영하는, 을 반영하며, 에 반영하였, 를 반영한다, 에 반영하여, 를 반영하기, 을 반영하지, 을 반영한것, 를 반영하며, 을 반영하기, 를 반영하는, 을 반영하고, 에 반영하는, 는 반영하지, 을 반영한다, 을 반영하였, 에 반영하고, 를 반영하고, 에 반영한다, 을 반영하게, 에 반영할수, 으로 반영하는, 으로 반영한다, 를 반영한것, 에 반영하기, 를 반영했다, 을 반영할수, 을 반영하도록, 를 반영할수, 을 반영하면서, 를 반영하듯, 으로 반영하고, 으로 반영하여, 에 반영하지, 를 반영하였, 에 반영했다, 을 반영하듯, 을 반영하거나, 를 반영하도록, 을 반영한과정"
유발,3221,6,24,34,"을 유발할수, 를 유발하는, 을 유발한다, 을 유발하게, 을 유발하는, 을 유발하여, 을 유발하지, 를 유발한다, 를 유발하고, 를 유발할수, 를 유발하였, 를 유발했다, 을 유발한것, 를 유발하거나, 을 유발했다, 를 유발하게, 를 유발하여, 를 유발하며, 을 유발하고, 을 유발하기, 을 유발하며, 를 유발하기, 을 유발하는데, 을 유발할가능, 을 유발하였, 을 유발하지만, 을 유발할것, 가 유발하는, 을 유발하거나, 을 유발한다고주장, 을 유발했고, 를 유발하지, 이 유발하는, 을 유발함)"
금지,3217,11,35,50,"를 금지하는, 을 금지하였, 을 금지하는, 을 금지하고, 를 금지한다, 를 금지하고, 를 금지하였, 을 금지하기, 을 금지했다, 를 금지했다, 으로 금지하였, 에서 금지하는, 으로 금지하고, 으로 금지한다, 을 금지하지, 을 금지했으며,, 을 금지할수, 을 금지하였으며, 에서 금지하고, 을 금지하여, 을 금지한다, 를 금지하도록, 을 금지하게, 를 금지하지, 을 금지했고, 을 금지하거나, 을 금지하였으나, 을 금지할것, 을 금지했기, 를 금지하기, 을 금지한것, 으로 금지하는, 을 금지하며, 을 금지하도록, 을 금지함으로써, 도 금지했다, 은 금지하고, 도 금지하고, 을 금지했지만, 이 금지하고, 를 금지했고, 을 금지하자, 도 금지하는, 를 금지하거나, 를 금지하여, 는 금지하고, 를 금지할것, 이 금지하는, 을 금지해달, 을 금지하면서"
배치,3202,11,38,57,"를 배치하고, 으로 배치하고, 를 배치하는, 으로 배치했다, 를 배치하여, 을 배치하고, 을 배치했다, 을 배치한것, 를 배치하였, 을 배치했고, 을 배치하여, 을 배치하는, 으로 배치하며, 을 배치하지, 을 배치하기, 를 배치했다, 에 배치하여, 를 배치하지, 에 배치했다, 에 배치하는, 에 배치하고, 로 배치하였, 으로 배치하여, 를 배치한다, 를 배치하기, 에 배치한다, 을 배치하였, 으로 배치하였, 을 배치함으로써, 에 배치하였, 을 배치할수, 에 배치했고, 을 배치한다, 를 배치하였으며, 를 배치할수, 를 배치할계획, 을 배치하면서, 로 배치하여, 에 배치하게, 에 배치할수, 에 배치하기, 로 배치했다, 을 배치해놓, 로 배치한다, 으로 배치한다, 로 배치하는, 을 배치할것, 을 배치하였으며, 으로 배치하는, 에 배치하면, 에 배치한것, 를 배치했고, 에 배치함으로써, 로 배치하고, 을 배치하면, 를 배치한것, 에 배치할계획"
일치,3197,13,38,59,"과 일치하는, 과 일치하며, 와 일치한다, 과 일치하지, 이 일치한다, 는 일치하지, 와 일치하는, 과 일치하게, 가 일치하지, 과 일치하고, 과 일치한다, 와 일치하지, 와 일치하며, 과 일치한다는것, 이 일치하지, 으로 일치하는, 에 일치하는, 은 일치하지, 도 일치하는, 가 일치하고, 가 일치하는, 도 일치하지, 가 일치하여, 와 일치하게, 도 일치한다, 에 일치하지, 과 일치하도록, 과 일치하는데, 과 일치하지만, 과 일치하였, 와 일치하여, 과 일치하여, 과 일치했다, 이 일치하는, 가 일치한다, 으로 일치한다, 와 일치하도록, 와 일치하고, 와 일치하지만, 와 일치했다, 이 일치하고, 과 일치하기, 는 일치한다, 과 일치함을, 는 일치하는, 과 일치할때, 은 일치한다, 이 일치하며, 으로 일치하지, 와 일치해야한다, 에 일치한다, 과 일치하는지, 와 일치하므로, 와 일치하기, 가 일치하는지, 와 일치하였, 이 일치하여, 가 일치하게, 과 일치하거나"
폐지,3196,11,39,44,"를 폐지하고, 을 폐지하고, 를 폐지하면서, 을 폐지하였, 를 폐지하였, 을 폐지했다, 를 폐지했다, 을 폐지하여, 에 폐지하였, 을 폐지하는, 를 폐지하겠, 을 폐지하려는, 을 폐지하려고, 를 폐지하여, 을 폐지한뒤, 을 폐지하거나, 를 폐지하지, 을 폐지하였으며, 를 폐지한다, 를 폐지할것, 을 폐지할것, 으로 폐지하고, 를 폐지했으며,, 를 폐지하였으며, 를 폐지해야한다는, 을 폐지함, 을 폐지하면서, 를 폐지하며, 를 폐지했고, 를 폐지하는, 을 폐지했고, 을 폐지하기, 를 폐지하거나, 를 폐지하기, 으로 폐지하였, 에 폐지하고, 을 폐지한다, 에 폐지했다, 를 폐지하자는, 를 폐지하게, 을 폐지하지, 을 폐지해,, 이 폐지하였, 은 폐지하였"
분석,3172,14,35,56,"을 분석하는, 을 분석한결과, 을 분석하기, 를 분석하면서, 를 분석하는, 으로 분석하고, 를 분석하여, 를 분석함으로써, 을 분석하고, 으로 분석하여, 을 분석하였, 으로 분석한다, 으로 분석하는, 를 분석할수, 으로 분석할수, 를 분석하고, 고 분석했다, 으로 분석하기, 를 분석한결과, 을 분석할수, 을 분석하여, 을 분석하던, 를 분석했다, 을 분석한다, 으로 분석했다, 을 분석해보, 으로 분석한결과, 을 분석하면서, 을 분석할때, 을 분석했는데, 를 분석하기, 를 분석하였, 를 분석한다, 이라고 분석했다, 을 분석하면, 를 분석하면, 을 분석했다, 를 분석하거나, 으로 분석하였, 를 분석할때, 로 분석한결과, 를 분석한것, 라고 분석했다, 를 분석하던, 를 분석한연구, 로 분석했다, 를 분석해보, 을 분석함으로써, 로 분석할수, 로 분석하고, 로 분석하여, 을 분석하며, 을 분석한뒤, 로 분석하는, 을 분석하거나, 은 분석했다"
최,3137,20,26,49,"이 최소한, 을 최소한, 은 최소한, 은 최규하, 을 최대한, 은 최대한, 를 최소한, 는 최소한, 도 최대한, 에게 최대한, 과 최대한, 를 최대한, 에게 최소한, 는 최대한, 에 최소한, 에서 최대한, 가 최대한, 가 최소한, 으로 최소한, 에서 최소한, 의 최소한, 의 최하위지층, 으로 최대한, 에 최대한, 로 최대한, 과 최소한, 까지 최소한, 로 최소한, 이 최대한, 도 최소한, 와 최대한, 의 최대한, 에서 최하위로, 에서 최하위에, 에 최하위를, 로 최하위를, 에서 최하위를, 와 최소한, 의 최하, 에서 최하, 에 최하위로, 은 최하위로, 이 최하위로, 의 최하위팀, 는 최하위로, 의 최하부지층, 의 최하부는, 는 최하위세, 은 최하부리그"
정착,3128,13,35,53,"에 정착하면서, 에 정착했다, 에 정착했고, 에 정착한것, 에 정착하기, 으로 정착하고, 으로 정착했다, 에 정착하게, 에 정착하여, 에 정착하였, 에 정착하는, 에 정착한뒤, 에 정착했던, 이 정착한곳, 에 정착한이, 에 정착했을, 에 정착한후, 으로 정착한것, 로 정착했다, 으로 정착하게, 에 정착하였으며, 에 정착한이후, 이 정착하여, 이 정착하기, 에 정착해있, 이 정착했다, 에 정착해살, 으로 정착하였, 에 정착하고, 에 정착한다, 이 정착하였, 이 정착하면서, 에 정착하지, 에 정착했다고, 에 정착했다는, 이 정착했고, 가 정착하기, 에 정착하도록, 에 정착할수, 이 정착한것, 이 정착하게, 에 정착했으며,, 로 정착하였, 이 정착하고, 에 정착했지만, 에서 정착하여, 에 정착했는데, 로 정착하게, 에 정착하며, 으로 정착하여, 이 정착하는, 에 정착한사람, 으로 정착하기"
전환,3122,6,35,56,"로 전환한다, 로 전환하였, 로 전환하여, 을 전환하였, 로 전환하게, 로 전환하면서, 으로 전환했다, 으로 전환하기, 로 전환했고, 으로 전환하였, 으로 전환하는, 로 전환할수, 로 전환하는, 으로 전환할수, 로 전환하기, 로 전환하고, 을 전환했다, 으로 전환하고, 를 전환하였, 으로 전환한다, 으로 전환할것, 로 전환했다, 을 전환하기, 을 전환하는, 으로 전환하여, 으로 전환하며, 으로 전환하였으며, 을 전환한다, 으로 전환한것, 로 전환하려는, 로 전환한것, 를 전환할수, 로 전환할계획, 로 전환하였으며, 로 전환할때, 로 전환할예정, 으로 전환하려는, 으로 전환하면서, 을 전환하고, 로 전환하거나, 로 전환한후, 를 전환하여, 으로 전환했고, 를 전환하는, 으로 전환하게, 을 전환할수, 을 전환하여, 로 전환할것, 로 전환하지, 로 전환하도록, 로 전환하면, 로 전환하며, 를 전환했다, 로 전환함으로써, 으로 전환하도록, 으로 전환하지"
무시,3111,12,35,48,"을 무시할수, 을 무시하고, 를 무시하고, 를 무시할수, 를 무시하면, 를 무시하기, 을 무시하였, 를 무시한채, 를 무시했다, 을 무시한채, 을 무시했다, 을 무시하는, 을 무시한다, 도 무시할수, 는 무시하고, 를 무시하며, 는 무시할수, 이 무시할수, 을 무시하게, 를 무시하였, 을 무시했고, 를 무시하는, 를 무시하여, 도 무시하고, 를 무시하면서, 으로 무시하고, 을 무시하면, 를 무시했고, 을 무시하면서, 은 무시할수, 를 무시하거나, 을 무시하기, 를 무시한다, 는 무시한다, 을 무시하며, 을 무시하거나, 를 무시하지, 을 무시하여, 를 무시하게, 으로 무시하는, 을 무시한것, 가 무시할수, 을 무시하지, 은 무시하고, 은 무시한다, 을 무시했다고, 를 무시한것, 을 무시하도록"
수립,3094,9,36,51,"을 수립하고, 을 수립하였, 를 수립하고, 을 수립하였으며, 을 수립하려고, 를 수립하였, 를 수립하기, 를 수립했다, 을 수립했다, 를 수립하지, 을 수립하게, 를 수립했고, 를 수립하여, 를 수립하자, 을 수립하면서, 을 수립했고, 를 수립함으로써, 을 수립할것, 을 수립하여, 을 수립한다, 를 수립한뒤, 를 수립하려는, 를 수립한것, 를 수립하였으며, 를 수립하는, 을 수립하자, 을 수립하기, 을 수립하려는, 을 수립하는, 를 수립한이후, 를 수립할것, 를 수립할수, 를 수립하려, 을 수립했지만, 을 수립하며, 을 수립한후, 를 수립하면서, 를 수립한다, 을 수립한것, 을 수립할때, 을 수립하려, 를 수립하게, 을 수립하였으나, 을 수립하지, 을 수립하도록, 을 수립할수, 을 수립했으며,, 을 수립하고자, 을 수립했는데, 는 수립하였으나, 는 수립했으나,"
파악,3057,15,31,57,"를 파악한다, 으로 파악하였, 로 파악하였, 으로 파악할수, 을 파악하는, 로서 파악하는, 을 파악하고, 으로 파악한다, 을 파악할수, 를 파악하기, 를 파악할수, 를 파악하는, 로 파악했다, 으로 파악하는, 을 파악하여, 을 파악하기, 도 파악할수, 으로 파악하고, 를 파악하고, 를 파악하여, 으로 파악하기, 으로 파악하여, 로 파악하는, 로 파악하고, 로 파악하기, 는 파악할수, 을 파악하고자, 을 파악하며, 로 파악한다, 는 파악하기, 을 파악한다, 으로 파악했다, 를 파악했다, 을 파악하게, 을 파악하지, 를 파악하지, 를 파악하게, 을 파악하는데, 를 파악하였, 를 파악하고자, 를 파악하는데, 을 파악한뒤, 를 파악하며, 로 파악하여, 를 파악한후, 을 파악하였, 을 파악했다, 를 파악하려, 을 파악한후, 을 파악하려는, 로 파악할수, 은 파악하고, 을 파악하려고, 도 파악하고, 에 파악할수, 에 파악하고, 를 파악한뒤"
전개,3048,9,35,54,"을 전개했다, 를 전개하면, 을 전개하면, 을 전개하고, 을 전개할수, 을 전개하였, 을 전개하기, 을 전개하여, 을 전개하다가, 을 전개한것, 을 전개하면서, 을 전개하는, 으로 전개하였, 를 전개하였, 을 전개하였으며, 에 전개하였, 을 전개한다, 를 전개하고, 을 전개하던, 를 전개했다, 을 전개했는데, 를 전개하며, 을 전개해나가, 으로 전개하는, 을 전개하다, 을 전개하자, 에서 전개하고, 을 전개함으로써, 를 전개하여, 을 전개하게, 을 전개해나갔, 에 전개했다, 를 전개하는, 을 전개했던, 가 전개하는, 를 전개하기, 을 전개했으며,, 을 전개하였으나, 을 전개해왔, 도 전개하고, 으로 전개하고, 을 전개할것, 에 전개하여, 을 전개했고, 으로 전개했다, 을 전개했지만, 로 전개하는, 를 전개한다, 를 전개할수, 에 전개하고, 으로 전개하여, 를 전개해나가, 로 전개할수, 을 전개하며"
가담,3035,8,45,53,"에 가담했다는, 이 가담하였, 에 가담했다, 에 가담하려, 에 가담한일, 에 가담하지, 에 가담하였, 에 가담한다, 에 가담할것, 에 가담하여, 에 가담한사람, 에 가담하기, 에 가담하고, 에 가담했다가, 에 가담하였으나, 에 가담하게, 에 가담하면서, 에 가담한혐의, 에 가담했고, 에 가담하는, 에 가담했던, 에 가담한인물, 이 가담하여, 에 가담하였으며, 에 가담한것, 에 가담할수, 에 가담하거나, 에 가담한자, 에 가담한군인, 에 가담했다고, 에 가담하자, 에 가담하도록, 에 가담했지만, 에 가담하다, 도 가담했다, 는 가담하지, 에 가담한이, 으로 가담하였, 에 가담한죄, 도 가담하지, 에 가담함으로써, 에 가담했으며,, 이 가담했다, 으로 가담했다, 에 가담해활동, 에 가담했기, 도 가담하여, 에 가담한사실, 에게 가담하여, 도 가담하였, 에 가담하며, 으로 가담하여, 도 가담하는"
공급,3021,11,32,50,"를 공급하는, 을 공급하는, 으로 공급하는, 를 공급한다, 에 공급하는, 를 공급하였, 에 공급한다, 을 공급한다, 을 공급하면서, 을 공급하고, 으로 공급하고, 을 공급하던, 을 공급했다, 에 공급하기, 을 공급했고, 를 공급했다, 를 공급하고, 를 공급하여, 을 공급하였, 에 공급하여, 을 공급하여, 으로 공급하기, 을 공급하기, 을 공급하며, 을 공급한것, 를 공급하기, 를 공급할수, 을 공급해주, 이 공급하는, 을 공급할수, 을 공급해준다, 에 공급하였, 을 공급하지, 을 공급했으며,, 에 공급할수, 에게 공급하고, 를 공급해주, 을 공급하게, 에 공급하고, 를 공급하며, 에게 공급하는, 로 공급하는, 에 공급했다, 를 공급하게, 으로 공급할수, 가 공급하는, 를 공급하던, 를 공급하지, 을 공급함으로써, 에서 공급하는"
초래,3002,6,29,43,"을 초래했다는, 를 초래할수, 을 초래하였으며, 을 초래하였, 을 초래했다고, 를 초래했다, 를 초래했고, 을 초래한다, 을 초래하고, 을 초래할것, 을 초래했다, 을 초래했으며,, 을 초래하기, 를 초래하는, 를 초래할것, 을 초래하며, 을 초래하여, 를 초래한다, 을 초래할수, 을 초래한것, 을 초래할우려, 를 초래하고, 를 초래하였, 을 초래하게, 를 초래하게, 을 초래하지, 를 초래하지, 을 초래하는, 을 초래할가능, 을 초래한다는것, 를 초래하기, 를 초래한것, 를 초래했다고, 를 초래했다는, 를 초래하여, 이 초래하는, 을 초래할위험, 을 초래했고, 을 초래했기, 를 초래하며, 를 초래할위험, 을 초래하거나, 을 초래할정도"
자랑,2984,6,22,30,"를 자랑한다, 을 자랑하여, 를 자랑하고, 를 자랑하는, 을 자랑하고, 을 자랑하는, 을 자랑한다, 를 자랑하던, 을 자랑하기, 을 자랑하던, 을 자랑하는데, 가 자랑하는, 를 자랑하였, 를 자랑하며, 을 자랑하며, 을 자랑했다, 을 자랑했지만, 를 자랑하기, 을 자랑하였, 를 자랑했다, 을 자랑했고, 를 자랑하지만, 을 자랑했던, 를 자랑했던, 을 자랑하지만, 을 자랑하게, 을 자랑할수, 를 자랑하여, 이 자랑하는, 을 자랑하지"
발발,2967,7,38,37,"이 발발하기, 이 발발하다, 이 발발하여, 이 발발하였, 에 발발한한국, 이 발발하자, 이 발발하면서, 이 발발한1950, 이 발발한후, 이 발발한이후, 이 발발하며, 이 발발하였으며, 이 발발할때, 이 발발했다, 가 발발했다, 이 발발한다, 가 발발하여, 이 발발하고, 에 발발한제, 가 발발하자, 가 발발하였, 이 발발했고, 이 발발하게, 이 발발함에, 이 발발하는, 이 발발했을, 이 발발할경우, 이 발발하였을, 에 발발했다, 이 발발한지, 이 발발한직후, 에서 발발했다, 에 발발한중, 이 발발한뒤, 이 발발할당시, 이 발발한1937, 이 발발하면"
종사,2959,9,28,32,"에 종사하다가, 에 종사하거나, 에 종사할것, 에 종사하면서, 에 종사하고, 에 종사하는, 에 종사한다, 에 종사하였, 에 종사했다, 에 종사하여, 에 종사하게, 으로 종사하는, 에 종사했던, 에 종사하며, 에 종사하였으며, 에 종사하지, 에서 종사하였, 에 종사하던, 이 종사하고, 에 종사했으며,, 에 종사할수, 에 종사하기, 에 종사하도록, 에 종사했고, 에서 종사하는, 에 종사한것, 도 종사하였, 에 종사해온, 에 종사하다, 에 종사한사람, 도 종사했다, 에 종사하였으나"
개칭,2938,8,21,29,"로 개칭하고, 로 개칭하면서, 으로 개칭하였, 로 개칭하였, 로 개칭하였으며, 으로 개칭하여, 으로 개칭하고, 으로 개칭한후, 을 개칭하였, 로 개칭했다, 로 개칭한것, 으로 개칭하면서, 으로 개칭하였으며, 로 개칭하여, 로 개칭한다, 으로 개칭했다, 으로 개칭했다가, 으로 개칭했고, 로 개칭함, 로 개칭함*, 으로 개칭하는, 으로 개칭했으며,, 으로 개칭한다, 로 개칭했으며,, 을 개칭했다, 로 개칭했고, 으로 개칭함, 로 개칭하는, 이 개칭하여"
통치,2930,12,34,57,"이 통치하는, 가 통치하는, 으로 통치하는, 를 통치하게, 의 통치하에, 을 통치하기, 이 통치하던, 를 통치하였, 을 통치하게, 를 통치하는, 을 통치하는, 를 통치하고, 를 통치했던, 으로 통치했다, 을 통치하고, 가 통치했다, 를 통치하던, 이 통치했던, 을 통치하였, 을 통치했다, 을 통치하면서, 를 통치했다, 이 통치한다, 으로 통치하기, 가 통치하게, 이 통치하였, 를 통치하기, 으로 통치하였, 이 통치하게, 까지 통치했다, 의 통치하에서, 를 통치할수, 이 통치하고, 까지 통치하였, 을 통치하였으며, 를 통치하며, 을 통치할수, 을 통치하며, 이 통치했다, 을 통치했던, 가 통치하고, 을 통치하던, 으로 통치하고, 를 통치하였으며, 을 통치했고, 가 통치하였, 가 통치하던, 을 통치하다가, 를 통치했으며,, 을 통치하도록, 를 통치했고, 가 통치했던, 을 통치한변경백, 를 통치하면서, 까지 통치했던, 에서 통치했다, 을 통치한후작"
계산,2909,16,36,49,"으로 계산할수, 를 계산하였, 로 계산할수, 를 계산하는, 을 계산하는, 을 계산할수, 를 계산하기, 을 계산할때, 을 계산하기, 을 계산한다, 을 계산했다, 으로 계산하였, 을 계산하였, 로 계산하였, 까지 계산하였, 를 계산하고, 을 계산하여, 을 계산해보, 를 계산할수, 으로 계산하면, 로 계산한다, 를 계산하여, 를 계산할때, 를 계산하면, 을 계산하면, 을 계산하지, 으로 계산하기, 로 계산하면, 으로 계산한다, 을 계산하려면, 를 계산한다, 를 계산해보, 를 계산했다, 로 계산했다, 로 계산하여, 를 계산한것, 으로 계산하는, 에서 계산할수, 을 계산하고, 도 계산할수, 로 계산하는, 에서 계산하는, 으로 계산하며, 으로 계산하여, 를 계산하려면, 를 계산하지, 를 계산해주, 으로 계산했다, 으로 계산한다:"
경험,2908,12,43,57,"를 경험했다, 이 경험하는, 을 경험하는, 에서 경험하는, 를 경험했고, 을 경험했다, 을 경험하고, 를 경험하고, 을 경험했고, 을 경험할수, 가 경험하는, 를 경험한후, 을 경험하지, 을 경험하였, 을 경험했다는, 을 경험하면서, 을 경험하게, 을 경험한다, 를 경험하게, 을 경험했던, 을 경험한유일, 을 경험하였으며, 를 경험하면서, 를 경험하기, 를 경험한다, 을 경험하기, 을 경험한뒤, 을 경험했지만, 을 경험해보, 을 경험하며, 에서 경험할수, 을 경험한후, 를 경험하였, 를 경험했다고, 을 경험했다고, 를 경험하지, 를 경험하는, 을 경험할것, 를 경험한사람, 을 경험했으며,, 으로 경험하는, 도 경험했다, 를 경험할수, 을 경험한것, 을 경험한적, 도 경험하지, 을 경험하여, 를 경험한것, 으로 경험할수, 에서 경험한것, 을 경험할때, 을 경험한사람, 을 경험했는데, 를 경험하여, 이 경험하고, 을 경험할가능, 를 경험하며"
발사,2872,15,42,64,"에 발사했다, 를 발사하다, 를 발사하였, 를 발사하는, 을 발사하였, 을 발사할수, 을 발사하여, 를 발사하여, 을 발사하는, 를 발사했다, 을 발사했다, 로 발사했다, 을 발사하기, 에서 발사하는, 으로 발사했다, 을 발사한것, 를 발사하며, 에 발사하여, 을 발사하며, 을 발사했을, 로 발사할수, 으로 발사한우주선, 를 발사하고, 으로 발사하였, 로 발사하였, 을 발사할때, 에서 발사할수, 를 발사할수, 에서 발사했다, 를 발사하자, 을 발사하게, 를 발사했지만, 을 발사하고, 에서 발사하여, 을 발사한다, 을 발사하지, 으로 발사할수, 에 발사하였, 으로 발사하여, 를 발사할때, 을 발사하면, 을 발사한후, 를 발사할계획, 에 발사하는, 만 발사할수, 에 발사한다, 에 발사할수, 을 발사하면서, 까지 발사할수, 도 발사할수, 으로 발사한다, 을 발사해공격, 을 발사했다고, 으로 발사하는, 로 발사하는, 를 발사한다, 를 발사하기, 을 발사했으며,, 을 발사했고, 로 발사한다, 을 발사할계획, 에서 발사한다, 을 발사했지만, 을 발사했는데"
편입,2869,7,25,36,"에 편입하였, 에 편입하여, 로 편입하였, 를 편입하고, 로 편입하고, 에 편입하고, 을 편입하였, 을 편입하여, 로 편입했다, 로 편입하여, 로 편입하기, 에 편입했다, 으로 편입하였, 에 편입하기, 에 편입하면서, 을 편입했다, 에 편입하는, 으로 편입했다, 를 편입하였, 을 편입하고, 를 편입하여, 으로 편입하는, 으로 편입하고, 로 편입하는, 으로 편입하여, 을 편입하면서, 에 편입하게, 를 편입했다, 을 편입해현재, 을 편입한후, 에 편입한다, 에 편입해폐지, 에서 편입한구역, 에 편입해,, 을 편입한다), 에 편입해소멸"
장착,2856,11,40,54,"을 장착하였, 을 장착했다, 에 장착할수, 을 장착했고, 를 장착했다, 를 장착했으며,, 를 장착한모델, 를 장착하고, 을 장착하는, 를 장착하였, 을 장착하고, 을 장착하여, 에 장착한다, 에 장착하는, 를 장착하게, 에 장착하여, 을 장착하기, 을 장착함으로써, 을 장착할수, 를 장착하여, 를 장착하는, 를 장착하면, 를 장착한상태, 에 장착했다, 에 장착하면, 에 장착하였, 를 장착하기, 을 장착한것, 에 장착하고, 를 장착하였으며, 를 장착한채, 를 장착했을, 를 장착한다, 도 장착할수, 를 장착할수, 을 장착한모델, 를 장착했고, 을 장착하지, 를 장착한것, 을 장착한다, 를 장착할예정, 에 장착하기, 를 장착한M, 을 장착하면, 를 장착할것, 으로 장착하는, 를 장착하지, 을 장착한최초, 만 장착할수, 을 장착했으며,, 를 장착함으로써, 을 장착한차량, 을 장착하였으며, 을 장착했을"
유,2821,17,7,31,"은 유한, 가 유한, 의 유해, 를 유한, 이 유한, 을 유한, 의 유한, 는 유한, 으로 유해, 에서 유해, 는 유해, 이 유해, 에 유해, 의 유한개, 은 유재하, 에 유한, 로 유명하, 에게 유해, 은 유한개, 로 유한, 은 유해, 에서 유한, 으로 유한, 로 유해, 과 유해, 고 유한, 로 유명해, 가 유해, 를 유해, 와 유해, 도 유해"
청,2816,14,7,21,"을 청하, 을 청했, 를 청하, 에게 청하여, 에 청하, 을 청해, 에게 청했, 를 청했, 를 청해, 의 청해, 에 청해, 을 청한, 에게 청하, 를 청한, 을 청할, 로 청하, 를 청할, 에게 청해, 이 청하, 은 청해, 은 청하"
지칭,2810,10,19,40,"을 지칭하는, 를 지칭한다, 를 지칭하는, 을 지칭한다, 로 지칭한다, 이라고 지칭한다, 에서 지칭하는, 을 지칭할때, 를 지칭하며, 으로 지칭하는, 으로 지칭하기, 로 지칭하기, 을 지칭하는데, 을 지칭하고, 으로 지칭한다, 를 지칭할때, 으로 지칭하였, 를 지칭한것, 을 지칭한것, 로 지칭하며, 를 지칭할수, 로 지칭하였, 이라고 지칭하였, 을 지칭하던, 을 지칭할수, 를 지칭하기, 을 지칭하기, 로 지칭하는, 을 지칭했다, 을 지칭하며, 를 지칭하였, 을 지칭하였, 을 지칭하지, 로 지칭하고, 을 지칭하게, 로 지칭했다, 라고 지칭한다, 을 지칭하여, 를 지칭했다, 을 지칭하지만"
주관,2803,8,28,47,"이 주관하고, 이 주관하며, 를 주관했고, 을 주관하였, 을 주관했다, 이 주관하는, 을 주관하는, 를 주관하고, 를 주관하였, 에서 주관하며, 에서 주관하여, 가 주관하여, 를 주관하며, 에서 주관하는, 를 주관하는, 가 주관하는, 를 주관했다, 가 주관하고, 를 주관하게, 를 주관하기, 을 주관하던, 를 주관한다, 을 주관하고, 의 주관하에, 을 주관하기, 를 주관하여, 가 주관하며, 을 주관하였으며, 으로 주관하고, 이 주관하여, 을 주관하며, 에서 주관하고, 이 주관했던, 가 주관하였, 이 주관한다, 을 주관한다, 를 주관하였으며, 가 주관한다, 으로 주관하는, 가 주관하던, 에서 주관한다, 을 주관하여, 을 주관하게, 에서 주관한컵, 이 주관했다, 가 주관했다, 에서 주관한서바이벌"
설정,2779,10,36,58,"를 설정할수, 을 설정했다, 을 설정하는, 를 설정했다, 를 설정하지, 을 설정해놓, 을 설정한다, 를 설정하는, 를 설정한다, 를 설정하기, 으로 설정하고, 을 설정하고, 을 설정하여, 로 설정했다, 로 설정하였, 을 설정하면, 를 설정하면, 으로 설정했다, 을 설정하게, 로 설정할수, 를 설정하여, 을 설정할수, 으로 설정하여, 로 설정하고, 을 설정하기, 을 설정하였, 를 설정하였, 를 설정하고, 로 설정하여, 을 설정한것, 을 설정함으로써, 으로 설정할수, 을 설정할때, 을 설정하지, 를 설정함으로써, 를 설정하게, 을 설정해주, 로 설정한것, 로 설정하면, 로 설정하는, 으로 설정하는, 으로 설정하기, 으로 설정하였, 로 설정한다, 를 설정하거나, 로 설정하였으며, 를 설정하며, 에서 설정할수, 으로 설정한다, 를 설정할때, 도 설정할수, 을 설정하며, 로 설정해놓, 을 설정하거나, 를 설정해야한다, 으로 설정하면, 으로 설정한것, 에서 설정한패턴"
이러,2770,25,262,151,"는 이러한효과, 는 이러한접근, 의 이러한주장, 는 이러한형태, 은 이러한방식, 는 이러한문제, 는 이러한상태, 는 이러한점, 는 이러한상황, 의 이러한변화, 에 이러한상황, 는 이러한견해, 에 이러한현상, 의 이러한특징, 의 이러한움직임, 은 이러한주장, 는 이러한관점, 는 이러한구분, 는 이러한모든, 의 이러한사상, 는 이러한추세, 의 이러한특성, 은 이러한이유, 는 이러한과정, 의 이러한조치, 는 이러한사실, 는 이러한경향, 은 이러한행동, 의 이러한발언, 은 이러한새로운, 는 이러한주장, 는 이러한자신, 는 이러한행위, 은 이러한사실, 는 이러한현상, 의 이러한생각, 는 이러한종류, 는 이러한내용, 는 이러한생각, 에서 이러한문제, 은 이러하다, 는 이러한믿음, 은 이러한요구, 는 이러한의미, 는 이러한것, 은 이러한상황, 은 이러한생각, 의 이러한노력, 은 이러한것, 는 이러한문제점, 은 이러한과정, 는 이러한방식, 의 이러한행동, 은 이러한변화, 은 이러한노력, 는 이러한움직임, 는 이러한사건, 는 이러한행동, 의 이러한입장, 도 이러한현상, 의 이러한시도, 의 이러한행위, 는 이러한개념, 는 이러한두, 는 이러한', 는 이러한조건, 이 이러한견해, 은 이러한일, 는 이러한비판, 의 이러한견해, 이 이러한상황, 은 이러한특징, 은 이러했다, 은 이러한현상, 은 이러한종류, 는 이러한변화, 은 이러한접근, 는 이러한제한, 는 이러한발견, 에서 이러한경향, 는 이러한일, 의 이러한활동, 는 이러하다, 는 이러한목적, 은 이러한사회, 이 이러한방식, 에 이러한이름, 은 이러한조치, 는 이러한이론, 은 이러한전통, 의 이러한정책, 은 이러한방법, 이 이러한문제, 는 이러한결정, 는 이러한결과, 은 이러한꼴, 는 이러한활동, 도 이러한일, 은 이러한의미, 의 이러한행보, 의 이러한결정, 는 이러한다양, 은 이러한경향, 는 이러한관행, 의 이러한관계, 은 이러한관점, 는 이러한관계, 는 이러한조치, 가 이러한방식, 은 이러한문제, 은 이러한역사, 의 이러한태도, 에 이러한문제, 에 이러한명칭, 은 이러한점, 은 이러한모든, 는 이러한사회, 는 이러한특징, 는 이러한사람, 도 이러한점, 도 이러한방식, 은 이러한그, 는 이러한기술, 은 이러한행위, 는 이러한기능, 은 이러한비판, 은 이러한구분, 에서 이러한현상, 는 이러한유형, 은 이러한영향, 은 이러한목적, 는 이러한계획, 은 이러한특성, 은 이러한움직임, 는 이러한특성, 에서 이러한견해, 는 이러한새로운, 은 이러한형태, 은 이러한맥락, 은 이러한배경, 의 이러한측면, 는 이러한시스템, 는 이러한이유, 은 이러한유형, 는 이러한뜻, 은 이러한본질, 은 이러한아비달마, 는 이러한제약, 가 이러한기능, 은 이러한결과, 으로 이러한부류"
보장,2770,12,32,44,"을 보장한다, 를 보장하기, 를 보장하는, 를 보장한다, 을 보장하기, 을 보장하고, 를 보장해주, 을 보장할수, 을 보장하는, 를 보장하고, 을 보장하도록, 을 보장해주, 을 보장하지, 을 보장해줄, 를 보장하며, 을 보장하면서, 을 보장함으로써, 을 보장했다, 으로 보장하고, 가 보장하는, 을 보장하려는, 을 보장하여, 를 보장하겠, 를 보장할것, 을 보장하겠, 이 보장하고, 를 보장하지, 을 보장하며, 를 보장하여, 을 보장하였, 를 보장했다, 으로 보장하는, 를 보장하였, 를 보장해줄, 에서 보장하는, 를 보장할수, 이 보장하는, 을 보장할것, 은 보장할수, 를 보장할의무, 을 보장해야하, 으로 보장하기, 를 보장함으로써, 를 보장하면서"
출판,2764,11,35,55,"을 출판했다, 으로 출판했다, 에서 출판했다, 를 출판하기, 를 출판하였, 에 출판하였, 을 출판하였, 을 출판한후, 으로 출판하는, 을 출판했는데, 를 출판하며, 으로 출판하였, 를 출판하고, 가 출판한《, 에 출판한책, 을 출판하여, 를 출판했는데, 를 출판하는, 를 출판했다, 을 출판하였으며, 을 출판하지, 에 출판한《, 도 출판했다, 을 출판하며, 에서 출판한《, 을 출판할때, 가 출판하는, 로 출판했다, 을 출판했고, 를 출판하여, 으로 출판하기, 를 출판하면서, 에 출판했다, 을 출판한다, 을 출판하기, 을 출판하고, 를 출판한다, 을 출판하면서, 을 출판하게, 에서 출판하는, 로 출판하였, 을 출판하는, 가 출판했다, 에서 출판하였, 가 출판한책, 으로 출판한것, 에 출판하여, 에서 출판하고, 가 출판하였, 도 출판하였, 를 출판했고, 을 출판했으며,, 을 출판할수, 이 출판하는, 를 출판하였으며"
정확,2740,20,60,58,"이 정확하게, 를 정확하게, 을 정확하게, 의 정확한구조, 는 정확하지, 이 정확하고, 의 정확한의미, 의 정확한해, 의 정확한원인, 도 정확하지, 는 정확하게, 은 정확하게, 은 정확하지, 의 정확한위치, 는 정확하고, 를 정확하고, 의 정확한사망, 와 정확하게, 의 정확한명칭, 가 정확하게, 에 정확하게, 과 정확하게, 의 정확한수, 의 정확한기원, 의 정확한관계, 의 정확한기능, 의 정확한연대, 는 정확한기록, 가 정확하지, 이 정확하다, 에서 정확하게, 로 정확하게, 으로 정확하게, 은 정확하고, 도 정확하게, 을 정확하고, 의 정확하고, 의 정확한값, 이 정확하지, 이 정확한것, 의 정확한정의, 의 정확한크기, 이 정확하다면, 의 정확한형태, 의 정확한거리, 의 정확한경계, 까지 정확하게, 의 정확한측정, 의 정확한이름, 보다 정확하게, 의 정확한숫자, 의 정확한날짜, 의 정확한질량, 의 정확한출생, 가 정확하고, 의 정확한발음, 은 정확하다, 의 정확한시간"
협력,2730,15,33,59,"과 협력하여, 와 협력했다, 에 협력했다, 에 협력하는, 에 협력하였, 에 협력하지, 에 협력해줄, 과 협력하였, 가 협력하여, 과 협력했다, 이 협력하여, 도 협력했다, 의 협력하에, 에 협력하여, 와 협력하여, 와 협력하고, 과 협력하고, 과 협력한다, 에 협력하고, 에 협력했다는, 에 협력할것, 과 협력하면서, 으로 협력하였, 와 협력한다, 으로 협력했다, 과 협력하며, 에서 협력하고, 과 협력하는, 은 협력하여, 에 협력하기, 과 협력하기, 으로 협력하고, 와 협력하면서, 에 협력한다, 과 협력할것, 와 협력하였, 이 협력하는, 에게 협력하는, 으로 협력하는, 에 협력하게, 가 협력하는, 도 협력하였, 에 협력했던, 와 협력하는, 으로 협력하여, 에게 협력하고, 도 협력하고, 에 협력한공로, 와 협력하기, 와 협력하며, 과 협력하게, 에게 협력하게, 와 협력할것, 으로 협력하기, 에게 협력하여, 에 협력한행적, 가 협력하고, 에게 협력한다, 에 협력하며"
방송,2691,14,34,64,"로 방송하였, 으로 방송한다, 을 방송하였, 에 방송하는, 로 방송하고, 로 방송하는, 도 방송하고, 을 방송하고, 을 방송했다, 를 방송하였, 에 방송하였, 에서 방송했던, 으로 방송하고, 에서 방송하고, 에서 방송한드라마, 을 방송한다, 으로 방송하였, 를 방송하는, 를 방송하고, 에서 방송하는, 으로 방송하기, 를 방송한다, 를 방송했다, 으로 방송하는, 에서 방송한다, 에 방송한다, 에 방송하고, 에서 방송하였, 에 방송했던, 까지 방송했다, 로 방송했다, 도 방송했다, 을 방송하기, 까지 방송하였, 를 방송할수, 까지 방송하고, 부터 방송하고, 을 방송하는, 을 방송하면서, 에서 방송했다, 에서 방송하지, 에서 방송하기, 을 방송하여, 만 방송할수, 로 방송한다, 를 방송하기, 에 방송했다, 으로 방송했다, 을 방송하며, 이 방송하는, 만 방송한다, 에서 방송하던, 를 방송하지, 을 방송하지, 는 방송하지, 에 방송하기, 로 방송할수, 만 방송하고, 으로 방송했던, 까지 방송하는, 까지 방송한다, 까지 방송했던, 도 방송한다, 에 방송한선거"
선고,2686,6,26,29,"을 선고한원심, 을 선고했고, 을 선고했다, 을 선고하고, 을 선고하였, 을 선고한다, 를 선고했다, 을 선고하다, 를 선고한원심, 를 선고하면서, 을 선고하는, 을 선고하자, 을 선고하면서, 을 선고한것, 을 선고하여, 를 선고하고, 를 선고했고, 를 선고하였, 을 선고했던, 을 선고하기, 를 선고한다, 을 선고할수, 을 선고하여야, 을 선고하였으며, 을 선고하지, 을 선고했지만, 을 선고했다고, 을 선고했으며,, 을 선고하였으나"
돌파,2683,7,30,34,"을 돌파했다, 을 돌파했다고, 을 돌파하였, 을 돌파하며, 를 돌파하여, 를 돌파하였, 을 돌파했고, 을 돌파하는, 를 돌파했다고, 를 돌파했다, 를 돌파한것, 을 돌파하기, 를 돌파하기, 을 돌파했으며,, 을 돌파하고, 를 돌파하고, 을 돌파하여, 을 돌파하지, 을 돌파하였으며, 을 돌파하다, 를 돌파했으며,, 을 돌파하게, 를 돌파하였으며, 를 돌파했고, 을 돌파하면서, 를 돌파하는, 을 돌파한다, 를 돌파하지, 를 돌파하면서, 를 돌파하며, 을 돌파한뒤, 을 돌파한것, 으로 돌파하였, 을 돌파할수"
발휘,2666,9,24,34,"를 발휘하기, 을 발휘하고, 을 발휘하였, 을 발휘할수, 을 발휘하던, 을 발휘하여, 를 발휘하는, 을 발휘하지, 을 발휘하게, 을 발휘했다, 를 발휘했다, 을 발휘하기, 을 발휘하였으며, 를 발휘하여, 을 발휘한다, 을 발휘했던, 을 발휘하는, 를 발휘할수, 를 발휘한다, 을 발휘하며, 을 발휘한것, 를 발휘하며, 을 발휘하지만, 을 발휘하도록, 를 발휘하게, 를 발휘하지, 를 발휘하였, 을 발휘하면서, 를 발휘하고, 을 발휘할것, 를 발휘한것, 을 발휘했고, 을 발휘해,, 을 발휘할기회"
수여,2654,12,20,40,"가 수여하는, 에서 수여하는, 이 수여하는, 을 수여하였, 을 수여한다, 에게 수여하는, 에 수여하는, 에게 수여한다, 를 수여하였, 을 수여했다, 을 수여하기, 에게 수여했다, 에게 수여하기, 를 수여하지, 를 수여했다, 을 수여하는, 를 수여한다, 를 수여하고, 을 수여하고, 를 수여하는, 을 수여하지, 를 수여할수, 를 수여하기, 에서 수여한다, 에 수여했다, 에게 수여하고, 을 수여할수, 을 수여하였으며, 을 수여하여, 을 수여하게, 을 수여하며, 를 수여하며, 을 수여했고, 에게 수여하였, 으로 수여하는, 를 수여하게, 를 수여했고, 을 수여하면서, 을 수여한것, 를 수여하여"
관찰,2624,12,26,53,"을 관찰했다, 를 관찰하고, 만 관찰할수, 을 관찰할수, 가 관찰하는, 을 관찰하면, 을 관찰하였, 을 관찰하고, 를 관찰하여, 를 관찰하였, 을 관찰하여, 을 관찰한결과, 을 관찰하며, 으로 관찰하기, 를 관찰한다, 에서 관찰할수, 을 관찰해보, 을 관찰하는, 을 관찰했고, 으로 관찰하면, 으로 관찰할수, 으로 관찰하는, 는 관찰할수, 을 관찰하게, 를 관찰할수, 를 관찰할때, 을 관찰하던, 를 관찰한후, 를 관찰하는, 를 관찰하기, 를 관찰하면, 을 관찰하면서, 도 관찰할수, 을 관찰할때, 으로 관찰하고, 을 관찰함으로써, 을 관찰하거나, 에서 관찰하는, 를 관찰했다, 을 관찰한다, 을 관찰하지, 을 관찰하기, 를 관찰하며, 를 관찰함으로써, 으로 관찰하여, 을 관찰한것, 로 관찰한다, 으로 관찰했을, 으로 관찰할때, 를 관찰하면서, 를 관찰한결과, 으로 관찰하면서, 로 관찰하는"
항,2614,18,2,28,"을 항해, 의 항해, 를 항해, 은 항해, 의 항공모함, 가 항해, 이 항공모함, 으로 항해, 로 항공모함, 는 항공모함, 에 항공모함, 은 항공모함, 과 항공모함, 까지 항해, 이 항해, 과 항해, 로 항해, 에 항해, 에서 항해, 에서 항공모함, 으로 항공모함, 는 항해, 와 항해, 가 항공모함, 를 항공모함, 을 항공모함, 로부터 항해, 와 항공모함"
실행,2609,13,28,50,"를 실행하고, 을 실행한다, 을 실행하기, 에서 실행하고, 을 실행할수, 에 실행할수, 를 실행하는, 로 실행할수, 를 실행할때, 으로 실행할수, 을 실행하는, 으로 실행하는, 에서 실행할수, 를 실행하기, 을 실행하고, 만 실행할수, 을 실행하면, 를 실행하거나, 를 실행하여, 에서 실행하기, 를 실행한다, 을 실행하였, 로 실행하는, 을 실행하거나, 을 실행하여, 을 실행했다, 을 실행하도록, 을 실행할때, 을 실행하려고, 를 실행할수, 를 실행했다, 을 실행하게, 을 실행할것, 도 실행할수, 를 실행하지, 를 실행하며, 가 실행할수, 를 실행함으로써, 에 실행하는, 을 실행한것, 으로 실행하기, 을 실행하려, 를 실행하면, 를 실행하였, 에서 실행하는, 를 실행하도록, 에서 실행한다, 을 실행하지, 을 실행함으로써, 를 실행하게"
녹음,2570,15,42,60,"을 녹음할수, 을 녹음하기, 를 녹음한다, 을 녹음했으며,, 을 녹음하고, 를 녹음하였, 으로 녹음하는, 을 녹음할때, 을 녹음했다, 을 녹음하였, 를 녹음할때, 을 녹음하는, 을 녹음했는데, 가 녹음한것, 를 녹음했다, 을 녹음했고, 에서 녹음하는, 를 녹음할수, 를 녹음하고, 를 녹음했고, 에 녹음했다, 를 녹음하던, 를 녹음하는, 을 녹음하여, 에 녹음했던, 에서 녹음하기, 을 녹음하던, 에 녹음하고, 을 녹음한다, 를 녹음했는데, 에서 녹음했고, 을 녹음한후, 를 녹음하기, 을 녹음하였으며, 으로 녹음했다, 을 녹음하면서, 가 녹음한곡, 에서 녹음했다, 을 녹음하게, 이 녹음했다, 에 녹음하여, 가 녹음했다, 를 녹음했지만, 를 녹음하여, 에서 녹음한음반, 을 녹음한것, 를 녹음한후, 를 녹음한것, 도 녹음했다, 에서 녹음한것, 을 녹음했던, 로 녹음하는, 로 녹음했다, 을 녹음했다고, 에서 녹음하였, 를 녹음하면서, 을 녹음했지만, 가 녹음하고, 가 녹음한노래, 가 녹음한〈"
구별,2563,13,21,52,"을 구별하는, 을 구별하지, 과 구별할수, 를 구별하고, 을 구별하기, 를 구별하기, 로 구별할수, 를 구별하는, 을 구별한다, 를 구별할수, 과 구별하기, 으로 구별하는, 으로 구별한다, 와 구별하는, 으로 구별할수, 으로 구별하여, 는 구별하기, 을 구별할수, 을 구별하여, 을 구별하고, 에 구별하기, 과 구별한다, 도 구별할수, 과 구별하여, 와 구별할수, 와 구별하기, 을 구별해내, 과 구별하고, 로 구별하는, 를 구별한다, 로 구별하여, 으로 구별하였, 와 구별하여, 은 구별할수, 과 구별하는, 를 구별하여, 를 구별해내, 는 구별한다, 로 구별한다, 를 구별하였, 를 구별하지, 을 구별했다, 로 구별하기, 과 구별하였, 는 구별하여, 와 구별한다, 으로 구별하고, 을 구별할필요, 으로 구별하기, 을 구별하였, 만 구별할수, 를 구별했다"
집중,2562,9,33,47,"에 집중한다, 만 집중하게, 에 집중해있, 에 집중했고, 에 집중하기, 에 집중하는, 에 집중했지만, 에 집중하고, 에 집중하였, 에 집중했으며,, 에 집중하면서, 에 집중하지, 에 집중하게, 에 집중하였으며, 에 집중하여, 에 집중할수, 에 집중했다, 만 집중하기, 에 집중하고자, 을 집중하여, 에 집중하면, 을 집중할수, 에 집중하도록, 이 집중하고, 을 집중하고, 에 집중하겠, 에 집중하며, 에 집중할것, 을 집중했다, 을 집중하는, 을 집중하였, 에 집중해야한다, 만 집중하는, 가 집중하고, 을 집중하기, 만 집중했다, 만 집중하고, 만 집중할수, 가 집중하는, 를 집중하여, 만 집중하여, 에 집중함으로써, 으로 집중하는, 만 집중하였, 에 집중하거나, 에 집중하려고, 에 집중해왔"
칭,2549,9,6,29,"로 칭하, 을 칭하, 으로 칭하, 을 칭할, 를 칭하, 라고 칭하, 라고 칭한, 이라고 칭하, 라고 칭했, 도 칭하, 을 칭함, 으로 칭했, 을 칭한, 를 칭할, 이라고 칭해, 를 칭했, 으로 칭함, 로 칭함, 로 칭할, 를 칭한, 로 칭했, 으로 칭해, 이라고 칭했, 을 칭했, 로 칭한, 으로 칭한, 로 칭해, 라고 칭해, 을 칭해"
침공,2536,10,48,59,"을 침공하고, 를 침공하고, 을 침공했다, 를 침공하며, 를 침공하면서, 을 침공하여, 을 침공하였, 을 침공하자, 를 침공하다, 에 침공하였, 를 침공하였, 을 침공하면서, 를 침공하자, 를 침공하였으나, 를 침공하지, 를 침공하여, 을 침공하는, 를 침공했다, 을 침공하기, 를 침공한다, 으로 침공하여, 가 침공해오, 으로 침공했다, 를 침공했을, 으로 침공하였, 로 침공하여, 를 침공하는, 를 침공해왔, 를 침공했고, 를 침공함으로써, 를 침공하고자, 이 침공해왔, 을 침공할때, 을 침공했고, 가 침공하자, 를 침공할때, 를 침공하였으며, 를 침공하기, 를 침공했지만, 에 침공하기, 를 침공한이후, 를 침공할수, 를 침공하게, 을 침공하게, 이 침공해오, 에 침공하여, 이 침공하여, 를 침공할것, 을 침공했지만, 을 침공했을, 에 침공했다, 를 침공한후, 을 침공하였으나, 을 침공한다, 를 침공한것, 를 침공한사건, 이 침공하자, 을 침공한것, 로 침공하였"
통제,2527,13,25,43,"을 통제하고, 의 통제하에, 을 통제하였, 를 통제하는, 를 통제하기, 를 통제했다, 가 통제하는, 을 통제했다, 을 통제할수, 을 통제하는, 을 통제하기, 가 통제할수, 을 통제하려고, 을 통제하였으며, 를 통제할수, 을 통제하며, 을 통제하지, 을 통제하던, 으로 통제하기, 으로 통제할수, 을 통제하려, 을 통제하게, 을 통제한다, 을 통제하려는, 를 통제하고, 을 통제하면서, 이 통제하고, 이 통제하는, 를 통제하여, 를 통제하였, 를 통제하게, 으로 통제하는, 를 통제하지, 을 통제하여, 를 통제한다, 이 통제할수, 를 통제함으로써, 으로 통제하고, 을 통제하거나, 를 통제하려는, 도 통제할수, 을 통제함으로써, 을 통제하고자"
주둔,2513,9,32,46,"에 주둔하고, 에 주둔하던, 에 주둔해있, 이 주둔하고, 에 주둔했고, 에 주둔하는, 에 주둔한제, 이 주둔해있, 에 주둔한미국, 이 주둔하는, 이 주둔하던, 에 주둔하면서, 가 주둔하고, 에 주둔하였, 에 주둔한다, 이 주둔하여, 에 주둔하게, 이 주둔하게, 에 주둔하여, 이 주둔하였, 이 주둔하면서, 가 주둔하던, 에 주둔하며, 에 주둔하기, 에 주둔했다, 에 주둔했던, 이 주둔하자, 에 주둔했었다, 에 주둔한미군, 에 주둔하였으며, 가 주둔하였, 에서 주둔하던, 에 주둔한일본군, 이 주둔하기, 가 주둔하는, 에 주둔하다가, 이 주둔했다, 에 주둔한영국, 가 주둔했다, 가 주둔해있, 에서 주둔하고, 에 주둔하자, 에 주둔할수, 에 주둔한독일군, 에 주둔한군대, 까지 주둔하였"
승인,2509,13,37,54,"를 승인하지, 을 승인하였, 이 승인하는, 을 승인하다, 을 승인한다, 로 승인하고, 로 승인하지, 으로 승인하였, 으로 승인하는, 를 승인하였, 을 승인하는, 을 승인한것, 를 승인하는, 을 승인하여, 을 승인해주, 을 승인했다, 로 승인하였, 을 승인하면서, 를 승인하여, 를 승인했고, 을 승인하고, 의 승인하에, 을 승인하기, 을 승인했지만, 을 승인했고, 에 승인하였, 를 승인했다, 을 승인한후, 가 승인하는, 로 승인하는, 을 승인해줄, 을 승인할수, 이 승인하였, 를 승인하고, 을 승인하지, 으로 승인했다, 가 승인하였, 을 승인하게, 을 승인했으며,, 을 승인하였으나, 을 승인하였으며, 을 승인하거나, 을 승인하도록, 은 승인하지, 이 승인하지, 가 승인하지, 을 승인했다고, 로 승인했다, 을 승인하며, 을 승인함으로써, 를 승인한것, 으로 승인하고, 를 승인한다, 를 승인하기"
는,2506,17,142,96,"에 는하나의, 에 는한일, 에 는한국철도, 에 는한국전쟁, 에 는한계가, 에서 는한자를, 에 는한국과, 에 는한쌍, 에서 는하나의, 에 는해당되, 에 는한국과학, 에 는한민당, 에서 는한명, 에 는하루에, 으로 는한계가, 에 는한개, 에 는한자동맹, 에서 는한국의, 에서 는한국어를, 에 는한국의, 에 는한번, 에서 는한국전쟁, 에 는하버드대학교, 에서 는한일, 에 는한국이, 에서 는하루에, 에서 는한달, 에 는하계올림픽, 에 는한국에서, 에게 는하나의, 에 는한시간, 에 는한·, 으로 는한강을, 에 는한국최초, 으로 는할수, 에서 는해마다, 에서 는한사람, 에 는해마다, 에서 는한해, 에서 는한번, 에 는한때, 에 는하라, 에 는한해, 으로 는하나의, 에 는하느님의, 에서 는하나님의, 에 는하루평균, 에 는한글로, 에서 는해커가, 에 는하나이상, 에 는한가지, 에 는한나라, 에 는한경기, 에 는한달, 에서 는한때, 에 는한반도에, 에서 는한나라, 부터 는하이브리드), 에서 는한개, 에 는해적, 에 는한차례, 에서 는한국어로, 에서 는하지, 에 는한국을, 에 는한신, 에 는한사람, 로 는한번, 에 는하루종일, 에 는한명, 까지 는하지, 에 는해군의, 에 는해당하, 에 는한자로, 에서 는한경기, 에서 는해트트릭, 에 는한국에, 에서 는할수, 에 는하늘을, 에서 는한국과, 에 는해당지역, 에 는한화이글스, 에 는한신타이거스, 에 는하지, 에 는한국,, 에서 는한신타이거스, 에 는한마리, 에서 는한신, 에서 는해당지역, 에 는한양대학교, 에 는한국프로, 에 는한쪽, 에서 는한국어더빙, 에 는함께하, 에서 는해안선을, 에 는함열단층, 에서 는하이퍼레스큐"
마감,2497,6,26,41,"을 마감했다, 을 마감하였, 를 마감하고, 로 마감했다, 을 마감한그, 을 마감한다, 을 마감하고, 을 마감하였으며, 로 마감하였, 을 마감하는, 을 마감하여, 를 마감하게, 을 마감하게, 을 마감했고, 를 마감하였, 으로 마감하였, 를 마감한다, 를 마감했다, 로 마감하여, 을 마감할때, 로 마감하며, 으로 마감했다, 로 마감했고, 로 마감하면서, 을 마감한후, 을 마감했지만, 을 마감한것, 로 마감하고, 로 마감하게, 으로 마감하고, 를 마감하는, 을 마감하기, 을 마감하며, 로 마감하는, 을 마감하자, 를 마감했고, 을 마감했으며,, 로 마감했는데, 로 마감하였으며, 을 마감하면서, 을 마감한팀"
주,2488,16,28,45,"와 주한, 도 주한, 은 주한, 에 주해, 과 주한, 도 주했다, 이 주한, 에 주한, 을 주한, 의 주한, 는 주한, 도 주하는, 도 주하기, 에서 주한, 도 주하, 도 주하였으나, 도 주할때, 가 주한, 로 주한, 부터 주한, 으로 주한, 도 주하여, 도 주한다, 도 주했고, 도 주하던, 도 주하고, 도 주하자, 이 주해, 을 주해, 까지 주한, 를 주한, 도 주하였으며, 도 주한것, 도 주해, 의 주해, 도 주했다는, 의 주력함, 도 주하게, 도 주하다가, 이 주하, 도 주하다, 도 주했다가, 도 주하려, 도 주했지만, 도 주할수"
탄생,2488,14,31,45,"가 탄생하였, 이 탄생하게, 이 탄생했다, 가 탄생하다, 이 탄생하였, 이 탄생하는, 가 탄생했다, 로 탄생하였, 이 탄생하기, 가 탄생하게, 가 탄생하는, 에서 탄생했다, 에 탄생하여, 으로 탄생하였, 이 탄생한것, 가 탄생한다, 이 탄생하여, 이 탄생한다, 가 탄생한것, 이 탄생한곳, 도 탄생했다, 이 탄생하였으며, 이 탄생하고, 가 탄생했다는, 에 탄생하였, 가 탄생했고, 가 탄생하고, 가 탄생하기, 으로 탄생하게, 에서 탄생한것, 이 탄생했다고, 에서 탄생하였, 으로 탄생했다, 이 탄생할수, 가 탄생하면서, 에 탄생했다, 이 탄생하면서, 가 탄생하였으며, 가 탄생할수, 로서 탄생했다, 가 탄생하여, 로 탄생했다, 이 탄생했고, 로 탄생하게, 으로 탄생하다"
탈락,2486,11,30,49,"로 탈락하였, 에서 탈락하였, 로 탈락하여, 이 탈락하고, 가 탈락했다, 에서 탈락하는, 에서 탈락했다, 으로 탈락하였, 에 탈락하였, 에서 탈락하여, 에서 탈락하고, 는 탈락하였, 은 탈락했다, 가 탈락하고, 에서 탈락한뒤, 에서 탈락한팀, 로 탈락하고, 이 탈락했다, 에서 탈락하게, 에서 탈락하면서, 로 탈락하는, 로 탈락했다, 에 탈락하고, 에 탈락했다, 에서 탈락하며, 에서 탈락했지만, 에서 탈락하자, 으로 탈락했다, 는 탈락했다, 에서 탈락했고, 에서 탈락했던, 이 탈락하게, 이 탈락한다, 가 탈락한다, 에서 탈락한것, 에서 탈락한다, 은 탈락한다, 에서 탈락한후, 에서 탈락한8, 에서 탈락한4, 에 탈락하는, 에서 탈락하기, 에서 탈락한조, 에서 탈락했기, 에서 탈락한이후, 에서 탈락하였으나, 는 탈락한다, 이 탈락하였, 이 탈락하는"
동의,2466,15,32,51,"에 동의하지, 으로 동의하였, 는 동의한다, 에 동의하였, 에 동의하는, 을 동의하였, 에 동의한다, 는 동의하지, 에 동의하고, 로 동의했다, 에 동의할수, 은 동의하지, 이 동의하지, 에 동의했고, 에 동의했다, 이 동의하는, 에 동의하면서, 에 동의하며, 에 동의할것, 는 동의했지만, 는 동의하고, 이 동의하고, 로 동의하였, 에 동의하지만, 가 동의하지, 도 동의하지, 에 동의하기, 에 동의하도록, 이 동의했다, 에 동의하여, 의 동의하에, 으로 동의했다, 에 동의한것, 에 동의했다고, 는 동의할수, 에 동의했지만, 는 동의하였, 에 동의했으며,, 도 동의하였, 에 동의한후, 는 동의했다, 로 동의한다, 이 동의한다, 에 동의하게, 로 동의했고, 도 동의했다, 이 동의하여, 으로 동의하지, 가 동의하는, 에 동의함으로써, 는 동의하지만"
진학,2458,8,31,41,"에 진학하였으며, 에 진학했다, 에 진학하여, 에 진학하지, 에 진학하기, 에 진학하는, 에 진학한다, 에 진학했지만, 에 진학하였, 으로 진학하였, 로 진학하여, 로 진학했다, 에 진학할수, 에 진학하고, 에 진학한뒤, 로 진학한다, 로 진학하였, 로 진학할수, 에 진학하였으나, 에 진학하게, 로 진학하면서, 에 진학하며, 에 진학하면서, 에 진학했으며,, 로 진학했고, 으로 진학하여, 에 진학했는데, 로 진학하게, 으로 진학했다, 에 진학하지만, 으로 진학한다, 에 진학해서는, 로 진학하는, 에 진학한후, 에 진학할때, 에 진학했고, 에 진학한이후, 에 진학할준비, 에 진학한그, 으로 진학하는, 에 진학했다가"
개선,2453,9,29,38,"를 개선하기, 를 개선하고, 을 개선하기, 을 개선하는, 으로 개선하고, 를 개선하며, 을 개선하고자, 을 개선할수, 를 개선하는, 으로 개선하였, 을 개선했다, 으로 개선하는, 을 개선한다, 를 개선하여, 를 개선할수, 를 개선했다, 을 개선하여, 을 개선하려는, 을 개선하고, 를 개선하지, 를 개선하였, 를 개선하려는, 을 개선하였으며, 을 개선하려고, 을 개선하거나, 으로 개선할수, 을 개선함으로써, 을 개선하도록, 을 개선하였, 을 개선한것, 을 개선하면서, 을 개선하며, 를 개선하고자, 를 개선한다, 을 개선하지, 로 개선하였, 를 개선하거나, 으로 개선한다"
극복,2445,12,29,37,"을 극복하는, 를 극복할수, 를 극복하였, 를 극복하고, 을 극복해내, 을 극복하며, 를 극복하는, 을 극복하고, 을 극복하기, 을 극복하지, 을 극복하도록, 를 극복하기, 을 극복하여, 을 극복하고자, 를 극복했다, 를 극복하지, 를 극복하고자, 를 극복하려는, 을 극복했다, 를 극복하며, 으로 극복할수, 을 극복할수, 을 극복하였, 를 극복하려고, 를 극복하여, 을 극복하려는, 을 극복하게, 을 극복해나가, 으로 극복하고, 를 극복하게, 을 극복해야한다, 을 극복하려고, 을 극복한다, 을 극복하면서, 를 극복한다, 을 극복해가, 으로 극복하는"
도모,2443,2,36,39,"을 도모함을, 를 도모하고자, 을 도모하여, 을 도모하였, 을 도모하기, 을 도모하고, 을 도모하게, 을 도모하였으나, 을 도모하려, 을 도모하는, 을 도모했지만, 를 도모하였, 을 도모하며, 를 도모하고, 을 도모하고자, 을 도모할수, 을 도모함과, 을 도모한다, 을 도모했다, 을 도모하면서, 을 도모함으로써, 를 도모했다, 를 도모하였으나, 를 도모하여, 를 도모하기, 을 도모하려는, 을 도모한것, 을 도모하다가, 을 도모하려고, 를 도모하다가, 를 도모하는, 을 도모하지만, 를 도모한다, 을 도모하도록, 를 도모할수, 을 도모할것, 을 도모할목적, 을 도모하지, 을 도모하자"
계획,2432,14,36,53,"을 계획했다, 을 계획하는, 를 계획하고, 를 계획하는, 를 계획했다, 을 계획했던, 로 계획했다, 을 계획한다, 을 계획하였, 을 계획하게, 을 계획하고, 를 계획하였, 를 계획하기, 를 계획했고, 이 계획하고, 을 계획하기, 를 계획하였으나, 를 계획했지만, 을 계획하며, 을 계획할수, 으로 계획했다, 로 계획하였으나, 로 계획하였, 을 계획하였으나, 을 계획할당시, 을 계획한것, 을 계획했지만, 가 계획했던, 를 계획하여, 를 계획한다, 으로 계획하고, 로 계획한다, 를 계획했다가, 을 계획하면서, 을 계획했고, 가 계획하고, 을 계획하였으며, 을 계획하여, 을 계획했을, 을 계획했으며,, 을 계획할때, 을 계획하지만, 도 계획하고, 을 계획했으나,, 이 계획했던, 을 계획했다는, 로 계획하고, 을 계획하던, 를 계획하면서, 의 계획하에, 에 계획했던, 을 계획하다가, 를 계획하게"
정복,2423,11,41,51,"를 정복하고, 를 정복하였, 를 정복하여, 를 정복하다, 를 정복했다, 을 정복하였, 을 정복하는, 을 정복하여, 을 정복하고, 를 정복하기, 를 정복할때, 를 정복한후, 를 정복하면서, 을 정복하면서, 를 정복하고자, 를 정복한것, 을 정복한뒤, 을 정복하며, 을 정복한다, 을 정복하였으며, 을 정복하게, 을 정복한후, 를 정복할수, 을 정복하기, 을 정복했다, 를 정복하는, 를 정복한뒤, 을 정복함으로써, 를 정복하려는, 를 정복하면, 를 정복하며, 을 정복할때, 를 정복함으로써, 을 정복한이후, 를 정복한다, 을 정복했고, 을 정복했던, 를 정복했을, 을 정복했을, 을 정복할수, 을 정복하려, 를 정복하려고, 를 정복하자, 를 정복한자, 를 정복했고, 를 정복한이후, 을 정복하려고, 를 정복했다고, 를 정복하려, 을 정복한것, 을 정복했다고"
방영,2418,12,44,64,"에서 방영했다, 에서 방영하기, 을 방영하였, 로 방영하였, 에서 방영하였, 를 방영했다, 에서 방영하는, 에서 방영하고, 을 방영하여, 에 방영한KBS, 에서 방영한드라마, 에서 방영한TV, 에 방영한MBC, 에 방영한드라마, 을 방영한다, 를 방영하는, 에 방영했다, 에 방영한SBS, 까지 방영한문화방송, 에 방영했으며,, 으로 방영했다, 까지 방영하였, 을 방영하기, 를 방영한다, 까지 방영했다, 에 방영하였, 를 방영하고, 을 방영했다, 부터 방영하고, 으로 방영하였, 를 방영하였, 에 방영하는, 까지 방영하고, 에 방영하고, 으로 방영하는, 로 방영했다, 까지 방영한드라마, 에 방영한《, 을 방영하는, 까지 방영한SBS, 에서 방영한《, 까지 방영한KBS, 를 방영하기, 을 방영하고, 에서 방영한미국, 으로 방영하고, 까지 방영하였으며, 에 방영했고, 에 방영한대한민국, 에서 방영했던, 부터 방영하였, 에서 방영한시트콤, 에 방영했던, 까지 방영했던, 에서 방영한텔레비전, 로 방영하고, 에서 방영한프로그램, 에서 방영했으며,, 에서 방영한베스트, 까지 방영한일, 에서 방영한애니메이션, 까지 방영했으며,, 까지 방영한미국, 까지 방영한어린이"
활발,2417,18,41,56,"에 활발하게, 에서 활발한활동, 도 활발하다, 가 활발하다, 이 활발하였, 도 활발하게, 으로 활발하게, 이 활발해지, 를 활발하게, 이 활발하여, 이 활발하며, 에 활발한활동, 가 활발하고, 이 활발하고, 까지 활발하게, 이 활발하다, 이 활발했던, 의 활발한활동, 이 활발하게, 가 활발하게, 에서 활발하게, 을 활발하게, 과 활발하게, 도 활발하여, 로서 활발한활동, 도 활발해졌다, 으로 활발한활동, 부터 활발하게, 가 활발해졌다, 도 활발했다, 은 활발하게, 이 활발해졌고, 이 활발했다, 에서 활발한연구, 가 활발하였, 가 활발해지, 이 활발해진다, 이 활발한곳, 도 활발한활동, 이 활발해졌다, 이 활발하던, 이 활발했고, 까지 활발한활동, 로 활발하게, 과 활발한교류, 이 활발하지, 는 활발하게, 가 활발했던, 이 활발한활화산, 도 활발한편, 로 활발한활동, 의 활발한교류, 가 활발하여, 로서 활발하게, 이 활발한지역, 가 활발해졌고"
착용,2416,14,38,63,"을 착용하거나, 을 착용해야한다, 에 착용한다, 이 착용했던, 을 착용하였, 를 착용하고, 를 착용하는, 가 착용했던, 을 착용했다, 를 착용했고, 을 착용해야하, 을 착용한다, 을 착용하게, 를 착용하게, 을 착용하고, 를 착용하기, 를 착용해야한다, 을 착용하는, 를 착용할수, 를 착용하며, 를 착용한다, 으로 착용한다, 에 착용하는, 를 착용하지, 을 착용하지, 를 착용했다, 을 착용하기, 을 착용한채, 에서 착용하는, 으로 착용하는, 이 착용하는, 를 착용함으로써, 을 착용하도록, 가 착용하는, 를 착용하였, 을 착용한모습, 에 착용하고, 을 착용했고, 을 착용하여, 을 착용할수, 에 착용했던, 를 착용하여, 을 착용하였으며, 를 착용하도록, 가 착용하고, 를 착용하면, 을 착용하며, 를 착용한채, 이 착용한다, 을 착용한상태, 을 착용한것, 에 착용하기, 를 착용한모습, 을 착용하면, 으로 착용했다, 를 착용하였으며, 는 착용하지, 를 착용한상태, 에 착용할수, 를 착용한것, 이 착용하고, 를 착용할것, 를 착용했으며,"
만족,2409,12,34,47,"을 만족해야한다, 을 만족하는, 을 만족하는지, 를 만족하는, 을 만족하게, 을 만족하면, 을 만족함을, 를 만족한다, 을 만족한다, 를 만족해야한다, 가 만족하는, 으로 만족하는, 를 만족하지, 에 만족하지, 을 만족할때, 에 만족하는, 에 만족하였, 을 만족하지, 는 만족하지, 에 만족하며, 도 만족하지, 을 만족하도록, 을 만족할경우, 을 만족하기, 에 만족하고, 에 만족해야만, 를 만족하도록, 으로 만족하지, 을 만족한다:, 를 만족하고, 를 만족하면, 을 만족할수, 이 만족할만, 을 만족하여야, 으로 만족해야했, 에 만족해야했, 을 만족하며, 을 만족하고, 을 만족하면서, 이 만족하는, 에 만족했다, 에 만족하여, 을 만족하므로, 에 만족한다, 에 만족했지만, 을 만족한다고하, 에 만족할수"
조절,2403,8,18,30,"을 조절하기, 을 조절하는, 를 조절한다, 을 조절하여, 을 조절한다, 를 조절하는, 을 조절하고, 을 조절해주, 을 조절할수, 을 조절함으로써, 를 조절하기, 를 조절하게, 을 조절하며, 를 조절할수, 까지 조절할수, 를 조절하여, 를 조절함으로써, 으로 조절한다, 으로 조절하는, 으로 조절할수, 를 조절하고, 를 조절하거나, 를 조절하였, 을 조절하거나, 를 조절하며, 을 조절하게, 로 조절할수, 를 조절하지, 을 조절하지, 도 조절할수"
격파,2396,8,27,46,"을 격파하다, 를 격파하다, 를 격파하면서, 를 격파하였, 을 격파하고, 을 격파했다, 를 격파하고, 을 격파하였으나, 을 격파하였, 에서 격파했다, 를 격파했다, 을 격파하여, 으로 격파하고, 으로 격파하였, 에서 격파하여, 를 격파하여, 을 격파하기, 을 격파한것, 를 격파한후, 을 격파한뒤, 을 격파한다, 에서 격파하고, 를 격파하였으나, 을 격파하였으며, 을 격파함으로써, 을 격파하며, 를 격파하는, 을 격파했고, 를 격파하며, 에서 격파하였, 를 격파한뒤, 를 격파하기, 을 격파할수, 를 격파한다, 을 격파하는, 로 격파하며, 를 격파할수, 로 격파하고, 을 격파한후, 을 격파하면서, 를 격파하였으며, 를 격파했고, 을 격파하자, 을 격파한전투, 로 격파했다, 으로 격파했다"
선포,2389,10,29,41,"을 선포하였으나, 을 선포하고, 을 선포하면서, 을 선포하여, 을 선포하였, 을 선포할때, 을 선포할수, 를 선포했다, 을 선포했다, 으로 선포하였, 로 선포하였, 을 선포하게, 을 선포하다, 를 선포하여, 를 선포하고, 를 선포하였으며, 를 선포하였, 을 선포하며, 을 선포한다, 을 선포하는, 로 선포했다, 으로 선포하고, 을 선포하기, 으로 선포했다, 을 선포했고, 로 선포하고, 을 선포한이후, 을 선포한후, 을 선포하였으며, 을 선포하지, 을 선포했지만, 을 선포하자, 를 선포하면서, 을 선포했으나,, 를 선포하며, 를 선포한다, 를 선포하는, 을 선포함으로써, 을 선포한것, 을 선포했으며,, 을 선포한뒤"
감독,2388,9,27,47,"의 감독하에, 을 감독하며, 을 감독하기, 을 감독하였으며, 을 감독하는, 을 감독한다, 를 감독했고, 를 감독하며, 을 감독하던, 를 감독하기, 가 감독하고, 를 감독하였, 을 감독하면서, 가 감독하는, 를 감독하게, 를 감독하고, 가 감독했다, 이 감독하고, 을 감독하였, 이 감독하였, 을 감독하고, 를 감독하는, 를 감독한다, 이 감독하는, 을 감독하게, 을 감독했다, 가 감독한이, 이 감독한영화, 가 감독하였으며, 가 감독한영화, 가 감독하였, 이 감독했다, 을 감독한것, 가 감독했고, 를 감독하여, 을 감독하여, 를 감독했다, 가 감독한《, 가 감독한미국, 이 감독한뮤직, 을 감독했고, 이 감독했고, 이 감독한《, 가 감독했으며,, 가 감독한뮤직, 이 감독하였으며, 를 감독했으며,"
배출,2388,10,31,47,"를 배출해내, 을 배출했다, 을 배출하였, 로 배출한다, 을 배출하는, 를 배출하는, 를 배출했고, 을 배출하였으며, 를 배출할수, 을 배출해냈다, 을 배출하면서, 을 배출했고, 를 배출한다, 을 배출하고, 을 배출하며, 를 배출하였, 를 배출하고, 를 배출하지, 를 배출하여, 을 배출하여, 를 배출하기, 을 배출하기, 를 배출했다, 을 배출할수, 을 배출한가문, 를 배출했으며,, 를 배출하게, 를 배출하며, 을 배출해낸, 를 배출하였으며, 을 배출한다, 을 배출하지, 를 배출해낸, 을 배출했으며,, 을 배출해내, 을 배출하게, 을 배출한것, 도 배출하지, 을 배출했는데, 로 배출하는, 으로 배출한다, 을 배출해왔, 를 배출한것, 를 배출한가문, 을 배출해냈, 으로 배출하는, 에서 배출하는"
회복,2382,16,36,55,"를 회복하고, 을 회복하는, 을 회복할수, 을 회복하지, 을 회복하고, 를 회복하는, 을 회복했다, 를 회복했고, 을 회복하여, 을 회복하게, 을 회복했고, 을 회복한자, 를 회복하였, 을 회복하기, 를 회복하기, 로 회복하는, 을 회복한것, 를 회복한다, 을 회복한후, 을 회복하였, 를 회복하지, 를 회복하고자, 를 회복할수, 를 회복했다, 을 회복할것, 으로 회복하였, 을 회복할때, 을 회복하고자, 을 회복하려고, 를 회복하게, 을 회복하면서, 로 회복하였, 을 회복하였으나, 를 회복하며, 를 회복한것, 를 회복하여, 을 회복했지만, 을 회복하려는, 을 회복한다, 에서 회복하여, 를 회복하였으나, 에서 회복하기, 으로부터 회복하는, 에서 회복하는, 를 회복하려고, 를 회복하겠, 을 회복하자, 를 회복하려, 을 회복한뒤, 을 회복하였으며, 을 회복하며, 에서 회복하고, 에서 회복하지, 를 회복하려는, 을 회복하려"
부정,2376,14,29,40,"은 부정할수, 을 부정한다, 도 부정할수, 으로 부정하고, 은 부정했다, 을 부정하고, 을 부정했다, 를 부정하지, 를 부정하고, 를 부정하는, 을 부정하지, 을 부정하는, 을 부정하였, 를 부정했다, 을 부정하면서, 을 부정하기, 를 부정하면서, 를 부정하며, 을 부정하여, 를 부정한다, 를 부정하거나, 을 부정할수, 으로 부정하는, 를 부정하였, 을 부정하며, 을 부정한것, 을 부정하게, 를 부정하게, 를 부정하기, 를 부정한것, 을 부정함으로써, 을 부정하였으며, 을 부정했고, 을 부정하거나, 를 부정하여, 은 부정하고, 를 부정했지만, 를 부정했고, 를 부정할수, 과 부정한성교"
결심,2376,3,26,31,"로 결심하였, 로 결심하고, 로 결심한다, 로 결심했다, 을 결심했다, 을 결심했다고, 을 결심하였, 을 결심하지만, 를 결심한다, 을 결심한다, 을 결심하게, 을 결심하고, 를 결심하고, 로 결심하여, 을 결심한것, 로 결심했지만, 를 결심했다, 를 결심하게, 로 결심한것, 로 결심했고, 로 결심하다, 을 결심했고, 로 결심했다고, 를 결심하였, 로 결심하는데, 을 결심하여, 을 결심하기, 로 결심하지만, 로 결심하게, 로 결심한날, 을 결심하는"
그,2375,18,36,50,"는 그해, 에 그해, 로 그함수는, 은 그해, 과 그해의, 에서 그해의, 은 그해의, 은 그해8, 를 그리워하, 가 그해, 로 그해, 을 그리워하, 가 그해에, 과 그해, 는 그해의, 는 그해말, 는 그해에, 을 그리워했, 이 그해의, 으로 그해, 은 그해12, 이 그해, 는 그해7, 는 그해12, 은 그해7, 부터 그해, 에 그해에, 는 그해9, 은 그해말, 는 그해5, 는 그해여름, 을 그해, 를 그리워했, 를 그해, 는 그해11, 에게 그해, 에서 그해, 은 그해에, 도 그해, 도 그해에, 로 그해에, 은 그해10, 는 그해10, 와 그해, 으로 그해에, 는 그해8, 은 그해11, 의 그해, 이 그하나이, 는 그해이긴"
분리,2366,18,31,54,"을 분리하였, 을 분리하지, 을 분리하는, 에서 분리하여, 을 분리하여, 에서 분리하고, 으로 분리하여, 로 분리하였, 를 분리한다, 으로 분리하였, 으로 분리한것, 를 분리할수, 를 분리하기, 로 분리한다, 로 분리하여, 으로 분리하고, 으로 분리한다, 을 분리했다, 로 분리하는, 를 분리해내, 과 분리하여, 을 분리하고, 에서 분리하는, 을 분리하기, 으로 분리할수, 를 분리하여, 을 분리할수, 로 분리할수, 는 분리하여, 으로부터 분리하여, 를 분리하고, 로 분리하고, 를 분리하였, 을 분리한다, 로 분리했다, 으로 분리하는, 를 분리한후, 으로 분리했다, 와 분리하여, 를 분리하는, 으로부터 분리하는, 으로 분리하기, 을 분리해내, 과 분리하는, 에서 분리하였, 로부터 분리하는, 에서 분리할수, 를 분리했다, 를 분리하지, 로부터 분리하여, 에 분리하여, 에서 분리한다, 을 분리한후, 에서 분리한쇄설"
합의,2358,14,31,43,"에 합의하다, 에 합의했고, 가 합의하여, 에 합의했다고, 로 합의하였, 를 합의하였, 으로 합의하였, 에 합의했다, 에 합의하고, 에 합의하였, 의 합의하에, 에 합의하는, 로 합의했다, 을 합의하여, 이 합의하여, 을 합의하였, 로 합의했고, 로 합의하면서, 로 합의했으며,, 에 합의하여, 을 합의하고, 으로 합의했다, 에 합의하면서, 과 합의하여, 에 합의하였으며, 에 합의하였으나, 로 합의한것, 로 합의하였으나, 로 합의했다고, 에 합의하지, 에 합의한다, 로 합의하고, 에 합의하며, 로 합의하여, 와 합의하여, 을 합의했다, 과 합의했다, 도 합의했다, 로 합의한다, 에 합의함에, 에 합의했으며,, 로 합의하였으며, 로 합의했지만"
해석,2353,18,35,50,"으로 해석할수, 를 해석하는, 으로 해석하였, 로 해석할수, 로 해석하는, 를 해석하여, 을 해석하는, 으로 해석함으로써, 을 해석하여, 로 해석하기, 을 해석하고, 를 해석한것, 로 해석하여, 로 해석한다, 으로 해석하는, 를 해석할때, 로 해석하였, 으로 해석하기, 으로 해석하고, 로 해석하고, 로 해석했다, 을 해석하였, 을 해석하기, 으로 해석하면, 으로 해석했다, 을 해석한것, 에서 해석한다, 를 해석하기, 으로 해석하여야, 으로 해석하여, 를 해석하고, 도 해석할수, 을 해석할수, 를 해석할수, 으로 해석한다, 으로 해석하려는, 을 해석할때, 을 해석하면, 으로 해석하지, 으로 해석하며, 로 해석하면, 를 해석하면, 을 해석함으로써, 으로 해석한것, 를 해석한다, 으로 해석하였으며, 에서 해석하고, 에서 해석하는, 을 해석하는데, 로 해석하므로"
사임,2350,14,32,66,"을 사임하면서, 을 사임했다, 에 사임했다, 을 사임하고, 을 사임하였, 가 사임한뒤, 로 사임했다, 을 사임했으며,, 를 사임하고, 를 사임했다, 에서 사임했다, 가 사임했다, 이 사임했다, 이 사임하고, 가 사임하고, 를 사임하였, 으로부터 사임하였, 에서 사임하였, 는 사임하였, 에 사임하였, 가 사임하면서, 에서 사임하고, 이 사임하면서, 을 사임하자, 로 사임하고, 이 사임하였, 에 사임하고, 이 사임한후, 이 사임하는, 이 사임하자, 을 사임하는, 을 사임했고, 에서 사임했고, 을 사임하여, 에서 사임하자, 가 사임한이후, 으로서 사임하였, 로 사임하였, 을 사임한다, 으로 사임했다, 을 사임한후, 에 사임한뒤, 으로 사임하였, 을 사임한뒤, 가 사임하자, 가 사임하였, 은 사임하고, 가 사임한후, 가 사임함에, 에서 사임하면서, 을 사임하게, 는 사임하고, 에서 사임한후, 은 사임했다, 으로 사임하자, 을 사임한것, 은 사임하였, 에 사임할때, 에서 사임한뒤, 에 사임했고, 로부터 사임하였, 에 사임한후, 을 사임하였으며, 는 사임했다, 로 사임하자, 으로 사임하고"
표,2349,4,18,23,"를 표했, 를 표해, 을 표하, 를 표할, 을 표하기, 를 표한, 를 표하지, 를 표하여, 를 표하는, 을 표했, 을 표할, 를 표하기, 를 표하며, 를 표하였, 을 표하는, 을 표한, 를 표하고, 를 표하, 을 표하였, 를 표하면서, 를 표함, 를 표한다"", 의 표해"
영입,2345,12,32,54,"으로 영입하였, 로 영입하였, 를 영입하여, 를 영입하였, 을 영입하려, 에 영입하였, 을 영입하기, 으로 영입하면서, 을 영입하는, 을 영입하여, 을 영입하였, 를 영입할것, 를 영입하고, 으로 영입했다, 을 영입하면서, 을 영입했다, 을 영입한다, 로 영입하여, 을 영입하게, 로 영입하고, 을 영입했고, 을 영입하고, 을 영입하며, 를 영입하면서, 를 영입하기, 으로 영입하는, 로 영입했다, 를 영입했다, 를 영입한것, 로 영입했고, 를 영입했다고, 를 영입했지만, 로 영입하며, 를 영입하는, 를 영입하였으며, 을 영입하였으며, 를 영입하지, 로 영입하면서, 를 영입하게, 에 영입했다, 를 영입할수, 를 영입하며, 를 영입한다, 로 영입한다, 을 영입하였으나, 를 영입하려고, 를 영입하려, 으로 영입하여, 를 영입했는데, 을 영입한후, 를 영입했고, 로 영입하는, 에서 영입하였, 를 영입할예정"
강,2340,17,17,32,"를 강하, 이 강했, 이 강해, 을 강한, 의 강하고, 가 강해, 가 강했, 에서 강하게, 와 강하게, 에 강해, 으로 강하, 에 강하, 에서 강하고, 이 강했으나,, 는 강해, 를 강한, 로 강했, 의 강함과, 에 강했, 으로 강해, 의 강하, 이 강하, 이 강했으며,, 로 강하, 의 강함을, 로 강해, 은 강해, 에 강함, 의 강습상륙함, 에서 강하, 는 강하, 과 강하게"
완성,2325,12,33,51,"를 완성했다, 을 완성했다, 을 완성하는, 을 완성했는데, 에 완성한것, 를 완성하는, 을 완성하였, 를 완성하였, 을 완성한다, 을 완성하여, 을 완성했고, 를 완성한다, 으로 완성했다, 을 완성하지, 을 완성하였으며, 을 완성하기, 에 완성하였, 를 완성하였으며, 가 완성했다, 을 완성하고, 를 완성했고, 를 완성하고, 을 완성할수, 를 완성하여, 을 완성한것, 에 완성했다, 를 완성하게, 를 완성하기, 을 완성할계획, 을 완성했다고, 에 완성하고, 을 완성했지만, 을 완성한후, 를 완성했다고, 을 완성했다는, 에 완성하여, 을 완성하게, 으로 완성하였, 를 완성한것, 를 완성한후, 이 완성하였, 가 완성하였, 를 완성하지, 를 완성하면, 를 완성할수, 은 완성하였, 로 완성했다, 가 완성해,, 이 완성한음악, 을 완성하면서, 을 완성하면"
밀접,2323,13,10,29,"을 밀접하게, 와 밀접한관계, 와 밀접하게, 와 밀접한연관, 도 밀접한관계, 와 밀접한관련, 과 밀접한관련, 에 밀접한관계, 과 밀접하게, 과 밀접한연관, 과 밀접한관계, 에 밀접하게, 의 밀접한관계, 의 밀접한관련, 은 밀접하게, 도 밀접하게, 는 밀접한관계, 는 밀접한관련, 이 밀접하게, 도 밀접한연관, 도 밀접한관련, 에 밀접한관련, 가 밀접하게, 은 밀접한관계, 으로 밀접하게, 를 밀접하게, 으로 밀접한관계, 은 밀접한관련, 는 밀접하게"
확대,2318,10,42,58,"를 확대하여, 을 확대하는, 으로 확대할수, 를 확대하고, 을 확대하여, 를 확대하였, 을 확대하면, 을 확대하였, 을 확대했다, 로 확대하는, 으로 확대하였, 로 확대하기, 으로 확대하면서, 로 확대하여, 을 확대하고, 을 확대하고자, 을 확대한것, 를 확대하면서, 을 확대한다, 을 확대해나가, 을 확대해나갔, 을 확대하기, 을 확대해갔, 으로 확대하고, 을 확대하면서, 까지 확대하여, 으로 확대했다, 를 확대했다, 까지 확대하고, 를 확대하는, 를 확대한다, 으로 확대하는, 을 확대했고, 로 확대했다, 을 확대하며, 을 확대하려, 을 확대하게, 을 확대해가, 를 확대할수, 까지 확대했다, 로 확대하고, 를 확대한모습, 를 확대한것, 을 확대할수, 를 확대하기, 으로 확대하기, 로 확대하였, 을 확대함으로써, 을 확대할것, 까지 확대하였, 을 확대하였으며, 을 확대할계획, 으로 확대하여, 을 확대한모습, 을 확대하려는, 를 확대하며, 를 확대하고자, 를 확대해서보"
선호,2293,11,27,37,"를 선호했다, 을 선호한다, 가 선호하는, 를 선호하는, 이 선호하는, 을 선호하는, 를 선호하였, 을 선호하였, 을 선호하게, 를 선호하게, 을 선호하는데, 를 선호하며, 를 선호하지, 을 선호했다, 에서 선호하는, 를 선호하기, 를 선호한다, 으로 선호하는, 을 선호하지만, 을 선호하며, 을 선호했기, 을 선호하고, 을 선호했고, 을 선호하지, 을 선호하기, 을 선호할수, 을 선호했던, 이 선호한다, 를 선호하고, 을 선호하면서, 을 선호하여, 를 선호하여, 을 선호했지만, 를 선호하지만, 를 선호했고, 를 선호하면서, 를 선호했던"
전공,2266,2,25,30,"를 전공했고, 을 전공하였, 을 전공하게, 을 전공하고, 를 전공하여, 을 전공하기, 을 전공했지만, 을 전공하며, 을 전공하다가, 을 전공했으며,, 을 전공했고, 을 전공하면서, 을 전공했다, 을 전공하는, 을 전공하였으며, 을 전공한다, 을 전공하던, 를 전공하는, 을 전공하였으나, 을 전공한그, 을 전공하여, 을 전공한뒤, 를 전공했다, 를 전공하였, 를 전공하고, 을 전공했으나,, 을 전공한후, 을 전공하다, 를 전공했으며,, 를 전공하였으며"
근거,2255,5,13,14,"에 근거하여, 에 근거하고, 에 근거하는, 에 근거한것, 에 근거해,, 에 근거한다, 에 근거하며, 에 근거하지, 에 근거하면, 에 근거하였, 을 근거하여, 에 근거했다, 에 근거한처분, 에 근거한견해"
변화,2253,16,27,63,"는 변화하는, 이 변화하면, 가 변화할때, 가 변화하는, 으로 변화하면서, 이 변화할수, 으로 변화하는, 이 변화함에, 로 변화하는, 가 변화하게, 로 변화하였, 가 변화한다, 로 변화한다, 으로 변화한다, 이 변화하는, 가 변화하였, 가 변화하기, 으로 변화하고, 으로 변화한것, 으로 변화하기, 로 변화하게, 은 변화하는, 으로 변화할수, 이 변화하여, 이 변화하지, 가 변화한것, 로 변화하고, 가 변화하여, 은 변화하지, 이 변화하며, 이 변화한다, 으로 변화하였, 도 변화한다, 의 변화하는, 이 변화하고, 이 변화하면서, 로 변화하여, 까지 변화한다, 가 변화하면서, 으로 변화하며, 로 변화했다, 으로 변화하게, 에서 변화하는, 으로 변화했다, 는 변화하지, 이 변화하였, 이 변화하기, 이 변화하게, 가 변화함에, 가 변화하고, 으로 변화하여, 이 변화했다, 로 변화할수, 으로 변화해갔, 에 변화하는, 로 변화하면서, 로 변화하기, 으로 변화해왔, 은 변화하고, 로 변화한것, 에서 변화한것, 로 변화하며, 이 변화한것"
촉진,2253,3,18,25,"을 촉진하기, 를 촉진하기, 를 촉진한다, 을 촉진하였, 을 촉진하는, 를 촉진하고, 를 촉진하는, 을 촉진함으로써, 을 촉진하며, 을 촉진한다, 을 촉진했다, 를 촉진할수, 을 촉진하여, 를 촉진함으로써, 를 촉진하여, 을 촉진할수, 을 촉진하고, 를 촉진하며, 를 촉진하였, 를 촉진할것, 을 촉진할것, 을 촉진하게, 를 촉진했다, 을 촉진하고자, 을 촉진하거나"
동,2251,16,6,24,"에서 동해, 과 동해, 로 동해, 은 동해, 는 동중국해, 에 동해, 으로 동해, 의 동해, 이 동하, 을 동해, 는 동해, 은 동중국해, 와 동해, 이 동할, 가 동해, 이 동한, 이 동해, 도 동해, 까지 동해, 를 동해, 부터 동해, 와 동중국해, 는 동하, 은 동하"
봉,2244,9,7,21,"으로 봉하, 에 봉함, 에 봉해, 에 봉했, 에 봉하, 로 봉한, 를 봉하, 으로 봉했, 을 봉하, 으로 봉해, 로 봉하, 로 봉해, 을 봉한, 로 봉했, 에 봉한, 을 봉했, 으로 봉함, 으로 봉한, 을 봉해, 에게 봉했, 에게 봉하"
구입,2236,16,39,54,"을 구입했다, 도 구입할수, 으로 구입하여, 으로 구입할수, 를 구입했다고, 를 구입한다, 에서 구입하여, 를 구입했다, 에서 구입하는, 을 구입할수, 를 구입하기, 를 구입하고, 를 구입하였, 을 구입하여, 을 구입하였, 를 구입할수, 을 구입하는, 을 구입할때, 에 구입할수, 을 구입한뒤, 를 구입하여, 를 구입하는, 에 구입하여, 으로 구입하는, 을 구입하기, 를 구입하면서, 에서 구입하였, 을 구입해야한다, 을 구입한후, 으로 구입했다, 에서 구입할수, 을 구입하고, 로 구입할수, 을 구입하면서, 을 구입하지, 을 구입하면, 를 구입할때, 을 구입했고, 을 구입하게, 만 구입할수, 을 구입하거나, 를 구입했고, 에 구입했다, 에서 구입했다, 를 구입하거나, 을 구입한것, 를 구입하지, 를 구입하면, 이 구입하여, 에서 구입하면, 을 구입한다, 를 구입한후, 을 구입했다고, 에 구입하였"
노래,2229,20,25,42,"을 노래하는, 이 노래하는, 를 노래하다, 을 노래하다, 에 노래하는, 에서 노래하는, 을 노래한다, 을 노래한것, 를 노래한다, 을 노래하고, 을 노래한곡, 에서 노래하고, 를 노래했다, 로 노래하고, 를 노래하였, 로 노래하는, 을 노래했다, 를 노래하는, 으로 노래하고, 으로 노래하는, 를 노래한것, 이 노래하고, 을 노래하였, 을 노래하여, 을 노래하라, 는 노래하는, 에서 노래했다, 로 노래했다, 를 노래하고, 을 노래하기, 을 노래하자, 가 노래하고, 을 노래하며, 으로 노래했다, 를 노래하며, 로 노래한다, 의 노래하나얘기, 가 노래하는, 의 노래하는, 을 노래한시, 으로 노래하였, 을 노래한〈"
대비,2218,7,22,27,"를 대비하여, 에 대비하여, 에 대비하였, 을 대비하기, 에 대비했다, 와 대비하여, 과 대비하여, 를 대비하기, 에 대비하라, 에 대비한것, 에 대비하기, 에 대비하고, 에 대비하게, 에 대비해,, 을 대비하여, 을 대비하는, 에 대비할것, 에 대비하지, 에 대비하고자, 을 대비하고, 에 대비할수, 에 대비하는, 를 대비하는, 에 대비하도록, 에 대비한다, 에 대비하면서, 에 대비해야한다"
다시,2212,19,11,20,"은 다시한번, 는 다시한번, 에게 다시한번, 으로 다시한번, 에 다시한번, 가 다시한번, 을 다시한번, 에서 다시한번, 로 다시한번, 도 다시한번, 이 다시한번, 를 다시한번, 까지 다시한번, 과 다시한번, 와 다시한번, 을 다시한다, 를 다시하고, 으로써 다시한번, 을 다시하고, 에 다시한번더"
지불,2205,12,41,59,"를 지불하고, 을 지불해야하, 를 지불하기, 을 지불하지, 을 지불하고, 을 지불하며, 를 지불하였, 을 지불해야했, 를 지불한다, 을 지불했다, 를 지불하는, 를 지불하며, 을 지불하는, 을 지불하여, 를 지불해야한다, 을 지불하게, 를 지불할수, 를 지불했다, 을 지불해야한다, 에 지불하는, 을 지불하였, 을 지불하기, 을 지불할수, 을 지불한것, 을 지불하도록, 를 지불해야하, 를 지불하여, 을 지불하면, 을 지불하여야, 를 지불하지, 을 지불할것, 을 지불한다, 에 지불하고, 가 지불하는, 에게 지불하는, 를 지불해야했, 도 지불하지, 으로 지불하는, 를 지불하면서, 를 지불했고, 로 지불하는, 에 지불했다, 이 지불하는, 를 지불하면, 만 지불하면, 을 지불하거나, 을 지불했고, 을 지불해야함, 을 지불하겠, 로 지불하기, 로 지불해야한다, 을 지불할필요, 로 지불할수, 으로 지불할수, 을 지불하라는, 을 지불했다는, 을 지불했다고, 를 지불하라는, 은 지불하지"
상륙,2187,9,36,44,"에 상륙하여, 에 상륙한태풍, 으로 상륙했다, 에 상륙했다, 에 상륙했고, 에 상륙하다, 에 상륙하며, 에 상륙했을, 에 상륙하지, 에 상륙하였, 에 상륙하고, 에 상륙한것, 에 상륙하게, 에 상륙한뒤, 에 상륙할때, 에 상륙하는, 에 상륙한연합군, 이 상륙하여, 에 상륙하면서, 에 상륙하였으며, 가 상륙하기, 에 상륙한후, 에 상륙한직후, 에 상륙할수, 이 상륙하는, 이 상륙하였, 에 상륙한영국, 가 상륙하여, 에 상륙했다고, 이 상륙하기, 에 상륙하기, 에 상륙했던, 이 상륙하면서, 으로 상륙하였, 에 상륙한다, 이 상륙했다, 으로 상륙하여, 에 상륙한이후, 에 상륙하자, 에 상륙할것, 로 상륙했다, 에 상륙했지만, 로 상륙하였, 에 상륙한제"
다,2171,15,47,48,"을 다하겠, 을 다할수, 을 다할것, 을 다하며, 을 다하여, 을 다하는, 을 다하게, 을 다했고, 을 다했다, 를 다하는, 이 다하는, 을 다하고, 을 다하였, 을 다했지만, 를 다하기, 를 다하지, 을 다해왔, 이 다하고, 을 다해달, 를 다하여, 을 다하지, 이 다하여, 을 다하면, 을 다하기, 를 다할수, 이 다하면, 를 다하였, 를 다했다, 와 다하루키, 를 다할것, 이 다하지만, 를 다하고, 이 다할때, 이 다한것, 을 다했다고, 을 다하도록, 을 다함, 을 다하다, 을 다하였으나, 을 다하지만, 을 다해야한다, 을 다했던, 는 다할수, 을 다한다~, 를 다한것, 을 다해요리, 을 다한것, 을 다하고자"
주목,2165,16,31,50,"에 주목한다, 에 주목하는, 는 주목할만, 은 주목할만, 에 주목하고, 에 주목하여, 에 주목했다, 의 주목할만, 에서 주목할만, 에 주목하라, 을 주목했다, 을 주목하는, 에 주목하였, 을 주목해야한다, 에 주목할만, 에 주목하게, 도 주목했다, 에 주목했지만, 에 주목했고, 을 주목한다, 이 주목할만, 에서 주목할점, 를 주목하고, 을 주목하기, 을 주목하여, 를 주목하게, 에서 주목해야할, 에 주목할필요, 에 주목해야한다, 을 주목하게, 에 주목하며, 으로 주목할만, 도 주목할만, 을 주목하고, 로 주목할만, 에 주목하기, 를 주목했다, 을 주목하라, 을 주목하였, 에 주목하자, 에 주목하면서, 서 주목해야할, 에 주목해,, 가 주목하는, 에 주목하면, 에 주목해왔, 도 주목하였, 가 주목할만, 를 주목하였, 로서 주목할만"
억제,2162,8,22,29,"를 억제함으로써, 를 억제하고, 을 억제하는, 을 억제함으로써, 을 억제하기, 을 억제할수, 을 억제하고, 를 억제하지, 을 억제하지, 을 억제하고자, 을 억제하여, 를 억제하며, 을 억제하였, 를 억제하는, 을 억제한다, 을 억제하며, 를 억제하여, 으로 억제하는, 를 억제할수, 을 억제하면서, 을 억제했다, 를 억제하려는, 를 억제하기, 를 억제한다, 를 억제하려고, 을 억제하려는, 을 억제하려고, 을 억제하거나, 를 억제하거나"
취급,2155,15,23,52,"를 취급하는, 를 취급하고, 을 취급할수, 으로 취급하여, 으로 취급하는, 로 취급하지, 을 취급하는, 는 취급하지, 를 취급한다, 로 취급한다, 으로 취급하지, 으로 취급하였, 로 취급했다, 로 취급하는, 로 취급하였, 으로 취급했다, 으로 취급할수, 을 취급한다, 으로 취급한다, 로 취급하여, 으로 취급하기, 을 취급하고, 으로 취급하고, 을 취급하기, 로 취급하고, 로 취급하면, 을 취급하지, 로 취급할수, 으로 취급하며, 을 취급하였, 로 취급하기, 를 취급하였, 을 취급하여, 을 취급하던, 에서 취급하는, 로 취급하며, 만 취급한다, 을 취급하며, 처럼 취급하는, 를 취급하지, 를 취급했다, 에서 취급한다, 가 취급하는, 만 취급하는, 만 취급하고, 도 취급하고, 도 취급한다, 은 취급하지, 도 취급하는, 이 취급하는, 으로 취급하지만, 를 취급할수"
지도,2152,11,24,38,"의 지도하에, 을 지도하였, 를 지도하는, 을 지도하는, 이 지도하는, 을 지도한다, 을 지도하였으며, 을 지도했으며,, 를 지도하였, 을 지도하면서, 을 지도하여, 가 지도하던, 의 지도하에서, 을 지도했다, 을 지도하고, 를 지도하고, 가 지도하는, 을 지도할수, 을 지도했고, 를 지도할수, 으로 지도하는, 를 지도하며, 을 지도했는데, 를 지도하여, 를 지도하기, 를 지도했다, 을 지도하기, 을 지도했던, 로 지도하였, 을 지도하며, 을 지도하던, 이 지도하던, 을 지도하다가, 을 지도하게, 으로 지도하였, 를 지도하면서, 를 지도했던, 를 지도했고"
풍부,2147,16,50,51,"이 풍부하여, 이 풍부하게, 가 풍부하다는, 이 풍부하고, 이 풍부하다, 가 풍부하며, 이 풍부한곳, 은 풍부하고, 이 풍부했고, 를 풍부하게, 의 풍부함을, 가 풍부한혈액, 로 풍부한원소, 가 풍부하다, 이 풍부한지역, 도 풍부하며, 이 풍부해지, 이 풍부하다는, 이 풍부하며, 의 풍부함과, 이 풍부하지만, 가 풍부하여, 에 풍부하게, 가 풍부하고, 는 풍부하고, 을 풍부하게, 가 풍부하게, 이 풍부하면서, 도 풍부하여, 가 풍부하지, 이 풍부하기, 이 풍부하지, 도 풍부하다, 에서 풍부하게, 에 풍부하다, 이 풍부한식품, 이 풍부한것, 이 풍부하였, 도 풍부하고, 이 풍부한음식, 이 풍부한데,, 이 풍부했던, 이 풍부한편, 가 풍부한것, 의 풍부한역사, 이 풍부하다고, 이 풍부한사람, 가 풍부한지역, 도 풍부하게, 의 풍부하고, 이 풍부했다"
무,2140,16,15,36,"가 무한, 는 무한, 으로 무한, 의 무한, 에서 무한, 은 무한, 를 무한, 이 무한, 를 무서워하, 이 무제한, 의 무제한, 에 무한, 과 무한, 로 무한, 으로 무해, 의 무뢰한, 에 무제한, 가 무제한, 는 무제한, 은 무제한, 에게 무한, 로 무장하, 에 무해, 을 무한, 와 무한, 를 무제한, 을 무서워하, 으로 무장하, 이 무서워하, 을 무제한, 도 무한, 은 무해, 는 무해, 은 무기한, 에게 무해, 를 무기한"
보,2139,10,8,8,"으로 보한다, 의 보관함, 으로 보하, 으로 보할, 을 보하, 으로 보했다, 로 보한다, 로 보하"
지시,2132,13,29,44,"라고 지시했다, 를 지시하는, 를 지시하였, 을 지시하는, 을 지시하였, 을 지시한다, 을 지시하기, 를 지시한다, 에게 지시하여, 의 지시하에, 를 지시하기, 를 지시했고, 에 지시하여, 을 지시하여, 를 지시했다, 을 지시했다, 을 지시했고, 고 지시했다, 에 지시하였, 에게 지시했다, 을 지시하고, 을 지시한것, 을 지시했다고, 에게 지시하였, 을 지시했다는, 를 지시하고, 이 지시하는, 을 지시하였으며, 고 지시하였, 에 지시했다, 을 지시하며, 을 지시했으며,, 을 지시했지만, 을 지시하였으나, 를 지시하여, 을 지시하면서, 가 지시하는, 이 지시한것, 를 지시할수, 를 지시하지, 을 지시한혐의, 에게 지시하는, 를 지시한것, 을 지시할수"
촉구,2121,6,15,24,"을 촉구하는, 고 촉구했다, 를 촉구하는, 을 촉구했다, 를 촉구하고, 을 촉구하고, 를 촉구하며, 을 촉구했고, 를 촉구하기, 을 촉구하면서, 를 촉구했다, 을 촉구하여, 을 촉구하기, 을 촉구하였으며, 를 촉구하였, 을 촉구하였, 을 촉구하며, 을 촉구했지만, 를 촉구하면서, 에 촉구했다, 을 촉구했으며,, 을 촉구한다, 를 촉구한다, 을 촉구한다"""
유도,2106,12,26,35,"을 유도할수, 으로 유도할수, 를 유도하는, 으로부터 유도할수, 을 유도하여, 을 유도했다, 를 유도할수, 을 유도한다, 를 유도하였, 을 유도하였, 을 유도하는, 을 유도했다는, 를 유도하기, 를 유도하거나, 를 유도하여, 을 유도하고, 를 유도하고, 에서 유도할수, 을 유도하게, 을 유도하기, 로 유도할수, 을 유도하거나, 로 유도하는, 를 유도한다, 을 유도하며, 을 유도함으로써, 으로 유도하는, 를 유도하려는, 을 유도했고, 을 유도한것, 를 유도했다, 를 유도하며, 를 유도함으로써, 을 유도할때, 을 유도하면서"
침,2103,11,3,14,"을 침해, 를 침해, 는 침해, 을 침해받, 이 침하, 에 침해, 도 침해, 의 침해, 이 침해, 으로 침해, 가 침해, 은 침해, 를 침해받, 로 침해"
요,2101,16,4,24,"는 요한, 를 요하, 을 요하, 에서 요한, 에 요한, 와 요한, 은 요한, 가 요한, 의 요한, 과 요한, 의 요하, 는 요하, 도 요하, 이 요한, 으로 요한, 를 요한, 을 요한, 로 요한, 도 요한, 부터 요한, 으로 요하, 고 요함, 에 요하, 이 요하"
제정,2098,10,33,39,"을 제정하는, 을 제정하여, 을 제정하고, 을 제정할것, 을 제정하면서, 을 제정하였, 을 제정할수, 을 제정한다, 을 제정하며, 로 제정했다, 을 제정했고, 을 제정했다, 을 제정함으로써, 를 제정하는, 을 제정하기, 를 제정하고, 을 제정한것, 을 제정하였으며, 를 제정했다, 를 제정하여, 가 제정한법률, 을 제정하게, 를 제정하였, 로 제정하여, 로 제정하였, 을 제정하도록, 을 제정할때, 로 제정하는, 에서 제정한법률, 을 제정하지, 가 제정하였, 가 제정하는, 를 제정하기, 을 제정해,, 를 제정할수, 을 제정했지만, 가 제정한문학상, 이 제정하는, 을 제정했으며,"
관측,2087,13,36,56,"는 관측하기, 는 관측할수, 에서 관측할때, 을 관측하지, 을 관측할수, 를 관측하기, 을 관측함으로써, 를 관측하는, 으로 관측하였, 를 관측할수, 을 관측하는, 에서 관측하기, 을 관측한다, 를 관측했다, 을 관측하여, 을 관측하고, 를 관측하여, 을 관측한결과, 를 관측할때, 를 관측하면, 을 관측하기, 으로 관측하는, 을 관측할때, 에서 관측할수, 를 관측하였, 을 관측했고, 을 관측하면, 에 관측하기, 만 관측할수, 도 관측할수, 을 관측했다, 를 관측한결과, 을 관측한것, 를 관측하고, 에서 관측했을, 으로 관측할수, 을 관측했던, 를 관측했고, 을 관측했을, 으로 관측했다, 을 관측하였, 으로 관측하면, 을 관측한지진, 으로 관측한결과, 을 관측한지역, 을 관측한시구, 을 관측하던, 으로 관측하여, 을 관측했다고, 을 관측하려면, 에 관측할수, 로 관측할수, 을 관측한곳, 에서 관측한부분, 에서 관측한개기, 을 관측한도도"
항복,2079,13,43,68,"에 항복했다, 이 항복한후, 이 항복하면서, 이 항복함으로써, 에 항복하다, 에게 항복할것, 은 항복했고, 으로 항복하였, 은 항복했다, 에게 항복했다, 에게 항복하는, 에 항복하였, 에게 항복하였, 에 항복하여, 이 항복하지, 에 항복하고, 이 항복하였, 는 항복하지, 에게 항복하고, 이 항복하여, 에게 항복했고, 에 항복하게, 에 항복하면서, 이 항복하고, 까지 항복하지, 에게 항복하여, 에 항복할때, 은 항복하였, 은 항복하고, 에 항복하기, 는 항복하고, 가 항복하여, 가 항복하자, 으로 항복했다, 이 항복하자, 가 항복하면서, 이 항복했다, 에 항복했고, 이 항복한이후, 에 항복한다, 에 항복할것, 에게 항복한다, 이 항복하는, 는 항복하였, 에게 항복할때, 에서 항복하였, 이 항복하기, 에게 항복하면서, 에게 항복하기, 에게 항복한후, 에 항복하지, 에 항복하는, 는 항복했다, 에서 항복했다, 에게 항복하게, 에 항복한뒤, 에 항복했던, 가 항복할때, 에게 항복하지, 에게 항복한것, 이 항복할때, 에 항복하자, 은 항복하지, 가 항복하고, 가 항복한후, 에게 항복하자, 가 항복했다, 에 항복한후"
멸망,2072,12,27,48,"는 멸망하게, 으로 멸망한다, 이 멸망하고, 은 멸망했다, 가 멸망하고, 이 멸망하였, 이 멸망했다, 이 멸망한이후, 가 멸망한후, 가 멸망한지, 으로 멸망하였, 이 멸망하게, 는 멸망하였, 에 멸망한다, 에 멸망한나라, 이 멸망한뒤, 은 멸망하였, 는 멸망하고, 은 멸망하게, 가 멸망할때, 으로 멸망했다, 에 멸망하였, 에게 멸망하였, 가 멸망한뒤, 이 멸망한후, 가 멸망하자, 이 멸망할때, 가 멸망한이후, 는 멸망한다, 가 멸망하였, 이 멸망하기, 에 멸망했다, 가 멸망하게, 가 멸망하는, 은 멸망하고, 가 멸망하면서, 이 멸망하자, 는 멸망했다, 이 멸망하면서, 으로 멸망하고, 에 멸망하고, 가 멸망하여, 를 멸망하게, 은 멸망한다, 이 멸망하는, 가 멸망하기, 이 멸망하여, 가 멸망할것"
저장,2060,10,23,38,"로 저장하고, 를 저장해놓, 를 저장하기, 를 저장하고, 을 저장할수, 를 저장하는, 로 저장할수, 를 저장한다, 에 저장하여, 에 저장하는, 으로 저장한다, 을 저장하기, 을 저장하는, 에 저장하고, 로 저장하여, 을 저장하여, 로 저장하는, 을 저장한다, 를 저장할수, 에 저장하기, 에 저장한다, 을 저장해두, 를 저장하여, 을 저장하며, 으로 저장하는, 을 저장하고, 를 저장하거나, 로 저장한다, 까지 저장할수, 를 저장하였, 를 저장하며, 에 저장할수, 으로 저장할수, 을 저장하거나, 에 저장해두, 에 저장하거나, 를 저장하지, 을 저장하지"
서명,2055,12,30,38,"에 서명하였, 에 서명하다, 에 서명했다, 에 서명하여, 에 서명하게, 로 서명하였, 을 서명하였, 에 서명함으로써, 에 서명했을, 에 서명하지, 에 서명하는, 에 서명한것, 에 서명하였으며, 이 서명했다, 에 서명했지만, 에 서명하기, 에 서명했고, 에 서명하자, 으로 서명하였, 에 서명하고, 에 서명할것, 이 서명하고, 에 서명할때, 으로 서명했다, 에 서명했으며,, 에 서명하면서, 에 서명한다, 에 서명한후, 에 서명했는데, 에 서명한사람, 에 서명할수, 이 서명하였, 에 서명하도록, 에 서명했다고, 가 서명했다, 을 서명하는, 에 서명하며, 에 서명한20"
복무,2054,12,32,59,"로 복무하였, 으로 복무하고, 으로 복무하다가, 에서 복무했던, 에서 복무하였, 로 복무하던, 에서 복무했다, 으로 복무했다, 으로 복무했던, 으로 복무하였, 에서 복무하던, 에서 복무하는, 에서 복무했고, 에서 복무하며, 에 복무하며, 으로 복무한다, 에 복무하던, 에 복무하면서, 로 복무하다가, 으로 복무하면서, 으로 복무하며, 에 복무하였, 에 복무하는, 으로 복무하기, 으로 복무하던, 으로 복무했으며,, 으로 복무하여, 으로 복무하는, 에 복무하여, 으로 복무하였으며, 에서 복무하여, 로 복무했다, 에 복무하게, 로 복무하여, 로 복무했으며,, 에 복무했다, 로 복무하며, 에서 복무하기, 에 복무한군인, 에서 복무하면서, 에 복무하고, 에서 복무하였으며, 로 복무했던, 에 복무하기, 로 복무하였으며, 로 복무하고, 으로 복무한그, 으로 복무했고, 에서 복무하고, 로 복무했고, 으로 복무하게, 로 복무하다, 에서 복무했으며,, 에서 복무하다가, 에서 복무하게, 까지 복무했다, 로 복무하면서, 에서 복무한후, 에서 복무할수"
합,2050,12,7,19,"을 합하, 를 합하, 을 합한, 을 합해, 를 합해, 를 합한, 와 합하여, 가 합하, 까지 합하, 과 합하여, 에 합하, 이 합하, 과 합해, 이 합해, 가 합해, 까지 합한, 에 합해, 로 합하, 까지 합해"
설계,2043,9,28,56,"를 설계할수, 를 설계하는, 을 설계하고, 을 설계하는, 를 설계하고, 으로 설계하여, 이 설계했으며,, 을 설계하였, 가 설계했다, 을 설계할수, 을 설계하여, 가 설계하였, 을 설계했다, 를 설계하였으며, 을 설계하였으며, 이 설계했고, 이 설계한프로세서, 가 설계하여, 을 설계할때, 이 설계했다, 를 설계했고, 이 설계한것, 을 설계한다, 를 설계했다, 를 설계할때, 를 설계하였, 를 설계하기, 을 설계했고, 이 설계하였, 로 설계하였, 가 설계하고, 가 설계하였으며, 가 설계한이, 가 설계한것, 을 설계하기, 를 설계한것, 를 설계하여, 을 설계한것, 으로 설계하는, 이 설계하고, 에서 설계하고, 이 설계하였으며, 으로 설계하고, 가 설계했으며,, 을 설계한건축가, 으로 설계하였, 로 설계했다, 가 설계한건물, 을 설계했으며,, 를 설계한다, 으로 설계했다, 가 설계했고, 에서 설계했다, 을 설계했던, 이 설계한이, 이 설계한64"
치료,2037,12,31,36,"을 치료하는, 을 치료하기, 을 치료할수, 를 치료한다, 를 치료하는, 를 치료하기, 를 치료하고, 으로 치료하기, 을 치료해주, 을 치료하지, 로 치료할수, 으로 치료할수, 를 치료하지, 로 치료하는, 을 치료하고, 을 치료할때, 으로 치료한다, 를 치료할때, 을 치료하였, 를 치료해준, 를 치료할수, 를 치료하게, 을 치료하거나, 을 치료하게, 을 치료했다는, 을 치료하여, 을 치료한다, 을 치료했다, 을 치료하며, 를 치료하거나, 으로 치료하는, 를 치료해주, 로 치료한다, 를 치료하던, 을 치료하는데, 을 치료한후"
진압,2029,7,38,41,"를 진압하도록, 을 진압하기, 을 진압하러, 을 진압하려, 을 진압하지, 를 진압하였, 을 진압했고, 으로 진압하고, 으로 진압했다, 을 진압했다, 를 진압하고, 를 진압했다, 을 진압하고, 을 진압하게, 을 진압하였, 을 진압하면서, 을 진압하던, 를 진압하기, 을 진압하는, 을 진압한공로, 을 진압할수, 를 진압하려는, 을 진압한후, 을 진압한공, 를 진압하는, 을 진압한것, 을 진압한뒤, 을 진압하여, 을 진압하고자, 으로 진압하였, 을 진압하려고, 을 진압함으로써, 을 진압할때, 을 진압한다, 를 진압하던, 을 진압하며, 이 진압하였, 을 진압하려는, 를 진압하여, 를 진압하지, 를 진압하거나"
전사,2016,13,29,56,"이 전사하고, 에서 전사했다, 이 전사했다, 이 전사했다는, 이 전사했고, 이 전사하였, 가 전사하면서, 에서 전사하였, 은 전사하였, 는 전사했고, 가 전사하고, 가 전사하였, 도 전사하였, 에서 전사했고, 에서 전사하는, 이 전사하자, 가 전사하자, 이 전사한것, 도 전사했다, 에서 전사하고, 이 전사하는, 이 전사했다고, 는 전사함수이, 이 전사한다, 에서 전사한다, 이 전사하거나, 에 전사한다, 는 전사하고, 에 전사하였, 는 전사하였, 에서 전사하여, 는 전사했다, 은 전사하고, 이 전사하면서, 가 전사했다, 는 전사함수가, 에 전사하고, 은 전사했다, 에서 전사한것, 가 전사한다, 은 전사했고, 이 전사한후, 에서 전사한후, 에 전사했다, 이 전사하여, 가 전사했다는, 에서 전사하자, 으로 전사하였, 로 전사했다, 에서 전사했다고, 가 전사하는, 가 전사한후, 는 전사한다, 은 전사함수이, 으로 전사했다, 에서 전사하면서"
저,2011,12,3,17,"를 저해, 이 저하, 의 저하, 을 저해, 이 저해, 는 저하, 을 저하, 의 저해, 가 저하, 으로 저하, 으로 저해, 로 저하, 도 저하, 은 저하, 를 저하, 가 저해, 에 저해"
공헌,2010,7,23,26,"에 공헌한점, 에 공헌하였, 에 공헌하기, 에 공헌했다, 도 공헌했다, 에 공헌한자, 으로 공헌하였, 에 공헌할수, 에 공헌하는, 에 공헌하고, 에 공헌하였으며, 에 공헌한다, 에 공헌한것, 에 공헌한인물, 를 공헌했다, 에 공헌했고, 에 공헌했으며,, 에 공헌하여, 에 공헌했지만, 에 공헌한사람, 에 공헌하게, 도 공헌하였, 에 공헌하면서, 에 공헌함을, 에 공헌한뒤, 에 공헌하며"
개명,2007,9,20,31,"으로 개명하고, 로 개명하였, 로 개명했다, 로 개명한다, 으로 개명하였, 으로 개명했다, 로 개명하고, 으로 개명하면서, 로 개명하여, 으로 개명했고, 으로 개명한다, 으로 개명하였으며, 으로 개명했다가, 로 개명하면서, 로 개명하였으며, 으로 개명한것, 으로 개명함, 로 개명하게, 으로 개명하게, 을 개명하였, 으로 개명한뒤, 으로 개명하여, 을 개명했다, 을 개명하고, 로 개명했고, 으로 개명하기, 으로 개명한후, 로 개명했으며,, 에 개명했다, 을 개명하여, 으로 개명한이후"
적합,2007,16,34,41,"에 적합하도록, 에 적합하지, 에 적합하며, 도 적합하다, 에 적합한형태, 으로 적합하지, 에 적합하다는, 에 적합하다, 에 적합하여, 로 적합하다, 은 적합하지, 에 적합하게, 이 적합하다고, 는 적합하지, 로 적합하지, 에 적합한구조, 에 적합할수, 에 적합하다고, 이 적합하지, 에 적합하였, 에 적합한환경, 에 적합한인물, 에 적합한것, 에 적합하고, 에 적합했다, 가 적합하다, 에게 적합하다, 에 적합한곳, 이 적합하다, 에 적합해야한다, 으로 적합하다, 에 적합하지만, 가 적합하지, 에 적합하기, 에 적합한상태, 만 적합하다, 에 적합한장소, 에게 적합한콘텐츠, 에게 적합하며, 에 적합한방법, 에게 적합하지"
충돌,1990,12,37,69,"과 충돌하였, 가 충돌할때, 에 충돌하게, 가 충돌하면, 과 충돌하면서, 에 충돌하였, 에 충돌하여, 에 충돌했다, 이 충돌했다, 으로 충돌하여, 과 충돌하여, 으로 충돌하는, 가 충돌하여, 에 충돌하면서, 에서 충돌하였, 에 충돌하며, 가 충돌하였, 와 충돌하여, 과 충돌하고, 으로 충돌하였, 가 충돌했다, 와 충돌했다, 이 충돌하고, 이 충돌하여, 이 충돌한것, 에서 충돌하여, 와 충돌하였, 과 충돌할때, 이 충돌하는, 에 충돌할것, 과 충돌하게, 가 충돌하는, 와 충돌하는, 과 충돌하기, 과 충돌한다, 에 충돌하기, 이 충돌하며, 에 충돌하는, 에 충돌할때, 으로 충돌했다, 와 충돌하게, 가 충돌하면서, 과 충돌하는, 와 충돌할때, 에서 충돌하는, 이 충돌할때, 에 충돌하면, 와 충돌하며, 과 충돌하지, 과 충돌했고, 이 충돌하면서, 이 충돌하였, 에 충돌하고, 와 충돌하면서, 와 충돌하기, 과 충돌하거나, 과 충돌했다, 와 충돌한다, 와 충돌하지, 와 충돌하면, 에 충돌한다, 에서 충돌했다, 와 충돌하고, 에 충돌한우주선, 이 충돌하게, 와 충돌할가능, 와 충돌한후, 와 충돌했을, 가 충돌하기"
발,1989,19,7,36,"의 발해, 는 발트해, 의 발트해, 을 발하, 으로 발전함, 을 발할, 으로 발트해, 과 발트해, 와 발트해, 에 발트해, 은 발트해, 이 발해, 로 발전함, 이 발전함, 은 발해, 가 발해, 에 발해, 는 발해, 와 발해, 에서 발해, 과 발해, 으로 발해, 도 발해, 을 발해, 를 발해, 가 발하, 가 발전함, 을 발한, 을 발했, 를 발하, 에서 발트해, 로 발해, 에서 발하, 이 발트해, 가 발트해, 이 발하"
철수,1980,14,35,70,"을 철수하기, 를 철수하였, 에서 철수하는, 에서 철수하였, 에 철수했다, 으로 철수했다, 을 철수하였, 로 철수하면서, 에서 철수했다, 에서 철수하여, 에서 철수하면서, 이 철수하면서, 이 철수하기, 이 철수한뒤, 으로 철수할것, 은 철수하였, 을 철수했다, 을 철수하고, 를 철수하고, 를 철수하는, 에서 철수한후, 에서 철수하고, 이 철수하고, 에서 철수하기, 에서 철수할것, 로 철수하고, 으로 철수하고, 에서 철수하자, 이 철수하는, 으로 철수해야했, 이 철수하자, 에서 철수한다, 은 철수했다, 로 철수하였, 에서 철수했고, 에 철수하였, 에서 철수해야했, 이 철수한이후, 에서 철수하게, 로 철수했다, 으로 철수하였, 이 철수하였, 가 철수하는, 는 철수했다, 이 철수한후, 로 철수하여, 를 철수하기, 으로 철수할수, 를 철수했다, 을 철수하는, 가 철수하면서, 으로 철수하여, 이 철수할때, 으로 철수하면서, 에서 철수할때, 에서 철수했지만, 이 철수했다, 가 철수하고, 으로 철수하게, 으로 철수하기, 으로 철수하라는, 을 철수하면서, 에서 철수할수, 으로 철수하는, 는 철수하였, 에서 철수하라는, 에서 철수한뒤, 에 철수하게, 가 철수한후, 은 철수할수"
명확,1975,17,21,30,"은 명확하게, 는 명확하지, 이 명확하다, 가 명확하게, 은 명확하지, 을 명확하게, 는 명확하고, 는 명확하게, 를 명확하게, 으로 명확하게, 가 명확하지, 도 명확하지, 이 명확하게, 이 명확하지, 까지 명확하게, 도 명확하게, 은 명확하다, 에 명확하게, 이 명확해지, 가 명확하다, 에서 명확하게, 가 명확하고, 로 명확하게, 이 명확해졌다, 이 명확하고, 이 명확하며, 의 명확한구분, 와 명확하게, 과 명확하게, 가 명확하여"
명,1975,13,11,26,"를 명하, 을 명할, 을 명하, 을 명했다, 에게 명하, 에 명해, 에 명하, 에게 명해, 을 명했고, 으로 명하, 를 명했고, 을 명했지만, 로 명하, 을 명한것, 의 명함, 를 명함, 을 명한, 를 명했다, 이 명하, 에게 명함, 을 명했는데, 를 명할, 을 명했다고, 에게 명했다, 을 명함, 고 명하"
탈퇴,1969,13,33,62,"이 탈퇴하면서, 이 탈퇴하였, 가 탈퇴하고, 을 탈퇴하고, 에서 탈퇴하여, 을 탈퇴하였, 에서 탈퇴하고, 를 탈퇴하기, 를 탈퇴하였, 에서 탈퇴하였, 에 탈퇴하였, 에서 탈퇴하기, 에 탈퇴했다, 에서 탈퇴할것, 에서 탈퇴했다, 에서 탈퇴하게, 에서 탈퇴한뒤, 이 탈퇴했다, 에서 탈퇴하면서, 에 탈퇴하여, 가 탈퇴하여, 을 탈퇴하여, 를 탈퇴하고, 를 탈퇴한후, 에서 탈퇴한후, 를 탈퇴한이후, 를 탈퇴하면서, 을 탈퇴했다, 를 탈퇴했고, 를 탈퇴하게, 를 탈퇴했다, 가 탈퇴하면서, 이 탈퇴한후, 가 탈퇴하였, 를 탈퇴하여, 를 탈퇴하는, 에서 탈퇴했고, 에서 탈퇴한다, 이 탈퇴하고, 을 탈퇴하는, 가 탈퇴한후, 에서 탈퇴하는, 을 탈퇴한다, 이 탈퇴하여, 으로 탈퇴하였, 로 탈퇴하였, 를 탈퇴하자, 를 탈퇴하였으며, 을 탈퇴하게, 으로 탈퇴하고, 이 탈퇴하는, 에 탈퇴하고, 가 탈퇴했다, 을 탈퇴하면서, 으로 탈퇴했다, 를 탈퇴한다, 가 탈퇴한이후, 를 탈퇴한뒤, 에서 탈퇴한이후, 을 탈퇴했고, 로 탈퇴했다, 에 탈퇴함"
착수,1968,9,25,29,"에 착수했다, 에 착수하여, 을 착수하였, 에 착수한다, 에 착수했지만, 에 착수했으며,, 에 착수하였, 에 착수하게, 에 착수한것, 에 착수하면서, 에 착수하기, 에 착수하고, 에 착수했다고, 에 착수하였으며, 를 착수하였, 을 착수했다, 에 착수할때, 를 착수하여, 에 착수하였으나, 에 착수할수, 에 착수했고, 에 착수하는, 에 착수하지, 에 착수할것, 에 착수해,, 에 착수했는데, 를 착수했다, 에 착수한후, 에 착수하지만"
번역,1967,13,27,53,"로 번역한것, 이 번역한《, 를 번역한말, 로 번역하였, 을 번역하여, 을 번역한것, 을 번역하면서, 으로 번역하였, 을 번역하고, 로 번역하는, 로 번역한다, 로 번역하기, 로 번역할수, 로 번역하게, 로 번역하고, 을 번역했다, 을 번역하였, 로 번역하여, 를 번역한것, 으로 번역했다, 로 번역하면, 으로 번역하는, 로 번역할때, 으로 번역하기, 를 번역하면서, 으로 번역하고, 를 번역하는, 으로 번역하여, 를 번역하여, 으로 번역한다, 로 번역했다, 을 번역할때, 을 번역하는, 를 번역하고, 을 번역하기, 로 번역하면서, 가 번역한것, 를 번역할수, 도 번역한다, 으로 번역한것, 를 번역하였, 로 번역한책, 가 번역한『, 가 번역하여, 이 번역하여, 가 번역한《, 를 번역하면, 에서 번역하여, 가 번역하고, 로 번역했고, 를 번역했다, 이 번역한것, 으로 번역할수"
남,1963,18,18,49,"로 남하, 와 남해, 에서 남한, 는 남한, 으로 남한, 이 남한, 은 남한, 가 남한, 가 남하, 으로 남하, 는 남중국해, 까지 남한, 의 남한, 에서 남하, 은 남하, 이 남하, 은 남한지역, 에 남한, 은 남북한, 까지 남하, 를 남하, 이 남북한, 으로 남북한, 에서 남북한, 에 남북한, 는 남북한, 의 남북한, 는 남해, 은 남중국해, 도 남한, 는 남하, 으로 남중국해, 의 남하, 을 남하, 에 남하, 과 남한, 로 남한, 과 남중국해, 을 남한, 로 남북한, 은 남해, 의 남해,, 의 남중국해, 에서 남중국해, 가 남중국해, 이 남중국해, 의 남해대모, 는 남해군수, 에 남중국해"
해야,1947,15,39,44,"을 해야한다, 을 해야하므로, 을 해야했다, 을 해야한다고주장, 으로 해야하는, 이 해야할일, 을 해야하는가, 도 해야한다, 를 해야하며, 을 해야하는데, 을 해야한다"", 을 해야하며, 를 해야한다, 을 해야하는, 을 해야하고, 을 해야하는지, 를 해야하는, 를 해야한다"", 을 해야했고, 을 해야한다고생각, 에서 해야할일, 을 해야할정도, 를 해야하고, 를 해야했다, 로 해야한다, 을 해야한다는것, 을 해야하기, 을 해야할것, 을 해야할때, 에 해야할101, 으로 해야한다, 을 해야했던, 가 해야할일, 를 해야한다는것, 를 해야하지만, 를 해야하기, 을 해야했기, 를 해야했고, 를 해야한다고주장, 을 해야했으며,, 를 해야하는데, 를 해야할것, 를 해야했으며,, 를 해야할이"
경유,1947,8,17,25,"를 경유하여, 을 경유하여, 를 경유하는, 을 경유하며, 을 경유한후, 을 경유하지, 을 경유하는, 을 경유한다, 을 경유하기, 을 경유해야한다, 를 경유하며, 를 경유해야한다, 를 경유하게, 을 경유하게, 을 경유하고, 를 경유한다, 를 경유하지, 를 경유하기, 를 경유하고, 을 경유하던, 을 경유했다, 을 경유하도록, 을 경유하면서, 를 경유했다, 이 경유하고"
반복,1946,15,30,38,"를 반복하다가, 을 반복하는, 을 반복하여, 를 반복한다, 를 반복하여, 를 반복하면, 을 반복하였, 으로 반복하는, 을 반복하면, 이 반복하여, 를 반복하면서, 까지 반복한다, 을 반복하게, 을 반복했다, 을 반복하면서, 을 반복할수, 을 반복하며, 을 반복하고, 을 반복한다, 를 반복하며, 를 반복했다, 을 반복했지만, 을 반복하다가, 를 반복하였, 을 반복하거나, 를 반복하는, 을 반복하기, 을 반복하지, 을 반복할때, 를 반복하고, 를 반복할수, 을 반복했고, 을 반복함으로써, 을 반복하다, 를 반복했고, 를 반복하지, 를 반복하게, 를 반복하다"
심각,1945,21,71,70,"은 심각하게, 의 심각한문제, 도 심각하다, 을 심각하게, 는 심각하게, 이 심각해지, 에 심각한문제, 가 심각하게, 도 심각한피해, 이 심각하여, 는 심각한수준, 이 심각하게, 에 심각한영향, 가 심각하여, 가 심각하다는, 이 심각해졌다, 도 심각하게, 에 심각한부상, 는 심각한문제, 는 심각했다, 가 심각해지, 에서 심각하게, 이 심각했던, 는 심각한타격, 에 심각한타격, 도 심각한문제, 이 심각한상황, 에 심각하게, 를 심각하게, 이 심각한사회, 가 심각하다, 이 심각했다, 에 심각한손상, 은 심각한수준, 이 심각하다, 은 심각한피해, 로 심각한피해, 으로 심각한피해, 가 심각한수준, 에서 심각한문제, 은 심각한문제, 에게 심각한부상, 는 심각한피해, 이 심각한문제, 가 심각했다, 이 심각한수준, 으로 심각하게, 은 심각했다, 에 심각한피해, 로 심각하게, 이 심각한피해, 의 심각한부작용, 이 심각하다는, 은 심각한부상, 가 심각한피해, 의 심각함을, 가 심각한문제, 에서 심각한피해, 에 심각한악영향, 이 심각한상태, 에서 심각한부상, 에 심각한장애, 가 심각한손상, 에 심각한위협, 이 심각한부상, 은 심각한손상, 에게 심각한피해, 는 심각한부상, 의 심각한부상, 은 심각한경제"
채용,1943,10,24,40,"로 채용하고, 를 채용하고, 을 채용했다, 를 채용하여, 를 채용하기, 을 채용하면서, 를 채용했다, 를 채용했고, 을 채용한것, 을 채용하였, 을 채용하여, 로 채용하였, 을 채용하고, 을 채용한다, 을 채용함으로써, 를 채용하는, 를 채용하였, 로 채용했다, 을 채용하였으며, 으로 채용하였, 으로 채용했다, 를 채용한것, 으로 채용하는, 을 채용하는, 를 채용하지, 를 채용한다, 로 채용하여, 으로 채용하고, 으로 채용하여, 를 채용하면서, 을 채용하게, 를 채용했으며,, 로 채용하는, 을 채용했으며,, 을 채용하기, 도 채용하고, 를 채용하였으며, 를 채용했기, 을 채용하지, 를 채용해,"
견,1942,9,1,9,"의 견해, 는 견해, 와 견해, 에 견해, 마다 견해, 과 견해, 으로 견해, 이나 견해, 이 견해"
꾀,1933,3,6,11,"을 꾀했, 을 꾀한, 을 꾀하, 를 꾀한, 를 꾀하, 를 꾀해, 를 꾀했, 을 꾀함, 을 꾀할, 을 꾀해, 를 꾀할"
확실,1933,17,21,36,"를 확실하게, 가 확실하지, 은 확실하지, 을 확실하게, 이 확실하다, 도 확실하게, 은 확실하며, 는 확실하지, 은 확실하게, 으로 확실하게, 이 확실하지, 는 확실하게, 도 확실하지, 이 확실해졌다, 은 확실하다, 가 확실하다, 이 확실한것, 로 확실하게, 은 확실해보인다, 이 확실하게, 이 확실해지, 은 확실한것, 에 확실하게, 이 확실하다고, 은 확실하지만, 에서 확실하게, 까지 확실하게, 가 확실해지, 가 확실하게, 은 확실하나, 이 확실하다는, 가 확실하며, 은 확실하다고, 가 확실하고, 이 확실하며, 가 확실하여"
개통,1931,12,34,48,"을 개통하여, 가 개통하였, 이 개통하였, 이 개통하다, 이 개통했다, 이 개통하면서, 으로 개통하였, 가 개통했다, 을 개통하였, 에 개통했으며,, 에 개통하였, 가 개통하면서, 를 개통하였, 에 개통할예정, 를 개통하여, 이 개통하면, 에 개통하였으며, 를 개통했다, 까지 개통하였, 로 개통하였, 이 개통함에, 이 개통하고, 이 개통하기, 으로 개통하면서, 으로 개통했다, 를 개통하면서, 가 개통하여, 에 개통했다, 을 개통하고, 이 개통하여, 이 개통하는, 이 개통했고, 에 개통하여, 을 개통했다, 이 개통한후, 이 개통한이후, 이 개통했을, 이 개통함, 이 개통함으로, 이 개통할때, 가 개통하기, 에 개통하면서, 로 개통했다, 이 개통해,, 에 개통했고, 에 개통한이, 이 개통한지, 을 개통했을"
확립,1929,7,26,39,"을 확립하기, 을 확립했다, 를 확립한것, 을 확립하는, 을 확립하고, 을 확립하려는, 으로 확립하였, 를 확립하였, 을 확립함으로써, 를 확립하고, 을 확립하였, 를 확립하려고, 을 확립하였으며, 를 확립하기, 를 확립했고, 을 확립하게, 를 확립하였으며, 을 확립한것, 를 확립하는, 를 확립했다, 를 확립할것, 을 확립하여, 를 확립하게, 을 확립하지, 을 확립할수, 를 확립하면서, 을 확립하고자, 를 확립하고자, 를 확립한다, 을 확립한다, 를 확립하여, 를 확립할수, 을 확립하려, 를 확립함으로써, 으로 확립했다, 를 확립하지, 을 확립하며, 을 확립했고, 을 확립함*"
재개,1929,8,29,35,"를 재개한다, 를 재개했다, 을 재개하였, 를 재개하기, 을 재개할수, 을 재개했다, 를 재개하였, 을 재개하여, 을 재개하는, 을 재개한다, 를 재개하여, 을 재개하기, 을 재개하고, 을 재개하게, 을 재개했으나,, 을 재개했으며,, 를 재개하고, 을 재개하였으며, 를 재개했고, 을 재개할것, 을 재개하겠, 을 재개했지만, 을 재개하며, 을 재개한것, 을 재개하자, 을 재개하지, 을 재개했고, 을 재개할예정, 를 재개했지만, 을 재개하였으나, 을 재개했는데, 을 재개해,, 을 재개하면서, 를 재개할수, 를 재개하는"
비난,1914,12,24,39,"를 비난하고, 를 비난하는, 을 비난하는, 을 비난하였, 으로 비난하였, 이라고 비난했다, 를 비난하며, 을 비난하고, 를 비난했다, 고 비난하였, 을 비난했다, 을 비난하며, 를 비난하기, 을 비난했지만, 를 비난하면서, 을 비난했고, 라고 비난했다, 를 비난하였, 를 비난했고, 으로 비난하고, 고 비난했다, 을 비난하자, 라고 비난하는, 을 비난하기, 을 비난하여, 을 비난한다, 으로 비난하기, 으로 비난하는, 로 비난하였, 으로 비난했다, 을 비난했으며,, 을 비난한것, 라고 비난하였, 을 비난하면서, 이라고 비난하였, 를 비난한다, 를 비난했지만, 를 비난하지, 로 비난했다"
호소,1881,9,28,38,"을 호소했다, 고 호소했다, 를 호소하기, 를 호소했다, 을 호소하는, 을 호소하고, 을 호소하였, 을 호소하며, 을 호소한다, 을 호소하기, 에게 호소하는, 에 호소하여, 에게 호소하였, 를 호소했고, 을 호소하면서, 를 호소하였, 을 호소했고, 에 호소하는, 을 호소할수, 를 호소하면서, 를 호소하여, 에 호소하고, 에게 호소하여, 을 호소했지만, 를 호소하는, 을 호소하였으나, 에게 호소했다, 에 호소하였, 를 호소하고, 에 호소한다, 을 호소하여, 을 호소하다, 을 호소하자, 를 호소하며, 에게 호소하기, 에 호소했다, 을 호소했으며,, 에게 호소했지만"
동원,1881,10,26,31,"을 동원하여, 를 동원하고, 를 동원하여, 에 동원하여, 를 동원하는, 을 동원하는, 에 동원하였, 을 동원하였, 까지 동원하여, 을 동원할수, 을 동원한것, 을 동원하면서, 을 동원했고, 에 동원할수, 를 동원했다, 을 동원하며, 에 동원하는, 를 동원하며, 을 동원해이, 을 동원하기, 을 동원하고, 을 동원한다, 를 동원할수, 를 동원하였, 까지 동원하였, 로 동원하여, 을 동원하였으며, 을 동원했다, 를 동원하기, 에 동원하기, 를 동원했고"
오,1874,20,6,30,"로 오해, 는 오해, 이 오해, 은 오해, 으로 오해, 를 오해, 을 오해, 의 오해, 가 오해, 은 오호츠크해, 의 오하, 에게 오해, 은 오하, 처럼 오해, 을 오하, 에 오하, 으로 오하, 에서 오하, 과 오하, 는 오호츠크해, 에 오해, 를 오하, 와 오해, 는 오하, 와 오하, 과 오해, 라고 오해, 에서 오해, 도 오해, 부터 오호츠크해"
조성,1873,9,33,45,"을 조성하고, 를 조성하고, 을 조성하였, 으로 조성하여, 를 조성할수, 을 조성한다, 를 조성하였, 을 조성하는, 을 조성했다고, 를 조성했다, 를 조성하기, 를 조성하며, 을 조성하기, 을 조성하여, 을 조성했고, 으로 조성하였, 를 조성한다, 를 조성하여, 를 조성할계획, 로 조성하였, 을 조성할계획, 을 조성하면서, 를 조성하는, 을 조성했다, 를 조성한것, 를 조성할때, 를 조성하면서, 에 조성하였, 로 조성하여, 을 조성하게, 를 조성하게, 을 조성했다는, 을 조성하였으며, 을 조성할수, 을 조성했으며,, 을 조성할때, 을 조성한것, 을 조성하고자, 이 조성한것, 을 조성하며, 를 조성하였으며, 에 조성한것, 으로 조성하는, 에 조성하여, 에서 조성하여"
인접,1869,14,21,34,"와 인접한다, 는 인접해있, 과 인접한다, 와 인접해있, 에 인접하여, 과 인접해있, 이 인접해있, 에 인접해있, 와 인접한지역, 와 인접하고, 에 인접한곳, 에 인접하고, 과 인접하며, 도 인접해있, 에 인접한다, 가 인접해있, 과 인접한곳, 과 인접하고, 은 인접하는, 와 인접하는, 과 인접한지역, 에 인접하는, 과 인접하여, 에 인접했던, 이 인접하여, 이 인접하고, 는 인접하는, 으로 인접하는, 와 인접하여, 으로 인접하고, 에 인접한도시, 에 인접한지역, 으로 인접해있, 와 인접한곳"
위협,1867,7,24,34,"를 위협하는, 을 위협하는, 을 위협할수, 을 위협했다, 를 위협하자, 을 위협하여, 를 위협했다, 를 위협하게, 를 위협하였, 을 위협하였, 를 위협하면서, 을 위협하자, 를 위협하여, 을 위협하기, 을 위협하고, 를 위협하던, 을 위협한다, 를 위협했고, 를 위협하고, 을 위협할정도, 을 위협하며, 를 위협할수, 을 위협하지, 을 위협하게, 를 위협한다, 을 위협할것, 를 위협할정도, 으로 위협하는, 을 위협하던, 를 위협하기, 을 위협하거나, 으로 위협하여, 을 위협했고, 를 위협하며"
주최,1863,11,28,37,"이 주최한', 을 주최하였, 에서 주최하고, 를 주최하였, 에서 주최하는, 이 주최하는, 을 주최하는, 가 주최하는, 를 주최하는, 이 주최하고, 에서 주최한‘, 가 주최한', 를 주최했다, 가 주최한제, 을 주최한다, 를 주최한다, 의 주최하에, 가 주최하여, 을 주최하고, 가 주최한다, 가 주최하고, 을 주최하기, 이 주최한다, 를 주최하기, 를 주최하고, 에서 주최하며, 을 주최했다, 에서 주최한제, 를 주최하여, 가 주최하며, 에서 주최한', 이 주최하며, 에서 주최한다, 이 주최하여, 가 주최한한국, 에서 주최한걸, 가 주최한파리"
구현,1855,9,29,40,"를 구현하기, 을 구현하고, 을 구현하는, 을 구현한다, 을 구현하였, 으로 구현한것, 를 구현하는, 으로 구현하기, 를 구현하고, 로 구현할수, 로 구현하는, 을 구현할때, 를 구현한것, 으로 구현하고, 를 구현할수, 을 구현한것, 을 구현했다, 를 구현했다, 을 구현할수, 를 구현한다, 를 구현하였, 을 구현하기, 으로 구현할수, 으로 구현해내, 을 구현하고자, 으로 구현하는, 를 구현하여, 를 구현하고자, 을 구현하며, 을 구현하여, 을 구현하지, 를 구현할때, 을 구현함으로써, 를 구현하며, 으로 구현했다, 로 구현한것, 에 구현하는, 으로 구현하여, 에서 구현하는, 으로 구현한다"
방어,1853,13,30,39,"를 방어했다, 을 방어하던, 으로부터 방어하기, 을 방어하기, 를 방어하는, 으로 방어하기, 를 방어하기, 을 방어할수, 를 방어하였, 를 방어하던, 을 방어하고, 이 방어하고, 을 방어하다가, 를 방어하고, 을 방어했고, 을 방어하면서, 으로 방어하고, 이 방어하는, 으로부터 방어하는, 을 방어할것, 을 방어하였, 을 방어한다, 을 방어하는, 으로 방어했다, 으로 방어하였, 으로 방어할수, 를 방어할수, 을 방어했다, 로부터 방어하기, 을 방어하도록, 을 방어하게, 를 방어하며, 을 방어하거나, 가 방어하고, 을 방어하지, 을 방어하며, 를 방어한다, 가 방어하는, 을 방어하려고"
수집,1850,12,27,29,"를 수집하는, 을 수집하고, 를 수집하고, 를 수집할때, 를 수집할수, 를 수집하기, 를 수집하였, 를 수집했다, 을 수집하여, 을 수집하면서, 을 수집했다, 를 수집하여, 를 수집한다, 를 수집하며, 을 수집하기, 을 수집하는, 를 수집했고, 을 수집한다, 을 수집하였, 으로 수집하고, 이 수집한정보, 으로 수집하는, 을 수집할수, 으로 수집하여, 에서 수집한정보, 를 수집한후, 을 수집하거나, 를 수집하거나, 을 수집했고"
득점,1836,11,22,28,"도 득점하지, 을 득점하였, 을 득점했다, 을 득점하여, 를 득점하고, 를 득점하여, 를 득점하였, 으로 득점하였, 을 득점하는, 에서 득점하였, 을 득점했으며,, 을 득점하였으나, 을 득점했고, 을 득점했는데, 을 득점하면서, 을 득점하며, 을 득점하고, 을 득점한것, 에서 득점한최초, 을 득점하였으며, 을 득점하기, 로 득점하였, 를 득점하는, 을 득점한의, 에서 득점하며, 에 득점하였, 로 득점하며, 에서 득점하여"
탈출,1834,14,45,69,"을 탈출하여, 에서 탈출하려고, 을 탈출한다, 을 탈출하고, 에서 탈출하는, 이 탈출하여, 가 탈출하여, 에서 탈출하여, 으로 탈출하기, 를 탈출하였, 으로 탈출하는, 을 탈출할수, 로 탈출하는, 를 탈출하여, 에서 탈출했다, 으로 탈출하였, 으로 탈출했다, 에서 탈출하였, 로 탈출하기, 를 탈출할수, 를 탈출하고, 로 탈출하여, 를 탈출할때, 을 탈출하지, 으로 탈출한다, 에서 탈출하기, 를 탈출하기, 으로부터 탈출하는, 에서 탈출할수, 이 탈출하는, 를 탈출했다, 를 탈출하는, 을 탈출하였, 을 탈출하는, 로 탈출하였, 에서 탈출하려는, 에 탈출하여, 으로 탈출했고, 으로 탈출하고, 에서 탈출한이후, 을 탈출했고, 를 탈출한다, 은 탈출하여, 을 탈출했다, 로 탈출할수, 에서 탈출한다, 으로 탈출하여, 을 탈출하기, 가 탈출하는, 를 탈출했고, 를 탈출하게, 에서 탈출하게, 으로 탈출하게, 을 탈출할때, 이 탈출할수, 로 탈출하고, 에서 탈출하지, 에서 탈출한뒤, 이 탈출하기, 으로 탈출할수, 에서 탈출하고, 로 탈출했다, 에서 탈출하려, 에서 탈출할때, 로 탈출한다, 을 탈출하게, 에서 탈출한사람, 이 탈출했다, 는 탈출하여"
상실,1818,10,37,35,"을 상실하고, 을 상실할경우, 를 상실하였, 를 상실하게, 을 상실한채, 을 상실하게, 을 상실하였, 을 상실한경우, 을 상실하면서, 을 상실하여, 를 상실하고, 을 상실하기, 을 상실한다, 을 상실했다, 을 상실하자, 을 상실하였으나, 을 상실했다고, 을 상실하였으며, 를 상실한다, 를 상실했다, 을 상실하는, 를 상실했고, 을 상실할수, 을 상실한것, 을 상실한후, 을 상실했고, 를 상실하는, 를 상실하여, 을 상실하지, 를 상실한채, 을 상실한상태, 을 상실했기, 를 상실함, 을 상실했지만, 을 상실하며"
입사,1811,5,24,25,"에 입사했다, 에 입사하여, 에 입사하면서, 에 입사하기, 에 입사하였, 으로 입사하여, 에 입사한뒤, 으로 입사했다, 로 입사하였, 로 입사했다, 로 입사하여, 에 입사했으며,, 에 입사한이후, 로 입사했으며,, 에 입사하는, 에 입사한다, 에 입사한후, 에 입사하였으며, 에 입사하게, 로 입사하였으며, 으로 입사하였, 에 입사했고, 에 입사하고, 에 입사했으며현재, 로 입사했으며한국"
표명,1810,8,22,32,"를 표명하면서, 을 표명하면서, 를 표명했다, 을 표명하기, 을 표명하고, 을 표명했다, 를 표명하기, 을 표명하였, 를 표명하였, 를 표명하였으며, 를 표명했고, 를 표명하며, 을 표명하며, 를 표명하는, 를 표명하고, 을 표명했고, 를 표명하였으나, 를 표명하여, 을 표명하는, 을 표명했지만, 을 표명했으며,, 를 표명했지만, 를 표명했으며,, 을 표명하지, 을 표명한다, 을 표명한것, 를 표명하자, 를 표명한다, 를 표명한것, 을 표명하여, 를 표명하지, 으로 표명했다"
독립,1805,21,33,73,"가 독립하다, 가 독립했다, 로부터 독립했다, 이 독립하여, 가 독립하고, 이 독립하고, 으로부터 독립하다, 에서 독립하여, 로부터 독립하였, 으로 독립했고, 로부터 독립하다, 으로 독립했다, 으로부터 독립하였, 으로부터 독립했다, 로부터 독립하여, 에서 독립하고, 가 독립하였, 이 독립했다, 에 독립했다, 이 독립한뒤, 이 독립하였, 으로 독립하였, 으로 독립하고, 으로부터 독립하기, 이 독립하자, 로 독립하여, 은 독립하여, 가 독립하는, 에서 독립한이후, 가 독립하여, 에서 독립하는, 으로부터 독립하고, 에서 독립했다, 가 독립하면서, 에서 독립하였, 에 독립하였, 을 독립하여, 으로부터 독립한후, 가 독립한이후, 에 독립하여, 으로부터 독립하여, 으로부터 독립할때, 로 독립하였, 로 독립했다, 으로부터 독립하게, 로 독립하게, 으로 독립한후, 는 독립하였, 으로부터 독립하려는, 으로부터 독립하면서, 으로 독립하여, 가 독립할때, 으로 독립하게, 와 독립하여, 로부터 독립하기, 이 독립하기, 가 독립하자, 에서 독립하면서, 로부터 독립한이후, 에서 독립하게, 가 독립한후, 이 독립한이후, 에서 독립한후, 이 독립한후, 는 독립하여, 가 독립하기, 이 독립하면서, 으로부터 독립한이후, 가 독립한뒤, 로부터 독립한후, 과 독립하여, 로부터 독립하고, 이 독립하는"
계약,1803,17,34,48,"와 계약하여, 을 계약했다, 과 계약한후, 와 계약하고, 과 계약했다, 로 계약했다, 와 계약한후, 를 계약하였, 에 계약했다, 으로 계약했다, 와 계약하였, 에 계약해지를, 에 계약하며, 로 계약하였, 과 계약하였, 와 계약했다, 와 계약하지, 의 계약해지를, 에 계약하였, 와 계약하면서, 으로 계약하였, 와 계약해지를, 와 계약하며, 과 계약하지, 와 계약했지만, 와 계약한뒤, 와 계약하게, 를 계약하는, 의 계약해지, 와 계약했고, 과 계약하고, 와 계약한다, 과 계약하기, 와 계약하는, 과 계약하여, 과 계약하면서, 로 계약한다, 와 계약해지, 과 계약한다, 와 계약한여자, 와 계약하기, 를 계약했다, 의 계약하에, 을 계약하였, 을 계약하는, 와 계약했으며,, 까지 계약하였, 까지 계약했다"
은,1800,17,2,16,"에서 은하, 의 은하, 으로 은하, 가 은하, 이 은하, 이나 은하, 는 은하, 도 은하, 와 은하, 을 은하, 를 은하, 은 은하, 과 은하, 에 은하, 로 은하, 만 은하지"
택,1795,8,6,19,"을 택한, 을 택하, 으로 택하, 를 택하, 를 택할, 로 택하, 을 택했, 을 택할, 를 택했, 로 택한, 을 택해, 로 택했, 를 택한, 가 택한, 를 택해, 이 택하, 으로 택한, 이 택한, 을 택함"
입대,1792,8,24,27,"에 입대하여, 에 입대하고, 에 입대하였, 에 입대했다, 에 입대하기, 으로 입대하여, 에 입대한다, 으로 입대했다, 에 입대하는, 에 입대할수, 에 입대하였으나, 에 입대했고, 에 입대한뒤, 에 입대하면서, 에 입대하며, 로 입대하였, 에 입대했으며,, 에 입대해군, 에 입대했던, 에 입대하게, 로 입대했다, 으로 입대하였, 로 입대하여, 에 입대하였으며, 에 입대했다가, 에 입대한후, 에 입대해제"
면,1792,8,6,18,"을 면하, 를 면하, 를 면할, 에 면해, 에 면한, 은 면하, 을 면했, 을 면할, 은 면했, 를 면했, 을 면해, 를 면한, 를 면해, 에 면하, 을 면한, 는 면하, 는 면했, 은 면할수"
상당,1783,21,101,60,"에 상당하며, 에 상당한다, 는 상당한규모, 에 상당한관심, 에 상당하는, 에게 상당한영향, 에 상당한영향, 에서 상당한영향력, 에 상당하다, 은 상당한수, 는 상당한차이, 는 상당한시간, 도 상당한영향, 에 상당한변화, 는 상당한양, 에 상당한수, 에 상당한영향력, 이 상당하여, 도 상당한영향력, 이 상당했다, 이 상당한수준, 이 상당하며, 에 상당한피해, 의 상당한부분, 는 상당한논란, 는 상당한거리, 에서 상당한부분, 에 상당한차이, 가 상당하다, 에 상당한양, 에서 상당한인기, 도 상당하여, 에 상당한도움, 에 상당한기여, 에 상당한제약, 이 상당하고, 에 상당한공헌, 에 상당한어려움, 이 상당할것, 는 상당한수준, 이 상당하다, 는 상당한기간, 은 상당한양, 에서 상당한양, 도 상당했다, 의 상당한지역, 은 상당한피해, 이 상당하므로, 에 상당한규모, 은 상당한수준, 에 상당한시간, 도 상당하다, 은 상당하다, 이 상당하다고, 의 상당한영향, 에서 상당한영향, 의 상당한변화, 에서 상당한성공, 에 상당한조치, 가 상당할정도"
전념,1779,4,26,31,"만 전념하였, 만 전념하고, 에 전념했다, 만 전념할수, 에 전념하기, 에 전념할수, 에 전념하였, 에 전념한다, 에 전념하던, 만 전념하는, 에 전념하여, 에 전념하고, 에 전념하는, 만 전념하겠, 에 전념하지, 에 전념하다가, 에 전념하면서, 만 전념하게, 에 전념하며, 에 전념하였으나, 만 전념하여, 에 전념했고, 에 전념하겠, 에 전념하게, 만 전념했다, 에 전념할것, 에 전념했지만, 에 전념하였으며, 에 전념했던, 에 전념하다, 만 전념했고"
분명,1770,15,22,39,"는 분명한차이, 가 분명하여, 은 분명하지, 은 분명하다, 는 분명하지, 이 분명하다, 를 분명하게, 이 분명하였, 에서 분명하게, 가 분명하고, 이 분명해졌다, 을 분명하게, 은 분명하지만, 도 분명하지, 이 분명하여, 이 분명하고, 이 분명했다, 에 분명하게, 이 분명하다는, 은 분명했다, 이 분명하지, 이 분명하며, 가 분명하게, 는 분명하게, 이 분명하게, 이 분명하지만, 에 분명하다, 가 분명해지, 도 분명하게, 가 분명하지, 으로 분명하게, 이 분명하다고, 은 분명한사실, 가 분명하다, 이 분명해지, 은 분명하게, 이 분명해진다, 은 분명해보인다, 는 분명하다"
약속,1764,18,33,39,"을 약속하였으나, 로 약속하고, 을 약속하고, 을 약속하였, 을 약속했다, 을 약속하면서, 고 약속했다, 로 약속하였, 로 약속하여, 를 약속했고, 을 약속하는, 로 약속한다, 을 약속한다, 를 약속하고, 로 약속했다, 에게 약속했던, 를 약속하는, 에게 약속했다, 를 약속하였, 를 약속했다, 을 약속했다고, 에게 약속한망명자, 을 약속하기, 을 약속했지만, 로 약속했지만, 을 약속했고, 을 약속하며, 을 약속한것, 을 약속하여, 께서 약속하신, 로 약속했던, 를 약속했지만, 을 약속했던, 를 약속한다, 에 약속했던, 을 약속함으로써, 를 약속하며, 을 약속하지만, 와 약속했던"
흡수,1753,11,23,37,"을 흡수하는, 을 흡수하여, 를 흡수하는, 을 흡수한다, 를 흡수하고, 를 흡수하거나, 을 흡수하게, 을 흡수하였, 로 흡수하였, 을 흡수하면서, 를 흡수하여, 을 흡수했다, 로 흡수하여, 으로 흡수하는, 을 흡수하고, 을 흡수하기, 을 흡수하거나, 를 흡수하였, 을 흡수함으로써, 으로 흡수하였, 를 흡수할수, 을 흡수하면, 이 흡수하는, 를 흡수함으로써, 을 흡수할수, 를 흡수하기, 를 흡수하면, 를 흡수하며, 를 흡수한다, 를 흡수하지, 을 흡수하지, 가 흡수하는, 에 흡수하여, 를 흡수하면서, 을 흡수하며, 를 흡수했다, 으로 흡수할수"
창설,1746,8,24,33,"를 창설하면서, 을 창설하고, 을 창설하였, 를 창설한다, 를 창설하고, 을 창설하여, 을 창설하는, 을 창설했고, 를 창설하기, 를 창설하여, 를 창설했다, 을 창설한다, 를 창설하였, 를 창설했으며,, 을 창설하게, 을 창설했다, 를 창설하는, 가 창설하였, 을 창설하기, 이 창설하였, 으로 창설하였, 에 창설하였, 를 창설했고, 를 창설할수, 를 창설하게, 을 창설하였으며, 를 창설하였으며, 을 창설하면서, 을 창설할때, 을 창설하였으나, 를 창설한것, 를 창설할계획, 에서 창설하였"
직면,1739,10,27,34,"에 직면하여, 에 직면했을, 에 직면하자, 에 직면하기, 에 직면했다, 에 직면하게, 에 직면하였, 에 직면했고, 가 직면하는, 에 직면해있, 에 직면한다, 에 직면하고, 가 직면했던, 과 직면하게, 에 직면하면서, 가 직면한문제, 이 직면하고, 에 직면하지, 이 직면하는, 에 직면하였으며, 을 직면하게, 에 직면했지만, 에 직면할수, 에 직면할것, 가 직면하고, 을 직면하고, 이 직면한문제, 에 직면해야했, 에 직면하는, 에 직면하면, 를 직면하고, 에 직면한것, 에 직면할때, 에 직면했던"
작동,1732,17,21,52,"으로 작동하고, 이 작동하는, 으로 작동하는, 에서 작동하는, 에 작동하는, 가 작동하는, 에서 작동하기, 이 작동하지, 로 작동하는, 로 작동한다, 에서 작동하며, 에서 작동하도록, 으로 작동하게, 까지 작동할수, 가 작동하지, 는 작동하지, 에서 작동한다, 을 작동하여, 에서 작동하고, 이 작동한다, 이 작동하여, 으로 작동한다, 를 작동할수, 가 작동하기, 만 작동하는, 도 작동하지, 으로써 작동한다, 가 작동하고, 으로 작동하지, 으로 작동하였, 이 작동할수, 으로 작동할수, 에서 작동할수, 으로 작동하며, 가 작동한다, 도 작동할수, 에서 작동하지, 로 작동할수, 로 작동하며, 으로 작동하도록, 으로 작동하지만, 만 작동한다, 도 작동한다, 으로 작동하여, 가 작동하여, 만 작동하며, 이 작동하고, 로 작동하고, 를 작동하는, 으로 작동하기, 처럼 작동한다, 을 작동하는"
출범,1731,10,35,49,"가 출범하였, 이 출범했다, 이 출범한뒤, 가 출범했다, 으로 출범하였, 가 출범하면서, 가 출범한이후, 이 출범하였, 이 출범하자, 가 출범하기, 이 출범하면서, 가 출범하여, 가 출범하고, 가 출범하다, 로 출범했다, 로 출범하였, 으로 출범했다, 가 출범하자, 를 출범하였, 가 출범한직후, 으로 출범하여, 로 출범하였으며, 에 출범한제, 으로 출범한정당, 가 출범했고, 으로 출범하면서, 이 출범한이후, 이 출범하여, 을 출범하였, 가 출범한뒤, 에 출범하였, 이 출범하게, 으로 출범하였으며, 이 출범했을, 이 출범할때, 을 출범했다, 가 출범할때, 가 출범함에, 에 출범했다, 이 출범하고, 가 출범한후, 으로 출범할당시, 로 출범하여, 가 출범하게, 에 출범하여, 를 출범한다고밝혔, 를 출범했다, 에 출범한,, 에 출범한중국"
시사,1727,8,13,18,"을 시사한다, 을 시사했다, 을 시사하고, 에서 시사하는, 을 시사해주, 을 시사하는, 를 시사한다, 을 시사하였, 을 시사하며, 을 시사해준다, 를 시사했다, 를 시사하는, 을 시사하지만, 을 시사하는데, 을 시사하기, 을 시사할수, 에 시사하는, 이 시사하는"
격,1724,9,2,9,"로 격하, 를 격하, 으로 격하, 가 격하, 을 격하, 이 격하, 의 격하, 에 격한, 에 격하"
기술,1720,15,23,45,"으로 기술하고, 을 기술하는, 으로 기술하였, 를 기술했다, 을 기술하고, 을 기술하기, 을 기술할때, 를 기술하는, 을 기술했다, 으로 기술하는, 을 기술하였, 를 기술하기, 고 기술하였, 를 기술하였, 에 기술하였, 를 기술한다, 로 기술하고, 을 기술할수, 으로 기술할수, 으로 기술했다, 을 기술한다, 로 기술할수, 로 기술하였, 고 기술하고, 를 기술하고, 를 기술할수, 을 기술하며, 으로 기술한다, 라고 기술하였, 라고 기술하고, 로 기술했다, 을 기술한것, 고 기술했다, 를 기술한것, 에서 기술하는, 을 기술하여, 로 기술한다, 라고 기술했다, 를 기술할때, 에서 기술한다, 에 기술한다, 으로 기술하여, 만 기술한다, 도 기술한다, 으로 기술했을지도모른다"
저지,1720,7,33,37,"을 저지하지, 을 저지하도록, 를 저지했다, 을 저지한다, 을 저지하는, 을 저지할목적, 을 저지하기, 를 저지하려는, 을 저지하려, 를 저지하기, 을 저지하고자, 을 저지하고, 을 저지하여, 을 저지하려는, 을 저지하였, 를 저지하려, 를 저지하는, 을 저지할것, 를 저지할수, 를 저지하였, 을 저지했다, 을 저지하려고, 을 저지하러, 을 저지할수, 를 저지하고자, 를 저지하고, 을 저지하면서, 를 저지한다, 를 저지하면서, 을 저지하며, 를 저지하지, 으로 저지하는, 를 저지하며, 을 저지했고, 을 저지하라는, 를 저지하려고, 를 저지하여"
귀국,1712,11,31,57,"에 귀국하여, 에 귀국한그, 으로 귀국한후, 이 귀국하고, 으로 귀국하게, 이 귀국하였, 에 귀국했다, 으로 귀국하여, 는 귀국하였, 이 귀국하여, 에 귀국하였, 이 귀국한후, 가 귀국할때, 로 귀국하였, 로 귀국하였으며, 로 귀국한다, 으로 귀국하였, 에 귀국한뒤, 로 귀국하는, 으로 귀국하였으며, 에서 귀국하던, 에서 귀국하여, 으로 귀국하면서, 이 귀국하는, 으로 귀국한다, 가 귀국하자, 로 귀국하여, 에 귀국하게, 으로 귀국했다, 도 귀국하지, 로 귀국한뒤, 로 귀국한이후, 에 귀국하고, 가 귀국한뒤, 이 귀국하자, 이 귀국하기, 로 귀국했다, 가 귀국하여, 으로 귀국하지, 에서 귀국하는, 이 귀국할때, 에서 귀국했다, 로 귀국하게, 으로 귀국한이후, 로 귀국하지, 에 귀국한후, 으로 귀국하는, 로 귀국했고, 는 귀국하여, 은 귀국하여, 로 귀국한후, 으로 귀국하기, 으로 귀국한뒤, 에 귀국하였으며, 에서 귀국할때, 으로 귀국했고, 로 귀국하면서"
완료,1709,11,30,35,"을 완료하기, 을 완료했다, 를 완료하고, 를 완료하였, 을 완료하였, 를 완료하지, 를 완료했다, 를 완료하여, 을 완료하고, 을 완료할수, 을 완료한후, 을 완료하면, 를 완료한다, 을 완료하여, 을 완료하지, 을 완료하는, 에 완료했다, 을 완료한것, 을 완료했으며,, 을 완료하였으며, 를 완료한후, 에 완료하였, 을 완료해야한다, 을 완료한다, 을 완료했다고, 를 완료하는, 으로 완료했다, 를 완료했다고, 을 완료했고, 를 완료하면, 를 완료하기, 를 완료할수, 에 완료할수, 가 완료해,, 을 완료한모든"
중시,1700,5,18,25,"을 중시한다, 를 중시했다, 를 중시하는, 을 중시하며, 을 중시하였, 을 중시하는, 을 중시하고, 을 중시하여, 를 중시하며, 를 중시하여, 를 중시하게, 를 중시하고, 을 중시한것, 를 중시하였, 을 중시했다, 을 중시하기, 을 중시했던, 을 중시하던, 에서 중시하는, 을 중시했고, 을 중시하게, 을 중시하였으며, 를 중시한다, 을 중시했기, 을 중시하면서"
수학,1695,10,21,33,"을 수학하다가, 을 수학하였, 에서 수학하였, 을 수학하였으며, 에 수학하면서, 에서 수학하던, 에서 수학하고, 에서 수학한그, 에게 수학하였, 에서 수학했다, 를 수학했다, 에서 수학하면서, 을 수학했다, 에서 수학한후, 에서 수학하며, 도 수학하였, 에게서 수학하였, 을 수학하여, 에서 수학하여, 에서 수학하다, 에서 수학했으며,, 에서 수학하기, 에서 수학하는, 을 수학하고, 에서 수학하였으며, 에서 수학하다가, 으로 수학하였, 에서 수학한뒤, 에 수학하는, 에서 수학했고, 를 수학하였, 을 수학했고, 에서 수학하였으나"
이탈,1694,12,26,30,"를 이탈한사람, 에서 이탈하면서, 를 이탈하는, 에서 이탈하고, 에서 이탈하여, 에서 이탈하기, 를 이탈하였, 이 이탈하면서, 이 이탈하여, 에서 이탈했고, 에서 이탈하였, 을 이탈하여, 를 이탈하여, 를 이탈하고, 에서 이탈했다, 에서 이탈하자, 을 이탈하는, 가 이탈하여, 에서 이탈하는, 에서 이탈한후, 을 이탈하였, 을 이탈하고, 에서 이탈하게, 을 이탈했다, 을 이탈하면서, 를 이탈했다, 을 이탈한것, 에서 이탈한다, 으로 이탈하면서, 에서 이탈한것"
기대,1692,12,22,46,"를 기대한다, 을 기대하며, 를 기대하는, 을 기대할수, 는 기대할수, 으로 기대했다, 으로 기대하고, 을 기대하는, 으로 기대하였, 을 기대하고, 를 기대하며, 를 기대해》, 를 기대한다"", 에게 기대하는, 을 기대하면서, 를 기대할수, 이 기대했던, 도 기대할수, 을 기대하였, 을 기대했지만, 를 기대하면서, 은 기대할수, 를 기대하고, 를 기대하기, 은 기대하기, 를 기대했던, 을 기대하기, 을 기대한다, 을 기대하였으나, 으로 기대하는, 는 기대했던, 가 기대하는, 가 기대했던, 으로 기대한다"", 를 기대했지만, 은 기대했던, 을 기대하게, 에 기대했던, 을 기대했다, 을 기대했던, 를 기대하였, 을 기대하지, 으로 기대한다, 으로 기대할수, 이 기대하는, 를 기대했다"
옹호,1692,6,25,25,"를 옹호했다, 를 옹호하는, 을 옹호하는, 을 옹호하고, 을 옹호하였, 을 옹호하며, 을 옹호했다, 를 옹호하기, 를 옹호한다, 를 옹호하였, 을 옹호했고, 를 옹호하며, 을 옹호하기, 을 옹호하여, 를 옹호하고, 을 옹호한다, 를 옹호하여, 을 옹호하거나, 를 옹호하면서, 을 옹호하면서, 을 옹호하던, 를 옹호했으며,, 을 옹호했던, 을 옹호한것, 으로 옹호했다"
교체,1686,13,33,40,"으로 교체했다, 로 교체했다, 로 교체하였, 을 교체하는, 으로 교체하였, 로 교체할계획, 으로 교체할수, 로 교체하는, 으로 교체하고, 으로 교체한다, 을 교체한다, 을 교체하여, 을 교체했다, 를 교체하는, 을 교체하고, 을 교체할수, 로 교체하고, 로 교체하게, 로 교체하기, 으로 교체하여, 을 교체하였, 으로 교체하는, 를 교체하고, 로 교체하여, 를 교체하여, 으로 교체했고, 를 교체하였, 을 교체하기, 으로 교체하기, 를 교체하기, 로 교체한것, 를 교체했다, 를 교체하면서, 로 교체한다, 를 교체할수, 으로 교체하며, 로 교체할수, 으로 교체하였으며, 를 교체할것, 까지 교체할수"
관장,1681,7,12,22,"을 관장하는, 를 관장하고, 를 관장하는, 을 관장한다, 를 관장한다, 에서 관장하는, 를 관장하였, 를 관장하기, 을 관장하기, 을 관장했다, 를 관장했다, 이 관장하는, 을 관장하던, 가 관장하는, 를 관장하던, 을 관장하고, 을 관장하였, 를 관장하게, 을 관장하며, 을 관장하게, 에서 관장한다, 를 관장하며"
대립,1671,11,23,51,"과 대립하기, 와 대립하였, 와 대립하는, 이 대립하고, 과 대립하다, 와 대립하게, 과 대립하고, 와 대립했다, 가 대립하고, 가 대립하게, 으로 대립하게, 가 대립하였, 과 대립하던, 과 대립한다, 과 대립하였으며, 와 대립하여, 와 대립하다가, 과 대립하게, 과 대립했다, 이 대립하였, 와 대립하면서, 와 대립하기, 과 대립하였, 으로 대립하고, 와 대립하던, 가 대립하는, 으로 대립하는, 와 대립하고, 는 대립하는, 과 대립하여, 이 대립하는, 에 대립하는, 과 대립하는, 에 대립하여, 이 대립하여, 과 대립하면서, 과 대립하다가, 과 대립하며, 과 대립했고, 가 대립하던, 으로 대립하였, 와 대립한다, 와 대립했던, 이 대립하게, 이 대립한다, 과 대립했던, 와 대립하다, 가 대립하여, 과 대립하자, 와 대립하며, 와 대립해,"
축,1667,15,1,15,"을 축하, 는 축하, 를 축하, 의 축하, 와 축하, 이 축하, 에 축하, 에서 축하, 가 축하, 으로 축하, 로 축하, 에게 축하, 도 축하, 은 축하, 과 축하"
신,1664,16,7,28,"를 신하, 의 신하, 은 신하, 은 신한국당, 는 신한, 과 신하, 는 신하, 가 신하, 에 신하, 에서 신하, 으로 신하, 을 신하, 이 신하, 에 신한, 로 신하, 도 신하, 은 신해, 와 신하, 을 신한국당, 는 신한국당, 에서 신한, 에 신한국당, 에게 신하, 의 신한, 과 신한국당, 은 신한, 와 신한, 과 신한"
신설,1663,8,20,27,"을 신설하여, 를 신설하였, 를 신설하고, 을 신설했다, 을 신설하였, 를 신설하여, 를 신설했다, 를 신설하는, 을 신설하였으며, 를 신설하기, 을 신설하는, 으로 신설하였, 을 신설하면서, 을 신설하고, 을 신설할계획, 을 신설하게, 를 신설하였으며, 를 신설함, 을 신설하기, 를 신설하면서, 을 신설했는데, 에 신설했다, 을 신설했고, 을 신설했으며,, 을 신설함, 이 신설하였, 을 신설해소멸"
단,1663,15,29,45,"에 단하나의, 는 단하나의, 에 단한번, 은 단한개, 는 단한번, 에서 단한번, 은 단한명, 이 단한번, 는 단하나도, 은 단한번, 는 단한명, 는 단한개, 를 단한번, 에 단한명, 의 단하나의, 에서 단하나의, 도 단한번, 은 단하나의, 까지 단하나의, 로 단한번, 에 단하나뿐, 에 단한차례, 이 단하나의, 까지 단한번, 가 단한명, 에서 단한골, 을 단한번, 은 단하나도, 는 단한차례, 의 단한번, 으로 단한번, 이 단한명, 을 단한개, 은 단한차례, 으로 단한경기, 에서 단한차례, 에 단한개, 가 단한번, 가 단하나의, 에서 단한명, 는 단한사람, 에 단한경기, 에서 단한경기, 는 단한경기, 는 단한가지"
차단,1662,9,28,33,"를 차단하는, 을 차단했다, 을 차단한다, 를 차단하였, 을 차단하고, 으로 차단한다, 를 차단하거나, 를 차단하여, 을 차단하기, 를 차단하고, 을 차단하는, 를 차단하기, 을 차단하였, 을 차단하며, 을 차단하고자, 를 차단한다, 을 차단하여, 을 차단할수, 으로 차단하는, 을 차단하거나, 을 차단하려, 을 차단하면서, 를 차단할수, 를 차단함으로써, 을 차단함으로써, 를 차단했다, 에 차단하기, 에 차단하는, 을 차단하지, 를 차단하지, 을 차단하려는, 을 차단했고, 을 차단하면"
손,1660,18,3,18,"의 손해, 이 손해, 에 손해, 와 손해, 은 손해, 과 손해, 가 손해, 로 손해, 에게 손해, 는 손해, 으로 손해, 을 손해, 도 손해, 에서 손해, 나 손해, 으로써 손해, 이나 손해, 는 손민한"
기초,1658,6,19,22,"에 기초한것, 에 기초한다, 을 기초하여, 에 기초하고, 에 기초하여, 을 기초하는, 에 기초하는, 에 기초해있, 을 기초하였, 에 기초하기, 에 기초하지, 에 기초하였, 을 기초하고, 에 기초한사회주의, 에 기초한연구, 에 기초한새로운, 에 기초한판단, 에 기초했다, 에 기초하면, 에 기초하며, 에 기초한계통, 에 기초할수"
예측,1655,13,22,34,"를 예측할수, 를 예측한다, 도 예측할수, 를 예측하는, 을 예측하지, 을 예측할수, 으로 예측했다, 을 예측하기, 을 예측하고, 를 예측하였, 을 예측했다, 를 예측했다, 를 예측한다는것, 를 예측하고, 을 예측하는, 으로 예측하였, 으로 예측하고, 이 예측했던, 으로 예측하는, 를 예측하기, 으로 예측할수, 이 예측하는, 을 예측하여, 는 예측할수, 은 예측할수, 을 예측한다, 을 예측하였, 를 예측하지, 에 예측할수, 을 예측하거나, 을 예측하며, 으로 예측한다, 를 예측하여, 을 예측하는데"
두,1645,11,5,9,"을 두려워하, 을 두려워한, 를 두려워하, 를 두려워했, 을 두려워했, 에 두려워하, 를 두려워한, 을 두려워할, 이 두려워하"
올,1645,18,1,18,"으로 올해, 의 올해, 가 올해, 에서 올해, 이 올해, 과 올해, 은 올해, 을 올해, 에 올해, 부터 올해, 를 올해, 는 올해, 로 올해, 로부터 올해, 와 올해, 이나 올해, 도 올해, 으로부터 올해"
판단,1642,14,27,40,"을 판단할수, 를 판단하는, 을 판단하는, 고 판단했다, 를 판단하여, 으로 판단하여, 를 판단할수, 으로 판단했다, 으로 판단할수, 을 판단하고, 를 판단하지, 으로 판단하였, 으로 판단하고, 라고 판단했다, 로 판단하여, 를 판단한다, 로 판단하고, 으로 판단하는, 으로 판단하기, 을 판단하여, 으로 판단한다, 를 판단하기, 로 판단했다, 을 판단한다, 를 판단하고, 로 판단하였, 고 판단하여, 라고 판단하여, 로 판단할수, 을 판단하기, 를 판단하여야, 을 판단하지, 을 판단할때, 으로 판단하여야, 로 판단한다, 으로 판단할때, 를 판단할때, 으로 판단하며, 로 판단하는, 로 판단하면서"
지향,1641,6,19,29,"가 지향하는, 를 지향하는, 을 지향하는, 을 지향하고, 을 지향했던, 을 지향한다, 를 지향하게, 이 지향하는, 을 지향하며, 를 지향하면서, 으로 지향하는, 를 지향하였, 를 지향했던, 을 지향하기, 를 지향한다, 를 지향하던, 를 지향하여, 을 지향하게, 를 지향했다, 을 지향하면서, 를 지향하고, 을 지향하였, 를 지향하며, 을 지향하던, 를 지향하기, 을 지향했다, 을 지향하여, 를 지향하였으나, 을 지향해야한다는"
강력,1637,24,87,54,"의 강력한의지, 을 강력하게, 를 강력하게, 의 강력한요구, 의 강력한지지자, 의 강력한증거, 에 강력하게, 과 강력하게, 의 강력한추천, 는 강력하고, 의 강력하고, 이 강력하게, 의 강력한힘, 의 강력한세력, 의 강력한주장, 에 강력한영향력, 의 강력한영향, 의 강력한요청, 는 강력하게, 에 강력하고, 의 강력한저항, 의 강력한반발, 으로 강력하게, 의 강력한반대, 에게 강력하게, 가 강력하게, 은 강력한힘, 로 강력하다, 에 강력한영향, 은 강력하게, 의 강력한지지, 에서 강력한영향력, 의 강력한정치, 의 강력한지원, 의 강력한통제, 도 강력하게, 의 강력한항의, 의 강력한영향력, 에서 강력하게, 의 강력한권유, 의 강력한우승, 로 강력하게, 이 강력하고, 이 강력해지, 의 강력한방어, 의 강력함을, 의 강력한반격, 의 강력한공격, 보다 강력하다, 만큼 강력하지, 은 강력하고, 의 강력한귀족, 의 강력한라이벌, 로 강력한힘"
보존,1627,13,23,33,"을 보존하고, 을 보존하는, 을 보존하지, 을 보존하지만, 를 보존한다, 를 보존하는, 을 보존할수, 를 보존할수, 을 보존하면서, 를 보존하기, 를 보존하였, 을 보존하기, 를 보존하고, 를 보존하면서, 을 보존하며, 을 보존한다, 를 보존하여, 을 보존하여, 를 보존했다, 을 보존하였, 에서 보존하고, 을 보존하려는, 을 보존하려면, 를 보존하지, 를 보존하며, 를 보존하려는, 을 보존하게, 을 보존하고자, 에 보존하고, 을 보존했다, 을 보존하므로, 에 보존하기, 로 보존할가치"
지급,1621,13,35,45,"를 지급하고, 을 지급하였, 을 지급하라, 을 지급할수, 을 지급하라는, 을 지급하겠, 을 지급하고, 을 지급한다, 을 지급하기, 으로 지급하는, 을 지급했다, 을 지급하는, 를 지급하였, 을 지급하며, 를 지급하는, 를 지급했다, 에게 지급하는, 을 지급한것, 을 지급해야한다, 을 지급하라고, 를 지급하지, 으로 지급한다, 을 지급하여, 를 지급하게, 에게 지급하기, 를 지급하기, 을 지급함으로써, 으로 지급하였, 을 지급하지, 에서 지급하는, 를 지급한다, 를 지급할수, 에 지급하는, 을 지급했고, 에게 지급하고, 를 지급하도록, 가 지급하는, 을 지급하도록, 을 지급하여야, 을 지급할것, 를 지급할것, 를 지급하여야, 을 지급하거나, 를 지급할의무, 을 지급할의무"
방출,1614,8,24,37,"을 방출하며, 가 방출하는, 를 방출하면서, 을 방출하고, 을 방출하기, 을 방출하는, 으로 방출한다, 으로 방출하는, 를 방출하고, 를 방출한다, 를 방출하며, 을 방출하는데, 를 방출하지, 를 방출할수, 를 방출하는, 를 방출하면, 을 방출한다, 로 방출한다, 에 방출하는, 를 방출하게, 로 방출하는, 를 방출하지만, 를 방출하는데, 을 방출하게, 를 방출하여, 를 방출했다, 을 방출하여, 를 방출하거나, 이 방출하는, 을 방출하도록, 을 방출하면서, 를 방출하기, 를 방출할것, 를 방출함으로써, 을 방출하지, 에서 방출하는, 을 방출할수"
망명,1614,9,31,38,"로 망명하였, 으로 망명했다, 로 망명했던, 으로 망명하는, 에 망명해있, 로 망명하였으며, 로 망명하여, 으로 망명하였으며, 으로 망명할수, 으로 망명하였, 에서 망명해온, 로 망명하고, 에 망명하여, 으로 망명하기, 으로 망명하여, 으로 망명하자, 로 망명한다, 로 망명한후, 으로 망명했다가, 에 망명하였, 로 망명하면서, 로 망명했다, 로 망명했으며,, 에 망명했다, 에 망명하고, 으로 망명하고, 로 망명했다가, 로 망명했고, 으로 망명한뒤, 으로 망명하게, 로 망명하게, 으로 망명하면서, 으로 망명한다, 으로 망명한후, 로 망명하는, 으로 망명했으며,, 으로 망명했고, 로 망명하자"
명령,1602,10,23,31,"를 명령했다, 을 명령하였, 을 명령했다, 를 명령하였, 을 명령하고, 고 명령했다, 을 명령하여, 을 명령하기, 을 명령하는, 를 명령하고, 에게 명령하여, 을 명령했는데, 의 명령하에, 을 명령했고, 를 명령했고, 을 명령했지만, 를 명령하는, 을 명령한다, 을 명령하였으나, 을 명령했다고, 을 명령할수, 에 명령하였, 를 명령한다, 에 명령하여, 에게 명령했다, 을 명령하자, 을 명령한후, 을 명령한것, 에 명령했다, 에게 명령한다, 에게 명령하였"
여행,1593,12,25,43,"를 여행했고, 를 여행하는, 으로 여행했다, 를 여행했다, 을 여행한다, 을 여행하며, 를 여행하고, 를 여행하다가, 을 여행했다, 에 여행하는, 을 여행하던, 을 여행하였, 를 여행하였, 를 여행하여, 을 여행하고, 을 여행하기, 가 여행하는, 를 여행하며, 로 여행하여, 로 여행할수, 를 여행한후, 를 여행하면서, 을 여행하는, 로 여행하는, 를 여행했던, 를 여행한다, 을 여행한후, 을 여행할때, 를 여행하기, 를 여행하던, 로 여행하였, 을 여행하여, 을 여행하게, 를 여행할수, 을 여행하면서, 으로 여행할수, 으로 여행하는, 까지 여행하는, 로 여행했다, 를 여행할때, 을 여행할수, 를 여행하게, 으로 여행하여"
포위,1591,7,27,31,"를 포위했다, 을 포위하고, 을 포위하였, 를 포위하였, 을 포위하여, 을 포위했다, 를 포위하고, 을 포위하였으나, 를 포위하여, 을 포위하자, 을 포위하는, 에서 포위하여, 을 포위하기, 을 포위한다, 를 포위하면서, 를 포위하기, 에서 포위하고, 을 포위했고, 를 포위했지만, 을 포위했지만, 를 포위하는, 를 포위하자, 를 포위하던, 을 포위하면서, 를 포위한후, 을 포위했을, 를 포위했을, 를 포위했고, 을 포위했으나,, 을 포위하게, 을 포위할수"
반응,1584,14,16,34,"가 반응하여, 에 반응하고, 과 반응한다, 에 반응하면서, 에 반응하여, 과 반응하여, 으로 반응하는, 에 반응하는, 에 반응하지, 에 반응한다, 이 반응하는, 이 반응하여, 와 반응하여, 에 반응하기, 도 반응한다, 으로 반응한다, 으로 반응하여, 과 반응하면, 도 반응하여, 으로 반응했다, 과 반응하지, 에 반응할수, 도 반응하지, 로 반응한다, 으로 반응하지, 와 반응하는, 와 반응한다, 과 반응할때, 과 반응할수, 과 반응하는, 는 반응하지, 가 반응하는, 에 반응하며, 으로 반응하며"
출간,1579,10,24,34,"을 출간하였, 를 출간한다, 으로 출간하였, 을 출간하여, 을 출간하면서, 를 출간했다, 을 출간했다, 을 출간한다, 을 출간하고, 을 출간하기, 으로 출간했다, 을 출간하였으며, 를 출간하기, 에 출간한《, 를 출간했고, 를 출간하여, 를 출간하였, 에 출간하였, 를 출간하고, 로 출간하였, 을 출간했으며,, 에서 출간하였, 를 출간하는, 을 출간했고, 도 출간했다, 을 출간하며, 에 출간했다, 를 출간하면서, 을 출간했는데, 에서 출간하고, 에서 출간했다, 을 출간하는, 를 출간했으며,, 에서 출간한만화책"
개편,1579,5,17,29,"으로 개편하고, 로 개편하였, 로 개편하여, 로 개편하고, 로 개편하면서, 를 개편하면서, 으로 개편하였, 를 개편하여, 으로 개편하는, 로 개편하는, 으로 개편하여, 으로 개편하기, 을 개편하였, 로 개편했다, 을 개편하여, 으로 개편했다, 를 개편하였, 을 개편했다, 으로 개편하며, 를 개편하는, 으로 개편하면서, 을 개편하면서, 을 개편하고, 로 개편하였으며, 으로 개편하였으며, 를 개편하고, 로 개편하며, 를 개편했다, 을 개편할때"
화,1578,15,3,17,"의 화해, 로 화해, 도 화해, 으로 화해, 에게 화해, 이 화해, 과 화해, 와 화해, 은 화해, 을 화해, 는 화해, 를 화해, 에 화해, 가 화해, 에서 화해, 로 화하, 으로 화하"
생활,1573,16,21,38,"에서 생활했다, 에서 생활하고, 에서 생활하였, 으로 생활했다, 에서 생활하는, 이 생활하고, 가 생활하는, 로 생활한다, 로 생활하였, 에서 생활하다, 으로 생활하였, 에서 생활하던, 에서 생활하며, 에 생활하는, 로 생활하다가, 에서 생활하면서, 에서 생활하기, 에서 생활하지만, 으로 생활하며, 에서 생활할때, 으로 생활하고, 이 생활하는, 로 생활하는, 로 생활하며, 에서 생활한다, 로 생활하고, 으로 생활한다, 으로 생활하다가, 으로 생활하는, 에서 생활하게, 에서 생활할수, 에서 생활하다가, 에서 생활하였으며, 에서 생활했던, 로 생활했다, 서 생활하고, 에서 생활했으며,, 이 생활하던"
공연,1570,14,31,49,"에서 공연하면서, 을 공연하는, 에서 공연하기, 에서 공연하며, 을 공연했다, 에서 공연했다, 에서 공연하는, 에서 공연한것, 를 공연하기, 를 공연했다, 을 공연하였, 을 공연하여, 로 공연했다, 에서 공연하였, 에서 공연한다, 가 공연할때, 와 공연하였, 이 공연하는, 에서 공연하고, 를 공연하는, 에서 공연하였으며, 로 공연하였, 을 공연한다, 을 공연하기, 으로 공연하고, 으로 공연하는, 와 공연했다, 으로 공연했다, 에서 공연하게, 로 공연하는, 를 공연하였, 을 공연하고, 에서 공연하던, 으로 공연하기, 에서 공연했던, 에서 공연할때, 으로 공연하였, 에서 공연했고, 를 공연하고, 과 공연했다, 과 공연하였, 을 공연했고, 에서 공연한배우, 도 공연하고, 를 공연했고, 도 공연했다, 가 공연하는, 에서 공연할수, 에 공연하였"
겸임,1568,11,21,37,"를 겸임하게, 을 겸임하면서, 을 겸임하여, 을 겸임하고, 를 겸임했다, 이 겸임하고, 을 겸임하였, 을 겸임했다, 를 겸임하고, 이 겸임한다, 를 겸임하였, 을 겸임하게, 을 겸임하기, 가 겸임하고, 을 겸임한다, 를 겸임한다, 을 겸임하는, 를 겸임하며, 을 겸임하며, 이 겸임하는, 을 겸임하였으며, 도 겸임하였, 도 겸임하고, 를 겸임하였으며, 도 겸임하게, 도 겸임했다, 를 겸임하면서, 이 겸임했다, 를 겸임하여, 을 겸임했고, 를 겸임하는, 가 겸임하는, 를 겸임했고, 이 겸임하였, 이 겸임하며, 에서 겸임하고, 를 겸임해오"
구사,1566,9,21,29,"을 구사한다, 을 구사하였, 를 구사하였, 를 구사하는, 을 구사하여, 를 구사한다, 이 구사하는, 를 구사할줄, 를 구사하기, 를 구사하며, 를 구사하게, 를 구사했다, 을 구사했다, 를 구사할수, 을 구사하며, 를 구사하고, 을 구사했고, 을 구사하는, 를 구사하지, 로 구사하는, 를 구사하여, 을 구사할수, 를 구사했다고, 을 구사하기, 을 구사하고, 을 구사하면서, 을 구사하게, 으로 구사하는, 도 구사한다"
개업,1561,13,22,33,"을 개업하여, 로 개업하였, 을 개업했다, 이 개업하였, 을 개업하고, 이 개업했다, 에 개업했다, 으로 개업하였, 로 개업했다, 을 개업하였, 를 개업하여, 를 개업하였, 에 개업하였, 를 개업했다, 에서 개업하였, 이 개업하면서, 가 개업하였, 를 개업하고, 이 개업하고, 로 개업하여, 이 개업하여, 으로 개업했으며,, 에 개업하여, 으로서 개업하였, 으로 개업했다, 가 개업했다, 에 개업했으며,, 에 개업하였으며, 이 개업하기, 에 개업했던, 으로서 개업했다, 이 개업한다, 까지 개업했던"
전향,1561,6,23,30,"로 전향하여, 으로 전향하여, 로 전향했다, 로 전향하였, 로 전향했고, 으로 전향했다, 로 전향하는, 로 전향하면서, 으로 전향하였, 으로 전향한뒤, 으로 전향하는, 로 전향했지만, 으로 전향한이후, 로 전향하고, 로 전향한다, 로 전향하며, 로 전향하게, 로 전향했으며,, 로 전향한후, 으로 전향하며, 로 전향하기, 로 전향하였으며, 로 전향한뒤, 으로 전향하기, 으로 전향하면서, 을 전향했다, 로 전향한이후, 으로 전향했고, 으로 전향하게, 로 전향했는데"
기원,1555,12,18,31,"를 기원하는, 를 기원하고, 에서 기원한것, 에서 기원하였, 에서 기원한다, 에 기원하는, 에 기원한다, 에서 기원했다고, 을 기원하고, 을 기원하는, 을 기원하기, 를 기원하며, 에서 기원했을, 에서 기원했다는, 에서 기원했다, 에서 기원했으며,, 을 기원하며, 를 기원하기, 에서 기원하여, 에서 기원하였으며, 를 기원한다, 에서 기원하는, 을 기원한다, 을 기원했다, 를 기원했다, 에서 기원하고, 에서 기원하며, 을 기원하였, 를 기원하였, 을 기원하면서, 을 기원하던"
자리,1548,6,17,20,"에 자리한다, 에 자리하게, 이 자리하고, 가 자리하고, 에 자리하고, 에 자리해있, 에 자리하며, 에 자리했다, 에 자리하는, 이 자리한다, 가 자리한다, 로 자리하고, 에 자리하여, 이 자리해있, 가 자리해있, 에 자리했던, 으로 자리하고, 에 자리한마을, 에 자리하였, 에 자리한이"
개원,1533,8,10,21,"가 개원하였, 에 개원하였으며, 을 개원하였, 에 개원하였, 를 개원하였, 을 개원하고, 으로 개원하였, 을 개원했다, 이 개원하였, 으로 개원했다, 을 개원하여, 으로 개원하여, 로 개원하였, 으로 개원하기, 로 개원할때, 에 개원하여, 에 개원했다, 에 개원함, 으로 개원함, 로 개원함, 으로 개원할때"
혼인,1527,9,22,26,"과 혼인했다, 와 혼인하기, 와 혼인하였, 과 혼인하였으나, 와 혼인하여, 와 혼인했으며,, 와 혼인했고, 와 혼인했다, 와 혼인하고, 와 혼인하였으나, 과 혼인하여, 과 혼인하였, 과 혼인하고, 과 혼인했고, 과 혼인하는, 와 혼인하면서, 와 혼인하게, 과 혼인하였으며, 와 혼인하였으며, 와 혼인하는, 과 혼인하게, 과 혼인할수, 와 혼인한다, 에 혼인하였, 과 혼인한다, 와 혼인한뒤"
응,1525,8,5,11,"에 응하, 에 응한, 에 응했, 에 응해, 에 응할, 는 응하, 가 응하, 도 응하, 은 응하, 이 응하, 으로 응하"
입문,1524,5,21,23,"에 입문했다, 에 입문하였, 에 입문한뒤, 에 입문하게, 에 입문해제, 에 입문하고, 에 입문한다, 에 입문한것, 에 입문하기, 에 입문하는, 에 입문하여, 에 입문하였으며, 에 입문한후, 에 입문했고, 에 입문했으며,, 에 입문한그, 로 입문하여, 에 입문한이후, 으로 입문하였, 로 입문하였, 에 입문했지만, 로 입문하게, 에 입문했습니다"
거듭,1524,3,24,37,"을 거듭하던, 을 거듭했다, 을 거듭하여, 을 거듭하다가, 을 거듭한끝, 을 거듭하며, 을 거듭하자, 을 거듭한다, 를 거듭하여, 을 거듭하였, 을 거듭한결과, 를 거듭하고, 을 거듭하고, 을 거듭하면서, 을 거듭해왔, 를 거듭했다, 를 거듭하면서, 를 거듭한끝, 를 거듭하다가, 를 거듭하며, 를 거듭하게, 를 거듭한결과, 를 거듭하는, 를 거듭했고, 를 거듭하였, 을 거듭하다, 을 거듭했지만, 을 거듭했고, 을 거듭하게, 을 거듭하는, 를 거듭해왔, 를 거듭했지만, 를 거듭하던, 을 거듭하였으며, 를 거듭한다, 를 거듭하다, 을 거듭해,"
개설,1520,9,23,32,"을 개설했다, 를 개설했고, 를 개설하였, 를 개설하는, 을 개설하였, 을 개설하고, 을 개설하면서, 을 개설하지, 를 개설할수, 을 개설하여, 를 개설하여, 를 개설한것, 를 개설하기, 에 개설하였, 를 개설하고, 을 개설하는, 를 개설한다, 을 개설한다, 으로 개설하였, 를 개설함, 를 개설했다, 을 개설했고, 을 개설할수, 을 개설하였으며, 을 개설하며, 를 개설하였으며, 을 개설하기, 를 개설하면서, 를 개설하게, 을 개설한것, 를 개설하며, 에 개설했다"
특별,1519,24,61,38,"의 특별한경우, 에서 특별한역할, 는 특별한명칭, 은 특별한경우, 는 특별하게, 와 특별한관계, 의 특별한선물, 는 특별한경우, 은 특별한의미, 는 특별한의미, 의 특별한형제, 은 특별하게, 을 특별하게, 에 특별한규정, 과 특별한관계, 은 특별한존재, 에서 특별한의미, 에 특별한공로, 는 특별한사유, 의 특별한관계, 에 특별한의미, 의 특별한사정, 는 특별한사정, 에 특별한관심, 의 특별한종류, 의 특별한로맨스, 은 특별한사정, 의 특별한형태, 의 특별한사랑, 은 특별한언급, 에게 특별한감정, 는 특별한규정, 의 특별한능력, 를 특별하게, 는 특별한것, 의 특별한만찬, 의 특별한하루, 의 특별한플레이"
저술,1503,10,27,39,"을 저술했다, 을 저술하였으며, 을 저술하고, 를 저술하기, 을 저술하였, 를 저술하였, 를 저술했으며,, 도 저술하였, 을 저술하기, 가 저술한《, 를 저술하여, 를 저술하고, 을 저술한것, 를 저술했다, 가 저술한책, 도 저술했다, 을 저술하여, 을 저술했고, 를 저술하는, 가 저술하였, 에 저술한책, 가 저술한것, 에 저술한《, 이 저술한《, 을 저술했는데, 을 저술하는, 을 저술했으며,, 을 저술하며, 이 저술한책, 를 저술하면서, 를 저술하였으며, 을 저술했다고, 을 저술한다, 을 저술하게, 가 저술한『, 를 저술한것, 가 저술하고, 을 저술하면서, 를 저술했고"
변신,1503,8,22,32,"으로 변신하는, 로 변신하기, 로 변신하여, 로 변신하고, 로 변신했다, 으로 변신하여, 로 변신한다, 으로 변신하였, 으로 변신하고, 으로 변신했다, 으로 변신할수, 로 변신할수, 로 변신하였, 로 변신한뒤, 로 변신한모습, 으로 변신하며, 로 변신할때, 로 변신하는, 으로 변신하기, 으로 변신한다, 로 변신하게, 로 변신하면서, 로 변신했을, 이 변신하는, 로 변신한후, 도 변신할수, 로 변신하며, 로 변신하면, 가 변신한모습, 으로 변신한뒤, 으로 변신하게, 으로 변신할때"
인용,1501,9,24,30,"을 인용하며, 을 인용하였, 에서 인용한것, 를 인용하여, 을 인용하면, 을 인용하면서, 을 인용하여, 을 인용하고, 를 인용하였, 을 인용해,, 로 인용하였, 을 인용하기, 을 인용했다, 를 인용해,, 를 인용한것, 를 인용하면서, 을 인용하는, 를 인용했다, 를 인용하며, 을 인용해"", 으로 인용하고, 을 인용한것, 를 인용해"", 을 인용하자면, 을 인용한다, 를 인용한다, 를 인용하고, 를 인용할수, 를 인용하는, 을 인용해보도"
관통,1498,10,16,33,"을 관통하는, 를 관통하여, 으로 관통하는, 로 관통하는, 으로 관통하고, 을 관통하여, 을 관통하며, 를 관통하는, 를 관통하며, 가 관통하고, 을 관통한다, 를 관통하고, 를 관통하지, 을 관통하고, 를 관통한다, 를 관통하면서, 가 관통하는, 로 관통하여, 이 관통하는, 로 관통하고, 를 관통했다, 을 관통할수, 이 관통하고, 을 관통한뒤, 으로 관통한다, 으로 관통하며, 을 관통하였, 를 관통할수, 을 관통하면서, 을 관통했다, 을 관통하기, 을 관통한이후, 를 관통한뒤"
상승,1494,15,27,55,"이 상승하는, 로 상승했다, 까지 상승하였, 가 상승하고, 가 상승할때, 가 상승하여, 가 상승하면서, 로 상승하며, 로 상승하였, 이 상승하면서, 이 상승하여, 로 상승하면서, 로 상승하는, 이 상승하게, 이 상승하였, 이 상승하기, 까지 상승했다, 이 상승하고, 가 상승하게, 는 상승하고, 이 상승한다, 가 상승하면, 가 상승함에, 까지 상승한다, 까지 상승하여, 으로 상승하고, 으로 상승하는, 이 상승했다, 으로 상승하였, 가 상승하였, 가 상승할수, 이 상승하면, 으로 상승했다, 으로 상승한다, 가 상승하는, 에서 상승하는, 까지 상승하는, 에서 상승하였, 가 상승하거나, 은 상승하고, 로 상승하여, 가 상승했다, 가 상승한다, 가 상승한것, 으로 상승하여, 가 상승하기, 는 상승하는, 로 상승한다, 이 상승하며, 가 상승하며, 도 상승했다, 이 상승함에, 이 상승한연봉, 에서 상승한것, 이 상승한추정"
암시,1494,6,17,19,"을 암시하기, 을 암시하는, 을 암시한다, 이 암시하는, 을 암시해주, 을 암시하였, 를 암시하였, 을 암시했다, 를 암시하는, 를 암시할수, 를 암시한다, 을 암시하지만, 을 암시하고, 을 암시하며, 를 암시하고, 를 암시하기, 을 암시하는데, 을 암시하지, 을 암시할수"
범,1492,9,7,18,"를 범했, 을 범했, 를 범하, 을 범한, 를 범한, 이 범한, 을 범하, 에서 범한, 를 범할, 에 범한, 가 범한, 이 범하, 에게 범한, 이 범람해, 을 범해, 를 범해, 를 범함, 을 범할"
일조,1489,3,14,15,"에 일조한다, 에 일조하였, 에 일조하는, 에 일조했다, 에 일조하기, 에 일조하였으며, 에 일조하고, 에 일조했고, 에 일조했으며,, 에 일조했는데, 에 일조했지만, 에 일조한것, 에 일조하며, 도 일조했다, 에 일조하여"
기억,1488,12,31,40,"를 기억하고, 을 기억하였, 으로 기억하고, 을 기억하고, 을 기억한다, 을 기억하는, 을 기억해내, 을 기억하지, 를 기억하는, 을 기억하게, 으로 기억한다, 을 기억하며, 을 기억하여, 를 기억하며, 를 기억하여, 를 기억하기, 를 기억하지, 도 기억하지, 을 기억하기, 이 기억하는, 로 기억하는, 가 기억하는, 을 기억해야한다, 은 기억하지, 를 기억하라, 을 기억하면서, 은 기억하고, 을 기억하라, 로 기억하고, 는 기억하지, 을 기억하세요, 를 기억한다, 으로 기억하는, 을 기억했다, 를 기억할수, 을 기억해낸다, 를 기억해내, 을 기억할수, 를 기억해》, 을 기억한후"
야기,1485,4,21,28,"을 야기하기, 을 야기했다, 을 야기할수, 를 야기하는, 를 야기했다, 을 야기한다, 을 야기하였, 를 야기했고, 을 야기하는, 를 야기할수, 을 야기할것, 를 야기할것, 을 야기하고, 를 야기한다, 를 야기하였, 을 야기하여, 를 야기하고, 이 야기하는, 을 야기한다는것, 를 야기하기, 를 야기하지, 을 야기하며, 를 야기하며, 을 야기한것, 를 야기하여, 을 야기했고, 을 야기하게, 을 야기하지"
임,1485,13,6,16,"에 임했, 에 임할, 으로 임했, 으로 임하, 에 임해, 에 임하, 로 임하, 가 임하, 에 임한, 도 임하, 이 임하, 는 임해, 의 임해, 로 임했, 에게 임하, 를 임하"
운용,1482,12,21,41,"을 운용하고, 에서 운용하는, 을 운용할수, 으로 운용하기, 으로 운용할수, 로 운용하는, 으로 운용하였, 을 운용하였, 이 운용하는, 을 운용하기, 를 운용하기, 를 운용하고, 을 운용하여, 으로 운용하고, 를 운용하여, 을 운용하는, 를 운용한다, 를 운용하였, 을 운용하지, 를 운용하는, 으로 운용하는, 를 운용할수, 를 운용하며, 을 운용한다, 로 운용하고, 로 운용한다, 가 운용하고, 에서 운용하고, 에서 운용할수, 도 운용할수, 으로 운용한다, 이 운용하던, 에서 운용하였, 가 운용하는, 을 운용했다, 를 운용했다, 에서 운용하던, 에서 운용했다, 이 운용하고, 에서 운용하기, 을 운용하며"
제어,1478,8,13,25,"을 제어하는, 을 제어할수, 을 제어한다, 를 제어하고, 를 제어한다, 을 제어하고, 를 제어할수, 를 제어하는, 으로 제어하는, 을 제어하기, 를 제어하기, 으로 제어할수, 로 제어할수, 을 제어하지, 가 제어할수, 을 제어하거나, 가 제어하는, 를 제어하지, 를 제어하거나, 으로 제어하기, 으로 제어한다, 를 제어하여, 을 제어하여, 도 제어할수, 을 제어하며"
신청,1475,10,34,39,"을 신청하여, 을 신청했다, 를 신청했다, 에 신청하여, 을 신청하기, 을 신청했지만, 를 신청한다, 를 신청하였, 을 신청할수, 을 신청하고, 을 신청한다, 을 신청했고, 을 신청하였으나, 을 신청하면, 을 신청하였, 를 신청하기, 를 신청하여, 을 신청하며, 를 신청하였으나, 를 신청하게, 를 신청하는, 를 신청하고, 를 신청했지만, 를 신청했고, 를 신청하지, 을 신청해야한다, 을 신청하는, 에 신청했다, 를 신청했다고, 을 신청한것, 을 신청하면서, 을 신청하게, 을 신청하지만, 를 신청할수, 를 신청하면, 를 신청했는데, 을 신청하지, 을 신청하였으며, 를 신청하지만"
기반,1469,5,24,25,"에 기반한것, 에 기반하여, 에 기반하고, 에 기반한,, 에 기반해있, 에 기반한작품, 에 기반한정치, 에 기반하며, 에 기반했다, 에 기반하는, 에 기반하기, 을 기반하여, 에 기반한다, 에 기반하지, 에 기반하였, 에 기반한소설, 에 기반한이, 에 기반한새로운, 에 기반한연구, 에 기반한경제, 에 기반한게임, 에 기반한영화, 에 기반할수, 에 기반한사회, 에 기반한비디오"
부탁,1467,9,30,40,"를 부탁하기, 을 부탁하였으나, 에게 부탁하여, 을 부탁하는, 을 부탁하기, 을 부탁하며, 을 부탁하였, 을 부탁한다, 을 부탁했다, 에게 부탁했다, 를 부탁해》, 를 부탁해》(, 을 부탁했다고, 을 부탁하고, 을 부탁했고, 를 부탁하였, 를 부탁하는, 을 부탁하여, 를 부탁했다, 를 부탁하고, 를 부탁한다, 에 부탁하여, 에게 부탁하였, 를 부탁해게스트, 를 부탁했고, 을 부탁하자, 를 부탁해,, 를 부탁하며, 를 부탁해*, 를 부탁해!, 을 부탁했지만, 를 부탁해-, 를 부탁해(, 에게 부탁한다, 을 부탁해》, 에게 부탁하는, 에게 부탁하고, 를 부탁해', 야 부탁해》, 을 부탁해("
실현,1456,7,21,28,"을 실현하고자, 을 실현하고, 를 실현하고, 를 실현하는, 을 실현한다, 을 실현하며, 을 실현하기, 를 실현하기, 을 실현하였, 를 실현한다, 를 실현하고자, 으로 실현하기, 를 실현하겠, 를 실현했다, 을 실현했다, 을 실현하는, 을 실현할수, 를 실현하였, 을 실현하게, 으로 실현하는, 을 실현하여, 를 실현할수, 를 실현하려는, 을 실현하려는, 을 실현할것, 을 실현하지, 을 실현하려, 를 실현하려고"
연출,1455,8,22,35,"를 연출하며, 를 연출하고, 를 연출하는, 를 연출했다, 을 연출할수, 을 연출했다, 을 연출하기, 을 연출하고, 을 연출하였, 이 연출하였, 를 연출할수, 을 연출한다, 를 연출하기, 을 연출하면서, 이 연출한영화, 이 연출했고, 를 연출하였, 을 연출하여, 가 연출하는, 을 연출했고, 을 연출하며, 이 연출한작품, 를 연출한다, 을 연출하는, 가 연출하고, 을 연출하게, 를 연출하여, 이 연출한《, 가 연출한《, 이 연출하고, 가 연출하였, 이 연출했다, 이 연출하는, 를 연출했고, 가 연출했다"
마무리,1455,8,20,33,"을 마무리하여, 을 마무리하고, 를 마무리한다, 를 마무리하는, 을 마무리했다, 를 마무리했다, 을 마무리하는, 을 마무리할수, 을 마무리하며, 으로 마무리하였, 로 마무리했다, 를 마무리하고, 을 마무리하기, 을 마무리한다, 을 마무리하였, 를 마무리하기, 을 마무리하게, 으로 마무리했다, 로 마무리했고, 에 마무리했다, 을 마무리한뒤, 로 마무리하였, 로 마무리하며, 로 마무리한다, 을 마무리한후, 를 마무리했고, 으로 마무리하는, 으로 마무리한다, 를 마무리하였, 을 마무리했고, 를 마무리하며, 을 마무리하면서, 로 마무리하는"
고용,1450,10,22,33,"를 고용하여, 를 고용하는, 로 고용한다, 을 고용하여, 을 고용하고, 을 고용했고, 을 고용한것, 을 고용했다, 을 고용하기, 를 고용하고, 을 고용한다, 를 고용한다, 을 고용하는, 으로 고용하여, 을 고용하였, 를 고용하기, 를 고용하였, 을 고용하거나, 를 고용할수, 을 고용할수, 로 고용하였, 를 고용했다, 을 고용하지, 로 고용하여, 을 고용했는데, 로 고용했다, 으로 고용하였, 을 고용하며, 를 고용하거나, 으로 고용했다, 를 고용했고, 를 고용하지, 으로 고용하고"
체포,1446,11,33,38,"를 체포했다, 을 체포했다, 을 체포하고, 를 체포하여, 을 체포하여, 로 체포하였, 를 체포하기, 을 체포하였, 을 체포하러, 를 체포하였, 을 체포하라는, 을 체포할수, 를 체포하고, 을 체포하거나, 을 체포하는, 로 체포하고, 를 체포한다, 를 체포하려, 을 체포하지, 로 체포하여, 를 체포하러, 을 체포하게, 을 체포하기, 를 체포한후, 를 체포하는, 을 체포하도록, 를 체포해서국내, 을 체포한것, 를 체포하려고, 를 체포할수, 을 체포했고, 로 체포했다, 을 체포하려고, 을 체포하려, 을 체포한다, 을 체포했다고, 를 체포하지, 을 체포할것"
재회,1445,10,18,25,"에 재회하여, 에서 재회하게, 와 재회한다, 와 재회하는, 과 재회했다, 와 재회하게, 와 재회했다, 에 재회했다, 와 재회하여, 에 재회하게, 과 재회한다, 에 재회하였, 에서 재회한다, 에서 재회하였, 와 재회하고, 과 재회하기, 과 재회하고, 과 재회하게, 와 재회한후, 과 재회하여, 와 재회하지만, 와 재회했을, 에 재회하는, 에 재회한다, 로 재회하여"
수정,1443,12,30,34,"를 수정할수, 를 수정하고, 을 수정하지, 을 수정하고, 을 수정하여, 을 수정했다, 을 수정하거나, 을 수정하였, 을 수정할수, 을 수정한후, 를 수정하였, 을 수정하는, 를 수정하는, 를 수정하여, 를 수정하기, 을 수정하기, 로 수정하였, 를 수정한것, 를 수정한다, 으로 수정하는, 으로 수정하여, 으로 수정하였, 으로 수정했다, 를 수정하지, 로 수정했다, 을 수정한다, 을 수정할것, 을 수정하게, 를 수정했다, 을 수정하며, 를 수정하거나, 을 수정한것, 을 수정해야한다, 으로 수정하고"
저항,1440,13,30,40,"에 저항하였, 에 저항하여, 에 저항하는, 으로 저항하였, 에 저항할것, 에 저항했고, 에 저항하다, 에 저항하기, 에 저항하거나, 에 저항했지만, 에 저항하면서, 에게 저항했던, 에 저항했다, 으로 저항했다, 에 저항하던, 에 저항했던, 는 저항하지, 에 저항할수, 에 저항하지, 는 저항하는, 에게 저항하였, 으로 저항하는, 에서 저항하던, 에 저항하며, 까지 저항했다, 에서 저항하는, 에 저항하고, 에 저항하려는, 에 저항하도록, 에 저항한다, 에게 저항하는, 에 저항하였으나, 에 저항하였으며, 에 저항하다가, 까지 저항했던, 에게 저항했다, 에 저항하게, 은 저항하는, 에게 저항하다가, 은 저항하지"
위반,1439,5,29,39,"을 위반하는, 을 위반한것, 를 위반했다는, 을 위반했다고, 을 위반했다며, 를 위반할경우, 을 위반했고, 를 위반한것, 을 위반하고, 를 위반한혐의, 를 위반하는, 을 위반하면서, 를 위반하지, 을 위반할수, 을 위반하지, 를 위반하면, 을 위반한혐의, 을 위반하거나, 을 위반하였, 을 위반했기, 을 위반하게, 을 위반한사람, 를 위반했다고, 을 위반하면, 을 위반하여, 을 위반했다, 을 위반했다는, 을 위반했을, 을 위반한행위, 을 위반한경우, 를 위반하거나, 를 위반한경우, 에 위반하여, 에 위반하는, 를 위반하였, 를 위반하고, 을 위반한사실, 를 위반하여, 을 위반하였을"
국,1438,7,1,5,"에 국한, 으로 국한, 로 국한, 만 국한, 에게 국한"
잘,1434,20,28,45,"를 잘하지, 을 잘하지, 을 잘하기, 을 잘하며, 을 잘하는, 를 잘하는, 를 잘한다, 를 잘하였, 을 잘하여, 도 잘하고, 를 잘하기, 을 잘하고, 를 잘하여, 이 잘하는, 를 잘하면, 를 잘했고, 도 잘할수, 을 잘할수, 을 잘하였, 은 잘하지, 도 잘하시, 을 잘한다, 를 잘했다, 을 잘했고, 를 잘하지만, 를 잘하고, 를 잘할것, 도 잘하는, 만 잘하면, 만 잘하는, 을 잘해주, 도 잘해요》, 에게 잘해주, 는 잘하지, 가 잘하나》, 을 잘하게, 는 잘하는, 를 잘하며, 가 잘하나진행, 도 잘한다, 도 잘하지, 를 잘할수, 도 잘하며, 가 잘하는, 가 잘하나("
연장,1428,7,25,42,"을 연장하기, 으로 연장하는, 까지 연장하는, 까지 연장할수, 을 연장하는, 를 연장하여, 으로 연장하고, 를 연장하기, 을 연장하여, 을 연장한다, 로 연장하는, 까지 연장하기, 를 연장하고, 을 연장하지, 으로 연장하였, 까지 연장하였, 을 연장할수, 를 연장하는, 로 연장하고, 까지 연장해,, 으로 연장했다, 까지 연장했다, 를 연장했다, 을 연장하고, 을 연장했다, 로 연장했다, 을 연장하였, 으로 연장하여, 을 연장한것, 로 연장하여, 으로 연장하기, 으로 연장함, 을 연장할것, 로 연장하였, 로 연장함, 을 연장했고, 까지 연장하면서, 까지 연장하여, 까지 연장하고, 으로 연장해', 까지 연장할계획, 에 연장하여"
수록,1425,8,24,34,"에 수록했다, 을 수록하였, 를 수록하고, 에 수록하였, 을 수록한《, 를 수록했다, 을 수록하고, 를 수록하였, 을 수록했고, 을 수록하여, 에 수록하기, 을 수록했다, 에 수록하지, 를 수록하여, 을 수록한앨범, 을 수록하기, 을 수록한DVD, 을 수록하는, 으로 수록했다, 을 수록한다, 을 수록한책, 를 수록한책, 을 수록한음반, 를 수록한DVD, 를 수록한《, 만 수록하였, 을 수록한것, 를 수록한것, 을 수록한CD, 로 수록하고, 를 수록한CD, 에 수록하고, 으로 수록하였, 를 수록하는"
장식,1415,6,20,36,"로 장식했다, 를 장식하는, 을 장식하기, 을 장식했다, 으로 장식하는, 로 장식하였, 를 장식하였, 을 장식한다, 를 장식하고, 을 장식하였, 을 장식하고, 을 장식하는, 를 장식했다, 으로 장식했다, 를 장식한다, 에 장식하는, 를 장식하며, 를 장식하기, 으로 장식하였, 으로 장식하며, 로 장식하면서, 으로 장식하고, 로 장식하고, 로 장식하는, 를 장식하게, 로 장식한다, 을 장식하자, 로 장식하여, 을 장식했고, 로 장식하며, 를 장식하여, 으로 장식하여, 을 장식하여, 을 장식한것, 으로 장식하였으며, 에 장식하여"
감지,1412,13,17,29,"을 감지하여, 를 감지하고, 을 감지하고, 을 감지한다, 를 감지하지, 를 감지하면, 를 감지하는, 을 감지하기, 를 감지하여, 를 감지할수, 을 감지할수, 를 감지했다, 가 감지할수, 을 감지했다, 를 감지한다, 을 감지하는, 도 감지할수, 를 감지하기, 으로 감지할수, 을 감지하였, 을 감지했고, 을 감지하지, 에서 감지할수, 을 감지하며, 을 감지하면, 로 감지할수, 를 감지하였, 을 감지하도록, 는 감지할수"
등판,1408,13,37,44,"로 등판했다, 로 등판해3, 로 등판하여, 로 등판하였, 에 등판하여, 로 등판하면서, 로 등판해6, 으로 등판하여, 도 등판하지, 에 등판해6, 에 등판했다, 로 등판했고, 로 등판하는, 에 등판해3, 에 등판해7, 에 등판해1, 에 등판하는, 에 등판하지, 에 등판해9, 로 등판하며, 으로 등판했다, 에 등판해평균, 에 등판했지만, 만 등판했다, 에 등판해0, 에 등판했을, 로 등판해1, 만 등판하고, 에 등판해4, 에 등판했는데, 에서 등판하여, 로 등판했지만, 에 등판했고, 로 등판해2, 에 등판하면서, 에 등판해2, 에 등판해5, 에 등판해10, 에 등판해11, 에 등판하며, 에 등판해8, 에 등판하였, 에 등판해12, 도 등판했다"
평,1405,16,6,19,"고 평하, 로 평하, 고 평했, 라고 평했, 라고 평하, 으로 평하, 이라고 평했, 라고 평한, 고 평한, 를 평하, 으로 평했, 이라고 평하, 을 평하, 에 평해, 로 평했, 을 평했, 은 평해, 의 평해, 와 평가절하"
입증,1399,8,26,31,"를 입증하였, 을 입증한것, 을 입증하는, 를 입증할수, 을 입증하였, 을 입증하지, 을 입증함으로써, 을 입증할수, 을 입증하였으며, 을 입증한다, 을 입증하고, 를 입증할만, 을 입증하기, 를 입증했다, 을 입증했다, 을 입증하려고, 를 입증하기, 을 입증하며, 을 입증해주, 을 입증하고자, 를 입증하는, 를 입증할증거, 를 입증한다, 을 입증할만, 을 입증하여야, 을 입증할증거, 를 입증하지, 을 입증하여, 을 입증하려, 를 입증하고, 을 입증했고"
초과,1398,3,22,29,"를 초과할수, 을 초과했다, 를 초과한다, 를 초과하지, 를 초과하는, 를 초과하여, 을 초과하는, 을 초과할수, 을 초과하였, 을 초과하지, 를 초과하면, 을 초과하면, 을 초과하면서, 를 초과하기, 을 초과하여, 를 초과하였, 를 초과할것, 를 초과할경우, 을 초과할경우, 를 초과하거나, 를 초과했다, 을 초과함에, 를 초과하게, 을 초과하고, 을 초과한다, 를 초과할때, 를 초과하고, 을 초과할때, 을 초과하게"
조정,1386,7,26,33,"을 조정하여, 으로 조정하여, 을 조정하는, 을 조정했다, 를 조정한다, 을 조정하기, 로 조정했다, 를 조정하는, 으로 조정할수, 으로 조정하는, 를 조정하여, 을 조정하며, 을 조정하고, 을 조정하였, 를 조정하였, 를 조정하고, 을 조정할수, 을 조정한다, 를 조정할수, 을 조정함으로써, 으로 조정하였, 으로 조정했다, 를 조정함으로써, 를 조정하거나, 로 조정한다, 를 조정하기, 로 조정하여, 로 조정하는, 으로 조정한다, 으로 조정하고, 로 조정할수, 를 조정했다, 를 조정하면서"
보도,1384,16,25,41,"를 보도했다, 을 보도했다, 으로 보도했다, 라고 보도했다, 에서 보도하였, 를 보도하기, 으로 보도하기, 으로 보도하고, 을 보도하기, 고 보도했다, 은 보도했다, 이 보도했다, 을 보도했는데, 고 보도함으로써, 을 보도하면서, 으로 보도하는, 을 보도하는, 를 보도하였, 로 보도하였, 을 보도한기사, 으로 보도하였, 가 보도했다, 이라고 보도했다, 을 보도하였, 에 보도했다, 가 보도하였, 고 보도하였, 라고 보도하였, 을 보도한다, 를 보도한다, 를 보도하지, 을 보도하며, 은 보도하였, 를 보도하는, 가 보도한바, 을 보도하고, 는 보도했다, 이라고 보도하였, 로 보도했다, 이 보도하였, 를 보도하면서"
이야기,1382,19,27,50,"으로 이야기하는, 을 이야기한것, 을 이야기하면서, 을 이야기하는, 을 이야기할때, 을 이야기했다, 을 이야기하였, 를 이야기하고, 고 이야기했다, 를 이야기하면서, 을 이야기할수, 을 이야기한다, 을 이야기해주, 을 이야기하고, 을 이야기하며, 에서 이야기하는, 을 이야기하기, 을 이야기하다, 와 이야기하고, 로 이야기할수, 를 이야기하는, 는 이야기하고, 를 이야기한다, 과 이야기하고, 로 이야기한다, 에게 이야기하는, 라고 이야기했다, 를 이야기할때, 과 이야기하는, 으로 이야기한다, 이 이야기하는, 와 이야기하는, 가 이야기하는, 에게 이야기하고, 도 이야기했다, 로 이야기하는, 를 이야기하기, 를 이야기하다, 을 이야기했는데, 라고 이야기하였, 를 이야기하며, 에게 이야기한다, 라고 이야기한다, 을 이야기하자, 을 이야기하면, 고 이야기하였, 로 이야기하고, 라고 이야기하고, 을 이야기하지만, 으로 이야기하고"
보관,1379,11,25,31,"에 보관하는, 을 보관할수, 를 보관하는, 를 보관한다, 이 보관하고, 을 보관하는, 을 보관하고, 를 보관하고, 에 보관할수, 를 보관하던, 에 보관하였, 을 보관하던, 에 보관하고, 가 보관하고, 을 보관한다, 을 보관하기, 에 보관한다, 에 보관했다, 을 보관하였, 에서 보관하고, 에 보관해두, 를 보관했던, 를 보관할수, 에 보관하기, 으로 보관하는, 를 보관하기, 에 보관하여, 을 보관했다, 로 보관하고, 를 보관하였, 에 보관하던"
수반,1378,5,20,24,"에 수반하는, 를 수반한다, 을 수반하는, 을 수반하여, 을 수반하지, 를 수반하는, 에 수반하여, 을 수반한다, 을 수반하기, 을 수반하였, 을 수반했다, 를 수반하지, 을 수반하며, 을 수반하고, 에 수반해,, 을 수반할수, 를 수반하고, 를 수반할수, 에 수반해개업, 에 수반해이, 에 수반해고베, 에 수반해오, 에 수반해쓰쿠바, 에 수반해기타소마"
못,1371,13,41,41,"을 못하게, 는 못했으나,, 도 못할정도, 를 못했다, 을 못하면, 를 못하는, 는 못하였, 을 못하겠, 을 못하고, 는 못하는, 는 못했다, 을 못했고, 는 못할것, 을 못함, 은 못했다, 을 못한, 을 못하도록, 은 못하지만, 을 못한다, 를 못하게, 을 못하는, 를 못하고, 를 못한, 을 못하여, 을 못했다, 도 못해본, 을 못하다가, 을 못하였, 은 못하고, 을 못하기, 보다 못하다, 은 못했지만, 을 못했지만, 보다 못하다고, 까지 못해본, 를 못한다, 에게 못했던, 을 못하자, 보다 못한사이, 을 못하였을, 를 못해-"
산,1365,14,4,15,"의 산하, 도 산한, 도 산하, 는 산하, 와 산하, 이 산해, 을 산하, 를 산하, 이 산하, 가 산하, 으로 산하, 과 산하, 은 산하, 로 산하, 에 산하"
진격,1364,12,31,41,"로 진격하면서, 로 진격하기, 으로 진격하였, 로 진격했다, 로 진격하자, 으로 진격했다, 까지 진격했으나,, 로 진격하고, 으로 진격하여, 으로 진격해왔, 까지 진격하였, 로 진격하였, 로 진격하여, 로 진격해오, 으로 진격하자, 으로 진격하게, 까지 진격했다, 로 진격하는, 로 진격했고, 으로 진격하는, 으로 진격하기, 로 진격했지만, 으로 진격하고, 으로 진격한다, 으로 진격했고, 으로 진격할때, 이 진격하는, 이 진격해오, 까지 진격하는, 으로 진격하려, 를 진격했다, 까지 진격했지만, 으로 진격할수, 로 진격하던, 까지 진격하여, 으로 진격하면서, 에서 진격하는, 로 진격할수, 으로 진격하던, 까지 진격하였으나, 에 진격하여"
광범위,1359,21,18,23,"으로 광범위하게, 에 광범위하게, 에서 광범위하게, 까지 광범위하게, 은 광범위하게, 와 광범위하게, 를 광범위하게, 이 광범위하게, 도 광범위하게, 가 광범위하게, 을 광범위하게, 에 광범위한영향, 로 광범위하게, 는 광범위하고, 의 광범위한범위, 의 광범위한지역, 는 광범위하게, 의 광범위한사용, 의 광범위한영역, 의 광범위하고, 과 광범위하게, 의 광범위한지지, 은 광범위하고"
추적,1359,10,21,28,"를 추적하기, 을 추적하는, 를 추적하는, 을 추적했다, 를 추적한다, 을 추적하려는, 을 추적하기, 을 추적한다, 로 추적할수, 을 추적하여, 를 추적할수, 을 추적하였, 를 추적하여, 을 추적하고, 을 추적할수, 을 추적하며, 을 추적하다, 를 추적하던, 을 추적하게, 를 추적하고, 를 추적하였, 에 추적할수, 를 추적한결과, 을 추적하던, 를 추적했다, 을 추적하면서, 를 추적하면서, 를 추적하며"
의거,1357,1,12,12,"에 의거하여, 에 의거하면, 에 의거한것, 에 의거한다, 에 의거하는, 에 의거하고, 에 의거하지, 에 의거해,, 에 의거하며, 에 의거해조선, 에 의거해양지명, 에 의거한기종점"
구매,1327,14,29,39,"를 구매할수, 를 구매하도록, 를 구매하는, 을 구매하도록, 으로 구매하여, 을 구매했다, 을 구매하는, 을 구매하였, 을 구매한다, 을 구매하거나, 를 구매했다, 를 구매하였, 을 구매하여, 만 구매할수, 을 구매할수, 를 구매하기, 을 구매한사람, 으로 구매할수, 를 구매하고, 을 구매하기, 에 구매했다, 로 구매하는, 을 구매하고, 을 구매해야한다, 를 구매하거나, 를 구매하여, 을 구매하면, 를 구매하지, 를 구매할때, 에서 구매할수, 을 구매하지, 로 구매할수, 에 구매할수, 을 구매할때, 를 구매하면, 으로 구매하는, 도 구매할수, 을 구매한다음, 는 구매할수"
상응,1324,9,11,22,"에 상응하는, 와 상응하는, 에 상응한다, 과 상응하는, 에 상응하여, 과 상응한다, 과 상응하게, 와 상응한다, 은 상응하는, 는 상응하는, 과 상응하여, 와 상응하게, 과 상응하고, 와 상응하고, 에 상응하기, 과 상응하지, 과 상응함으로써, 와 상응하여, 와 상응하지, 과 상응할수, 는 상응하지, 이 상응하는"
부인,1320,10,20,31,"을 부인했다, 을 부인하는, 를 부인했다, 을 부인하였, 를 부인하며, 도 부인할수, 은 부인할수, 를 부인하였, 를 부인하고, 을 부인하고, 을 부인할수, 를 부인하는, 을 부인한다, 을 부인하면서, 을 부인했고, 를 부인한다, 을 부인하며, 를 부인하지, 을 부인하기, 는 부인하였, 를 부인했고, 고 부인했다, 으로 부인했다, 을 부인하지, 는 부인했다, 은 부인했다, 을 부인하여, 가 부인하는, 을 부인했지만, 를 부인했지만, 를 부인하면서"
이사,1314,6,19,22,"으로 이사했고, 로 이사했다, 으로 이사했다, 으로 이사하여, 로 이사하였, 으로 이사하였, 으로 이사하기, 로 이사한후, 으로 이사한다, 로 이사하여, 로 이사한다, 로 이사하기, 로 이사하면서, 로 이사한뒤, 으로 이사하고, 로 이사했고, 로 이사했으며,, 로 이사하고, 으로 이사한후, 로 이사하였으며, 으로 이사하게, 로 이사하게"
취소,1312,10,26,36,"을 취소하라, 을 취소하겠, 을 취소하도록, 을 취소하였, 을 취소할것, 을 취소했다, 을 취소할수, 을 취소하고, 을 취소하는, 를 취소했다, 를 취소하고, 을 취소하며, 를 취소하였, 를 취소하지, 를 취소하는, 을 취소하라고, 을 취소하게, 을 취소해달, 를 취소하여, 을 취소하거나, 을 취소하지, 를 취소하면서, 을 취소하여, 를 취소할수, 을 취소했고, 을 취소하면서, 를 취소하기, 를 취소하거나, 를 취소할것, 를 취소한것, 을 취소한다, 는 취소할수, 을 취소하기, 를 취소했고, 을 취소했다고, 을 취소하여야"
검토,1310,10,33,35,"을 검토하였, 을 검토하고, 으로 검토하고, 를 검토했다, 를 검토하고, 을 검토하기, 을 검토할수, 를 검토한다, 도 검토했다, 을 검토하는, 을 검토했다, 를 검토할것, 을 검토한결과, 를 검토하겠, 을 검토하던, 를 검토한결과, 를 검토하기, 도 검토하고, 를 검토한후, 를 검토하여, 을 검토하였으나, 을 검토하겠, 를 검토하였, 을 검토한후, 를 검토하게, 을 검토하여, 을 검토한다, 을 검토해보, 을 검토하면서, 을 검토했지만, 을 검토하도록, 을 검토하게, 를 검토하는, 으로 검토하여, 으로 검토한결과"
입당,1306,6,18,19,"에 입당했고, 에 입당하였으며, 에 입당했으나,, 으로 입당하였, 에 입당하였, 에 입당하여, 에 입당하기, 에 입당한후, 으로 입당하여, 에 입당했다, 에 입당하면서, 에 입당하게, 에 입당하며, 에 입당하고, 에 입당한다, 에 입당하지, 에 입당하였으나, 에 입당한뒤, 에 입당했으며,"
양성,1299,5,15,18,"으로 양성하는, 을 양성하기, 를 양성하기, 을 양성하는, 를 양성하여, 을 양성하고, 을 양성하였, 를 양성하였, 를 양성하고, 을 양성하여, 을 양성했다, 을 양성하며, 를 양성한다, 를 양성하는, 을 양성한다, 를 양성했다, 을 양성하던, 을 양성하고자"
개입,1290,10,29,39,"는 개입하지, 에 개입할수, 에 개입하기, 가 개입하여, 이 개입하여, 에 개입했다, 이 개입할수, 에 개입하였으며, 에 개입했다는, 으로 개입하였, 에 개입하여, 가 개입하는, 에 개입하게, 에 개입하였, 에 개입하는, 에 개입하지, 으로 개입하여, 으로 개입했다, 에 개입하고, 에 개입한사실, 가 개입했다는, 이 개입했다는, 이 개입하였, 에 개입했다고, 에 개입했고, 이 개입하면서, 에 개입하면서, 이 개입하는, 에 개입하며, 에 개입한혐의, 이 개입하지, 가 개입하면서, 으로 개입할수, 에 개입한다, 으로 개입하는, 에 개입한것, 가 개입하지, 이 개입하기, 으로 개입하기"
사퇴,1288,11,23,39,"을 사퇴하고, 을 사퇴하였, 을 사퇴했다, 을 사퇴하는, 이 사퇴했다, 를 사퇴하고, 로 사퇴했다, 으로 사퇴하자, 가 사퇴하고, 는 사퇴하였, 에서 사퇴했다, 을 사퇴하게, 을 사퇴하면서, 이 사퇴하였, 에 사퇴했다, 을 사퇴한뒤, 으로 사퇴했다, 에서 사퇴하였, 을 사퇴한다, 에 사퇴하였, 에서 사퇴하고, 으로 사퇴하고, 에 사퇴하여, 을 사퇴하겠, 이 사퇴하면서, 로 사퇴하였, 을 사퇴하였으며, 이 사퇴하고, 이 사퇴하자, 를 사퇴하였, 가 사퇴하였, 이 사퇴하는, 을 사퇴하여, 으로 사퇴하였, 가 사퇴하자, 을 사퇴할것, 에서 사퇴하겠, 를 사퇴했다, 가 사퇴하면서"
도전,1287,9,23,28,"에 도전하기, 에 도전하는, 에게 도전한다, 에 도전하여, 에 도전하며, 에 도전할것, 에 도전하고, 에 도전할수, 에 도전한다, 에 도전한것, 에 도전하게, 에게 도전하는, 에 도전하였으나, 에 도전하였, 에 도전하지, 을 도전하는, 에 도전했으나,, 에 도전하다, 으로 도전하는, 를 도전하는, 에 도전하지만, 에 도전하라, 에 도전하면서, 에 도전하겠, 도 도전하고, 도 도전했다, 에 도전했으나실패, 에게 도전하기"
뒷받침,1285,5,15,24,"을 뒷받침하는, 를 뒷받침할수, 를 뒷받침하고, 을 뒷받침해준다, 을 뒷받침할수, 을 뒷받침한다, 를 뒷받침하는, 를 뒷받침한다, 으로 뒷받침하는, 을 뒷받침하고, 을 뒷받침해주, 를 뒷받침하기, 를 뒷받침해주, 을 뒷받침하지, 을 뒷받침했다, 을 뒷받침하기, 을 뒷받침할만, 를 뒷받침할만, 을 뒷받침할증거, 을 뒷받침하였, 를 뒷받침했다, 을 뒷받침해줄, 를 뒷받침해준다, 를 뒷받침하지"
제조,1284,10,20,30,"을 제조하는, 으로 제조하는, 를 제조하였, 에서 제조하고, 를 제조하는, 을 제조할수, 를 제조하고, 을 제조할때, 을 제조하여, 을 제조하기, 을 제조하였, 을 제조했다, 를 제조하여, 를 제조한다, 을 제조한다, 을 제조하고, 을 제조하며, 를 제조하기, 으로 제조할수, 가 제조하여, 가 제조하고, 에서 제조하는, 를 제조할수, 에서 제조하였, 를 제조했다, 가 제조하는, 도 제조한다, 이 제조하고, 가 제조한안드로이드, 가 제조해메르세데스"
지명,1283,9,30,43,"를 지명하였, 로 지명했다, 로 지명했지만, 로 지명하였, 을 지명하는, 를 지명했다, 으로 지명했다, 으로 지명하였, 로 지명하고, 를 지명하며, 를 지명하고, 로 지명하면서, 로 지명하는, 이 지명한요인, 이 지명하고, 을 지명할수, 을 지명한다, 이 지명하는, 를 지명하는, 으로 지명하는, 로 지명한다, 을 지명했다, 을 지명하였, 으로 지명하고, 로 지명하여, 를 지명할수, 을 지명하고, 로 지명했다고, 에 지명하였, 를 지명하지, 로 지명했고, 를 지명하여, 을 지명했고, 에 지명했다, 를 지명한다, 로 지명할수, 으로 지명한다, 에서 지명한다, 을 지명하여, 이 지명하여, 를 지명했고, 를 지명하기, 대로 지명하는"
설득,1281,10,21,24,"를 설득할수, 를 설득하고, 를 설득하였, 을 설득했다, 을 설득하였, 을 설득하기, 을 설득하였으나, 을 설득하여, 를 설득했다, 을 설득하고, 를 설득하여, 을 설득하는, 을 설득했고, 을 설득하며, 을 설득하려, 를 설득하기, 를 설득하는, 를 설득하려, 을 설득한다, 을 설득하려고, 을 설득했지만, 를 설득했고, 를 설득한다, 를 설득하지만"
목격,1281,8,27,31,"을 목격했다, 을 목격할수, 을 목격하였, 을 목격하게, 을 목격한것, 을 목격하고, 를 목격하고, 을 목격하며, 을 목격하는, 를 목격하였, 를 목격한다, 을 목격한사람, 을 목격한다, 을 목격한그, 를 목격했다, 을 목격했고, 을 목격하기, 을 목격하면서, 을 목격했다는, 를 목격하게, 를 목격했다는, 을 목격했으며,, 을 목격했다고, 을 목격하여, 를 목격했다고, 을 목격하지, 을 목격한후, 을 목격했던, 을 목격한뒤, 을 목격한이후, 를 목격했고"
문,1281,8,4,6,"의 문하, 의 문해, 과 문하, 는 문외한, 을 문하, 는 문하"
허락,1277,13,25,33,"을 허락하지, 가 허락하지, 을 허락해주, 을 허락하는, 를 허락했다, 를 허락하지, 을 허락할수, 을 허락하였, 이 허락하는, 을 허락해달, 을 허락한다, 을 허락한것, 을 허락했다, 은 허락하지, 를 허락하고, 을 허락하여, 는 허락하지, 을 허락하고, 을 허락해줄, 를 허락하였, 를 허락한다, 이 허락하지, 를 허락하여, 을 허락할것, 를 허락하는, 을 허락하기, 도 허락하지, 을 허락하며, 를 허락해주, 을 허락하면서, 의 허락하에, 을 허락했고, 만 허락한사랑"
시,1277,12,13,13,"을 시해, 를 시해, 이 시해, 의 시할구이, 가 시해, 의 시한, 의 시할구와, 의 시할구,, 에게 시해, 도 시할구*, 에 시하, 의 시할구분류, 에게 시해당했"
감행,1274,5,24,29,"을 감행한다, 을 감행했다, 을 감행하여, 을 감행하는, 을 감행하였, 을 감행할것, 을 감행했는데, 을 감행하게, 을 감행할수, 을 감행하였으며, 을 감행했고, 를 감행하였, 을 감행했지만, 를 감행하여, 을 감행하기, 을 감행함으로써, 를 감행했다, 을 감행하며, 을 감행하면서, 을 감행하고, 을 감행하자, 을 감행하지만, 를 감행하는, 를 감행하고, 를 감행했고, 를 감행하면서, 을 감행한것, 를 감행한다, 을 감행하였으나"
감안,1270,4,13,15,"을 감안하고, 를 감안한), 을 감안할때, 을 감안하여, 을 감안한다면,, 을 감안하면, 을 감안하더라도, 을 감안해야한다, 을 감안했을, 를 감안할때, 를 감안하면, 을 감안하지, 을 감안했다, 을 감안한것, 를 감안하여"
등록,1268,12,29,49,"로 등록하여, 에 등록했고, 에 등록하여, 를 등록하고, 을 등록하였, 으로 등록했다, 에 등록했다, 으로 등록하였, 에 등록하였, 에 등록하고, 으로 등록하여, 를 등록했다, 로 등록하였, 로 등록했고, 이 등록했다, 을 등록하는, 으로 등록하는, 만 등록할수, 를 등록하기, 을 등록하고, 로 등록하고, 으로 등록하고, 을 등록할수, 에 등록해야한다, 를 등록하였, 으로 등록할수, 에 등록하지, 로 등록했다, 에 등록하는, 를 등록하여, 이 등록하였, 에 등록한다, 로 등록하는, 에 등록할수, 을 등록하여, 를 등록할수, 로 등록할수, 로 등록하면서, 를 등록하는, 을 등록하기, 를 등록하면, 을 등록했다, 에 등록하면, 를 등록할때, 에 등록하기, 에 등록하여야, 로 등록하기, 에 등록하게, 을 등록할때"
현존,1266,15,6,21,"는 현존하지, 의 현존하는, 은 현존하는, 에 현존하는, 에서 현존하는, 가 현존하고, 이 현존하는, 는 현존하는, 도 현존하는, 이 현존한다, 은 현존하지, 가 현존한다, 으로 현존하는, 가 현존해있, 가 현존하는, 이 현존하고, 로 현존하는, 와 현존하는, 에 현존하고, 과 현존하는, 이 현존해있"
습격,1264,9,27,30,"을 습격하여, 을 습격하게, 을 습격했다, 를 습격하게, 을 습격하였, 을 습격한사건, 를 습격하기, 를 습격하여, 를 습격하였, 를 습격하고, 을 습격하고, 를 습격한사건, 를 습격하는, 을 습격하기, 을 습격하였으나, 를 습격했다, 을 습격하는, 을 습격하자, 를 습격한것, 을 습격했고, 을 습격한다, 를 습격할때, 을 습격할계획, 를 습격하자, 을 습격하면서, 를 습격한다, 를 습격했고, 을 습격했을, 를 습격하지만, 을 습격하지만"
출장,1263,12,25,33,"에 출장해2, 에 출장하면서, 에 출장했다, 에 출장하여, 로 출장하였, 로 출장하는, 에 출장하였, 에 출장해타율, 에 출장하지, 로 출장하여, 에 출장해1, 로 출장했다, 도 출장하지, 에 출장하며, 에 출장하고, 에 출장하는, 를 출장하였, 에 출장하였으며, 에 출장할수, 으로 출장하지, 으로 출장하였, 에 출장해,, 만 출장하였, 에 출장하기, 에 출장했으며,, 에 출장한선수, 에 출장해3, 도 출장하였, 에 출장했고, 에 출장했지만, 는 출장하지, 으로 출장한선수, 은 출장하지"
소화,1257,9,23,31,"를 소화할수, 도 소화할수, 를 소화한다, 를 소화하며, 을 소화하였, 을 소화할수, 을 소화하는, 을 소화했다, 을 소화해내, 를 소화해내, 를 소화하기, 을 소화해냈다, 를 소화하는, 을 소화했고, 을 소화했지만, 를 소화하면서, 를 소화하지, 을 소화하며, 를 소화하였, 를 소화했다, 을 소화하기, 을 소화하지, 를 소화하고, 를 소화한뒤, 을 소화한다, 을 소화하고, 를 소화했고, 을 소화하여, 를 소화한후, 을 소화하면서, 를 소화하다가"
유행,1256,10,19,41,"이 유행했다, 가 유행하게, 가 유행하였, 가 유행하여, 에서 유행하기, 도 유행하였, 이 유행하게, 에서 유행했다, 에 유행하던, 이 유행하자, 이 유행하였, 이 유행하면서, 이 유행하기, 에서 유행하던, 에서 유행했던, 까지 유행하였, 에서 유행하였, 에 유행하고, 에서 유행하는, 이 유행하고, 가 유행하면서, 에 유행하는, 가 유행하고, 가 유행하는, 가 유행했다, 이 유행하여, 가 유행하기, 에 유행하였, 가 유행했던, 이 유행했는데, 에 유행했던, 으로 유행하는, 이 유행하는, 가 유행하던, 부터 유행하기, 으로 유행하고, 으로 유행했던, 에서 유행하고, 에 유행했다, 이 유행하던, 까지 유행했던"
집필,1248,11,29,35,"을 집필한다, 을 집필했다, 를 집필하여, 를 집필했고, 를 집필하기, 을 집필하면서, 를 집필하고, 을 집필하던, 를 집필하는, 를 집필하였, 을 집필하였, 을 집필하고, 을 집필하는, 을 집필하기, 을 집필하였으며, 를 집필했다, 을 집필하여, 을 집필했고, 가 집필하고, 를 집필하던, 가 집필한《, 를 집필한다, 을 집필하며, 를 집필하면서, 가 집필한소설, 를 집필할때, 를 집필했다고, 도 집필하였, 을 집필하게, 도 집필했다, 가 집필하였, 을 집필했는데, 를 집필했으며,, 을 집필했으며,, 가 집필한일본"
기인,1245,8,15,18,"에 기인한다, 에서 기인한다, 에 기인하는, 에 기인한것, 에서 기인하는, 에 기인하여, 에서 기인한것, 에 기인할수, 에 기인하고, 에 기인하며, 서 기인한다, 에 기인하기, 에서 기인하였, 에서 기인했다, 도 기인한다, 에 기인했다, 에 기인하지만, 에서 기인했다고"
투입,1245,9,25,31,"에 투입하였, 을 투입하는, 을 투입했다, 을 투입하고, 에 투입했다, 을 투입할수, 을 투입하여, 을 투입하였, 를 투입하였, 로 투입하였, 를 투입했다, 를 투입하고, 에 투입하여, 를 투입하여, 을 투입하기, 에 투입하기, 에 투입하는, 에 투입하고, 을 투입하며, 에 투입했고, 를 투입하기, 을 투입했고, 에 투입함으로써, 을 투입하지, 를 투입하는, 에 투입한다, 에 투입할목적, 에 투입할수, 를 투입한다, 로 투입하여, 를 투입하며"
표방,1243,6,18,25,"을 표방하는, 을 표방하였, 를 표방하고, 을 표방하여, 를 표방한다, 를 표방하면서, 를 표방했던, 를 표방하는, 를 표방하였, 을 표방하고, 을 표방하면서, 를 표방하며, 를 표방하였으며, 를 표방하여, 을 표방하며, 을 표방하였으나, 이 표방하는, 을 표방했다, 을 표방하기, 를 표방하기, 를 표방했다, 을 표방한다, 를 표방하던, 를 표방하지, 를 표방했지만"
자극,1239,3,15,28,"을 자극하는, 을 자극하기, 을 자극하고, 을 자극할수, 를 자극했다, 을 자극하였, 를 자극하여, 을 자극했고, 을 자극하면, 을 자극하지, 를 자극하였, 을 자극하여, 를 자극하는, 을 자극하며, 을 자극한다, 를 자극하지, 를 자극한다, 을 자극하게, 를 자극할수, 을 자극했다, 를 자극하기, 를 자극하고, 을 자극함으로써, 으로 자극하는, 을 자극하거나, 를 자극하며, 를 자극하게, 를 자극하면"
조종,1236,10,20,35,"이 조종하는, 에서 조종하는, 을 조종하거나, 로 조종하는, 을 조종하게, 을 조종하는, 를 조종할수, 를 조종하여, 에서 조종한것, 가 조종하는, 를 조종하는, 를 조종하고, 를 조종하였, 을 조종하여, 을 조종할수, 을 조종하기, 을 조종한다, 가 조종하던, 를 조종하게, 를 조종했다, 을 조종하고, 를 조종한다, 을 조종하던, 를 조종하며, 를 조종하기, 으로 조종한다, 로 조종할수, 에서 조종하고, 으로 조종할수, 가 조종할수, 가 조종하고, 으로 조종하는, 을 조종하며, 로 조종한다, 이 조종하다"
반발,1236,13,18,25,"에 반발하여, 에 반발하며, 에 반발하던, 이 반발하여, 에 반발했다, 이 반발하고, 이 반발하면서, 는 반발했다, 에 반발하였, 이 반발하는, 에 반발하는, 에 반발하면서, 가 반발했다, 이 반발하였, 이 반발했다, 이 반발하자, 은 반발했고, 은 반발하였, 는 반발하였, 에 반발하고, 에 반발하자, 에 반발했고, 가 반발하여, 가 반발하면서, 에 반발해일어난"
논,1235,10,6,18,"를 논하, 을 논했, 를 논할, 을 논하, 의 논하, 을 논할, 에서 논해, 으로 논하, 을 논한, 를 논했, 를 논한, 을 논함, 를 논함, 의 논한, 도 논하, 의 논해, 에서 논한, 로 논하"
접촉,1235,14,28,46,"에 접촉하는, 과 접촉했을, 과 접촉하고, 와 접촉하는, 과 접촉할때, 와 접촉하여, 와 접촉하게, 과 접촉할수, 와 접촉하면, 와 접촉하기, 과 접촉하여, 과 접촉했다, 과 접촉하면서, 과 접촉하지, 에 접촉하면, 과 접촉하기, 와 접촉하였, 와 접촉하고, 도 접촉하고, 과 접촉하면, 와 접촉하지, 에 접촉하고, 과 접촉하는, 과 접촉하였, 과 접촉하게, 와 접촉했다, 와 접촉했을, 와 접촉한후, 에 접촉하여, 에 접촉하게, 와 접촉할수, 와 접촉한것, 와 접촉하면서, 과 접촉한것, 과 접촉한다, 과 접촉하며, 와 접촉한다, 가 접촉하는, 에 접촉하지, 이 접촉하고, 으로 접촉하는, 에 접촉할경우, 와 접촉했고, 에 접촉하거나, 과 접촉함으로써, 와 접촉한사람"
보좌,1234,7,17,21,"에서 보좌하는, 을 보좌하는, 을 보좌하였, 을 보좌하고, 를 보좌하였, 을 보좌하며, 를 보좌하여, 를 보좌하게, 를 보좌하는, 을 보좌하여, 을 보좌하기, 을 보좌하게, 를 보좌했다, 를 보좌하고, 을 보좌하던, 를 보좌하며, 을 보좌했다, 를 보좌한다, 을 보좌한다, 를 보좌하기, 을 보좌했고"
충분,1233,21,40,38,"에 충분하다는, 으로 충분하다, 은 충분한양, 을 충분하게, 도 충분하다, 에 충분하지, 는 충분하지, 이 충분하지, 는 충분하다고, 도 충분하지, 은 충분하지, 가 충분하다, 이 충분하면, 에 충분한에너지, 를 충분하게, 에 충분했다, 으로 충분하지, 가 충분하지, 는 충분하다, 가 충분한것, 는 충분했다, 이 충분하다, 에 충분한양, 도 충분하다고, 이 충분하게, 에 충분할것, 에 충분하였, 가 충분하다고, 로 충분하지, 에 충분하다, 이 충분하다고, 으로 충분하다는, 는 충분한양, 가 충분하고, 으로 충분하다고, 으로 충분하며, 에 충분하다고, 로 충분하다"
예상,1233,11,21,36,"을 예상하였, 으로 예상했던, 를 예상하고, 으로 예상하고, 을 예상하지, 으로 예상하였, 으로 예상한다, 를 예상했다, 을 예상하여, 는 예상하지, 을 예상하고, 도 예상하지, 을 예상할수, 이 예상했던, 으로 예상했다, 을 예상했다, 을 예상한다, 으로 예상했지만, 이 예상한것, 에 예상했던, 으로 예상하였으나, 으로 예상할수, 는 예상했던, 를 예상하였, 가 예상했던, 를 예상하는, 으로 예상하는, 을 예상했지만, 으로 예상했으나,, 를 예상하여, 를 예상할수, 로 예상했다, 으로 예상하며, 을 예상하는, 으로 예상하여, 은 예상했던"
개장,1221,9,22,31,"가 개장하였, 이 개장하다, 이 개장하였, 를 개장하였, 가 개장했다, 이 개장했다, 으로 개장했다, 을 개장하였, 에 개장했다, 에 개장하였, 에 개장할예정, 에 개장하였으며, 에 개장했으며,, 으로 개장하였, 이 개장하면서, 으로 개장하였으며, 에 개장하여, 이 개장하기, 이 개장할때, 을 개장했다, 을 개장하고, 가 개장하면서, 로 개장하였, 로 개장했다, 를 개장했다, 가 개장하기, 에 개장했고, 까지 개장한다, 까지 개장하며, 에 개장한이, 로 개장한키자니아"
입성,1214,6,20,25,"에 입성한뒤, 에 입성하였으며, 에 입성했고, 에 입성했다, 에 입성하여, 에 입성하고, 에 입성할때, 에 입성하였, 에 입성하게, 에 입성하자, 에 입성하면서, 에 입성했을, 가 입성하였, 에 입성하는, 에 입성하기, 에 입성한후, 로 입성하였, 에 입성하지, 에 입성한다, 에 입성했으며,, 로 입성했다, 가 입성한다, 에 입성할수, 으로 입성하였, 으로 입성했다"
변환,1209,5,19,21,"로 변환하여, 로 변환할수, 를 변환하는, 로 변환한다, 로 변환하면, 으로 변환한다, 으로 변환하는, 으로 변환하여, 로 변환하는, 로 변환하고, 로 변환하기, 으로 변환하고, 를 변환하여, 으로 변환할수, 을 변환하는, 으로 변환하면, 를 변환할수, 으로 변환하기, 로 변환해주, 로 변환한다음, 로 변환할때"
청구,1206,8,18,26,"을 청구하였으나, 을 청구하였, 을 청구하는, 을 청구할수, 을 청구했다, 를 청구할수, 을 청구한것, 을 청구하여, 을 청구하기, 을 청구할권리, 을 청구하지, 를 청구하는, 을 청구한사건, 이 청구할수, 가 청구할수, 를 청구하였, 를 청구한다, 을 청구했고, 에 청구할수, 을 청구하고, 을 청구했지만, 을 청구한다, 을 청구하거나, 을 청구하여야, 를 청구할권리, 에게 청구할수"
후원,1205,9,19,29,"을 후원하였, 의 후원하에, 이 후원하는, 를 후원했다, 을 후원하고, 를 후원하였, 가 후원한다, 을 후원하는, 을 후원하여, 을 후원하기, 을 후원하던, 를 후원하고, 을 후원했다, 이 후원한다, 가 후원하는, 으로 후원하였, 를 후원하던, 가 후원하고, 를 후원하기, 를 후원하는, 가 후원하였, 가 후원하여, 에서 후원하는, 를 후원한다, 을 후원한다, 을 후원했고, 이 후원하고, 에서 후원하고, 가 후원하며"
소멸,1203,12,16,27,"은 소멸하였, 는 소멸한다, 으로 소멸했다, 이 소멸하여, 는 소멸했다, 가 소멸하였, 이 소멸하는, 에 소멸하였, 는 소멸하고, 에서 소멸하였, 이 소멸하였, 으로 소멸하였, 은 소멸하게, 이 소멸했다, 도 소멸한다, 이 소멸하면, 은 소멸했다, 가 소멸했다, 는 소멸하였, 에 소멸했다, 가 소멸하고, 은 소멸하고, 가 소멸하는, 는 소멸하지, 이 소멸하고, 도 소멸하였, 로 소멸하였"
추천,1201,10,26,43,"로 추천했다, 를 추천했다, 으로 추천하는, 에 추천했다, 를 추천하기, 을 추천하여, 를 추천하여, 을 추천하였, 를 추천하였, 로 추천하여, 를 추천하는, 이 추천하는, 를 추천하고, 이 추천한3, 을 추천하는, 으로 추천했다, 을 추천할수, 를 추천할수, 를 추천하였으나, 를 추천한다, 에게 추천하였, 을 추천했다, 으로 추천하였, 을 추천하고, 로 추천하였, 을 추천한다, 에서 추천하는, 를 추천한것, 에게 추천하여, 을 추천해주, 를 추천하지, 을 추천해준다, 에게 추천했다, 으로 추천하여, 을 추천했고, 을 추천하기, 를 추천했지만, 를 추천해주, 을 추천하지, 이 추천한사람, 가 추천하는, 을 추천하였으나, 를 추천했고"
생존,1199,13,18,38,"이 생존하는, 이 생존해있, 에서 생존할수, 에 생존해있, 으로 생존할수, 가 생존하여, 까지 생존하여, 가 생존했던, 에 생존했던, 가 생존하는, 가 생존해있, 에서 생존하기, 이 생존하고, 도 생존할수, 까지 생존할수, 가 생존하고, 는 생존해있, 가 생존할수, 에서 생존하는, 까지 생존해있, 이 생존하였, 도 생존해있, 이 생존하여, 이 생존했다, 이 생존하기, 에 생존하는, 까지 생존하였, 까지 생존했다, 이 생존할수, 까지 생존했던, 은 생존해있, 에서 생존하고, 는 생존할수, 에 생존하였, 가 생존하던, 에 생존했었던, 이 생존했었던, 가 생존했었던"
선발,1199,9,16,32,"을 선발하고, 을 선발하는, 을 선발하여, 을 선발하였, 를 선발하였, 을 선발한다, 을 선발하지, 으로 선발한다, 로 선발하였, 로 선발하여, 를 선발하여, 으로 선발하는, 를 선발할때, 을 선발했다, 을 선발하기, 를 선발하는, 를 선발할수, 으로 선발하여, 를 선발하지, 를 선발하고, 을 선발하게, 로 선발한다, 를 선발한다, 으로 선발하였, 에서 선발하는, 를 선발하며, 을 선발하며, 를 선발하기, 를 선발했다, 을 선발할때, 를 선발한후, 을 선발한후"
예방,1198,6,14,18,"을 예방하기, 을 예방하고, 를 예방하기, 를 예방할수, 을 예방할수, 에 예방할수, 을 예방하는, 을 예방하지, 를 예방하고자, 을 예방하였, 을 예방한다, 를 예방하거나, 를 예방하는, 를 예방한다, 를 예방하고, 을 예방하거나, 으로 예방할수, 으로써 예방할수"
발간,1190,10,22,36,"을 발간하였으며, 를 발간하고, 이 발간하는, 으로 발간하였, 를 발간하였, 을 발간했다, 에서 발간하는, 에서 발간한《, 를 발간하는, 을 발간하였, 를 발간했다, 을 발간하는, 을 발간했는데, 를 발간했고, 을 발간하여, 을 발간하면서, 을 발간하고, 을 발간했으며,, 를 발간한다, 를 발간하며, 를 발간하여, 를 발간하면서, 으로 발간하는, 을 발간하기, 가 발간한', 로 발간하였, 를 발간하기, 로 발간했다, 가 발간한친일인명사전, 을 발간한다, 에서 발간하였, 으로 발간하고, 가 발간한《, 가 발간하는, 를 발간하였으며, 에서 발간하고"
추대,1189,6,26,37,"로 추대하였, 으로 추대했다, 으로 추대하고, 을 추대하고, 로 추대했다, 으로 추대하였, 로 추대하려, 를 추대하려, 로 추대하고, 으로 추대하는, 를 추대하기, 를 추대했다, 으로 추대하여, 을 추대하여, 을 추대하려던, 으로 추대하기, 으로 추대하려, 을 추대하려, 으로 추대하려는, 를 추대하려는, 로 추대하려는, 로 추대하여, 를 추대하였, 로 추대하는, 로 추대하기, 로 추대한것, 을 추대하기, 로 추대하였으나, 에 추대하였, 를 추대하여, 을 추대했다, 을 추대하였, 를 추대하고, 로 추대했고, 로 추대하면서, 를 추대하는, 을 추대하는"
상대,1188,13,27,38,"을 상대하는, 을 상대하기, 를 상대하기, 을 상대할때, 을 상대하면서, 를 상대하였, 을 상대해야했, 을 상대하였, 를 상대할수, 을 상대했다, 을 상대하게, 을 상대할수, 를 상대하는, 에 상대하여, 를 상대하여, 를 상대하게, 를 상대했지만, 을 상대하여, 를 상대했다, 와 상대하여, 을 상대하지, 를 상대했고, 와 상대할때, 을 상대하며, 를 상대했는데, 과 상대하면서, 를 상대하였으나, 을 상대하고, 를 상대하며, 를 상대한다, 와 상대하면서, 을 상대하러, 를 상대할때, 와 상대했지만, 와 상대하였, 을 상대한다, 는 상대하지, 이 상대하게"
매각,1187,7,27,30,"을 매각했다, 를 매각하기, 을 매각하였, 에게 매각했다, 을 매각하고, 에 매각하는, 에 매각하기, 를 매각하여, 에 매각하였, 에 매각하였으며, 을 매각하는, 를 매각하고, 에 매각했다, 을 매각하면서, 으로 매각하였, 에 매각하면서, 에 매각하고, 를 매각했다, 을 매각하기, 를 매각하였, 에 매각하여, 에 매각한다, 을 매각하여, 에 매각한후, 를 매각하는, 에 매각했고, 에게 매각하였, 을 매각했고, 에 매각한것, 로 매각하였"
완벽,1184,19,17,21,"를 완벽하게, 을 완벽하게, 에서 완벽하게, 과 완벽하게, 으로 완벽하게, 가 완벽하지, 도 완벽하게, 이 완벽하지, 이 완벽하게, 는 완벽하게, 은 완벽하지, 은 완벽하게, 까지 완벽하게, 에 완벽하게, 로 완벽하게, 가 완벽하게, 와 완벽하게, 의 완벽한하루, 는 완벽하지, 로부터 완벽하게, 의 완벽한비밀"
배제,1179,7,21,25,"을 배제하였, 도 배제할수, 을 배제하고, 를 배제하기, 을 배제하는, 를 배제하고, 을 배제한다, 을 배제하여, 을 배제한채, 을 배제하지, 을 배제할수, 를 배제한채, 를 배제하는, 에서 배제하고, 을 배제하기, 를 배제할수, 을 배제했다, 를 배제하였, 에서 배제하기, 으로 배제하고, 에서 배제하는, 을 배제하려는, 를 배제하지, 을 배제할것, 를 배제하여"
휘,1179,13,1,13,"의 휘하, 이 휘하, 는 휘하, 으로 휘하, 를 휘하, 은 휘하, 을 휘하, 와 휘하, 가 휘하, 과 휘하, 에서 휘하, 도 휘하, 에 휘하"
같이,1178,7,25,31,"을 같이하던, 과 같이해석할, 을 같이하는, 을 같이했다, 와 같이하여, 을 같이하기, 을 같이하고, 를 같이하는, 를 같이하여, 를 같이하기, 를 같이하지, 을 같이하며, 와 같이하나의, 를 같이한다, 을 같이한다, 과 같이하나의, 도 같이하고, 을 같이하여, 를 같이하고, 을 같이하였, 과 같이해석된다, 을 같이하게, 를 같이하면서, 과 같이한다, 를 같이하게, 을 같이했던, 을 같이하면서, 를 같이했다, 과 같이하면, 를 같이하였, 과 같이할수"
싫,1176,2,5,6,"을 싫어하, 를 싫어하, 를 싫어해, 을 싫어한, 를 싫어한, 을 싫어해"
충족,1173,5,21,26,"을 충족할수, 을 충족하여, 을 충족했다, 을 충족하지, 을 충족하였, 에 충족하는, 을 충족한다, 를 충족하기, 을 충족하면, 을 충족하도록, 를 충족하고, 을 충족하기, 을 충족하는, 을 충족하여야, 를 충족하는, 를 충족하지, 을 충족해야한다, 을 충족하며, 을 충족하고, 을 충족하게, 를 충족할수, 에 충족하지, 을 충족하는지, 을 충족해야하, 를 충족한다, 을 충족한다는조건"
소재,1172,4,18,23,"이 소재하고, 에 소재해있, 에 소재하고, 이 소재해있, 에 소재하여, 가 소재하고, 가 소재해있, 에 소재한다, 이 소재한다, 에 소재했던, 에 소재하는, 에 소재하며, 에 소재한사립, 에 소재한대한민국, 에 소재하였, 가 소재한다, 가 소재하는, 이 소재하는, 에 소재한사찰, 에 소재한대학, 에 소재한고등학교, 이 소재하지만, 은 소재하지"
감시,1170,8,16,24,"을 감시하던, 을 감시하였, 의 감시하에, 를 감시한다, 을 감시하는, 를 감시하는, 을 감시하기, 을 감시하게, 을 감시하고, 를 감시하고, 를 감시할수, 을 감시하도록, 으로 감시하고, 를 감시하였, 을 감시하며, 을 감시한다, 를 감시하기, 를 감시하게, 를 감시했다, 을 감시하여, 을 감시했다, 를 감시하던, 을 감시할수, 가 감시한다"
논의,1165,12,28,25,"를 논의하기, 를 논의하였, 을 논의했다, 를 논의하고, 을 논의한다, 을 논의하는, 를 논의했다, 을 논의하기, 를 논의하는, 을 논의하고, 을 논의하였, 을 논의하던, 를 논의할수, 을 논의하면서, 을 논의할때, 과 논의하여, 을 논의하며, 을 논의했는데, 을 논의하여, 를 논의하던, 를 논의할때, 을 논의하게, 을 논의할수, 을 논의했고, 를 논의한다"
장려,1165,4,12,17,"을 장려하기, 을 장려하는, 을 장려하여, 을 장려한다, 를 장려하고, 을 장려했다, 를 장려했다, 를 장려하기, 을 장려했고, 를 장려하여, 을 장려하고, 을 장려하였, 를 장려하였, 를 장려한다, 을 장려하며, 를 장려하는, 을 장려함으로써"
참조,1162,8,24,31,"을 참조하면, 을 참조한것, 을 참조하라, 을 참조할것, 를 참조하여, 를 참조하라, 를 참조하지, 를 참조한다, 을 참조하는, 를 참조할것, 을 참조하십시오, 를 참조한것, 을 참조하고, 을 참조하기, 을 참조하시, 를 참조하십시오, 을 참조한다, 를 참조할수, 을 참조하여, 도 참조하라, 을 참조하였, 를 참조하기, 를 참조하시, 을 참조할수, 를 참조하면, 를 참조하는, 을 참조하지, 을 참조했다, 를 참조하고, 를 참조하였, 를 참조하도록"
총괄,1155,6,13,19,"을 총괄하는, 를 총괄하는, 를 총괄한다, 을 총괄하고, 를 총괄하고, 를 총괄하며, 를 총괄하여, 을 총괄하게, 를 총괄했다, 을 총괄하며, 을 총괄하여, 을 총괄하였, 를 총괄하던, 를 총괄하였, 을 총괄한다, 을 총괄하기, 를 총괄하게, 을 총괄했다, 을 총괄하던"
편성,1150,9,22,31,"을 편성했다, 을 편성하고, 을 편성하여, 를 편성하여, 으로 편성하여, 로 편성하였, 를 편성하였, 을 편성하는, 을 편성하기, 을 편성하게, 를 편성한다, 으로 편성하고, 로 편성하고, 를 편성했다, 를 편성하기, 으로 편성하였, 를 편성하는, 를 편성하고, 을 편성하였, 을 편성할수, 으로 편성했다, 을 편성한다, 로 편성했다, 로 편성하여, 을 편성할예정, 를 편성할수, 으로 편성하는, 을 편성하지, 를 편성할예정, 을 편성하면서, 에 편성하였"
건립,1150,8,22,31,"을 건립하는, 을 건립할계획, 을 건립한다, 를 건립했다, 을 건립하고, 을 건립하게, 를 건립한것, 를 건립하여, 을 건립하면서, 을 건립하였, 을 건립하여, 를 건립하고, 를 건립하였, 를 건립한다, 을 건립할때, 에 건립하였, 을 건립하기, 를 건립했고, 을 건립했다, 을 건립하겠, 에 건립했다, 를 건립하는, 이 건립하였, 을 건립하였으며, 를 건립하기, 에 건립하여, 에 건립한것, 가 건립한것, 가 건립하였, 을 건립한것, 을 건립하려는"
용이,1148,10,18,24,"가 용이하다, 이 용이하고, 을 용이하게, 이 용이해지, 가 용이하며, 이 용이하도록, 이 용이하기, 이 용이하며, 를 용이하게, 이 용이해진다, 이 용이하다, 이 용이하여, 이 용이하게, 도 용이하다, 에 용이하게, 이 용이하지, 가 용이하고, 가 용이하도록, 이 용이하다는, 가 용이하지, 가 용이하게, 은 용이하게, 이 용이해졌다, 에 용이하다"
운항,1142,11,13,31,"을 운항하였, 을 운항하고, 를 운항한다, 를 운항하는, 이 운항하고, 으로 운항하고, 를 운항하고, 을 운항하는, 에 운항하고, 으로 운항한다, 을 운항한다, 만 운항하고, 까지 운항하는, 를 운항했다, 으로 운항하는, 에서 운항하고, 가 운항하고, 가 운항하는, 로 운항하는, 을 운항하기, 을 운항했다, 로 운항하고, 로 운항했다, 로 운항하기, 도 운항하고, 를 운항하기, 이 운항하는, 를 운항할수, 을 운항하며, 에서 운항하는, 에서 운항한다"
돌입,1141,4,21,26,"에 돌입한것, 에 돌입하였, 에 돌입했다, 에 돌입한다, 에 돌입하고, 로 돌입하게, 에 돌입하면서, 에 돌입하게, 로 돌입하였, 으로 돌입했다, 에 돌입했고, 로 돌입한다, 으로 돌입하게, 로 돌입하여, 에 돌입하기, 에 돌입했는데, 에 돌입했다고, 에 돌입하다, 로 돌입했다, 에 돌입할수, 에 돌입하였으며, 에 돌입할것, 에 돌입하는, 에 돌입하여, 에 돌입하며, 에 돌입하자"
경영,1139,8,15,27,"을 경영하는, 를 경영하였, 을 경영하여, 를 경영하며, 가 경영하는, 을 경영하며, 을 경영하면서, 을 경영한다, 을 경영했다, 를 경영하는, 가 경영하던, 이 경영하는, 을 경영하였, 를 경영했다, 을 경영했고, 을 경영하고, 를 경영하고, 을 경영하던, 를 경영하던, 에서 경영하는, 를 경영한다, 이 경영하던, 가 경영하고, 를 경영하기, 을 경영하기, 를 경영하면서, 이 경영하고"
확정,1137,9,21,28,"를 확정하였, 을 확정했다, 을 확정하였, 로 확정했다, 를 확정한다, 을 확정하고, 을 확정하여, 로 확정하였, 을 확정했고, 를 확정하고, 를 확정하여, 을 확정하는, 을 확정하기, 를 확정했다, 을 확정하였으며, 으로 확정하고, 을 확정한다, 으로 확정했다, 로 확정하고, 를 확정하기, 으로 확정하였, 을 확정했으며,, 를 확정하는, 로 확정한다, 을 확정하면서, 을 확정한후, 를 확정할수, 를 확정하며"
출현,1133,10,26,40,"가 출현한다, 이 출현하기, 가 출현한것, 이 출현하면서, 가 출현하게, 이 출현했다, 가 출현했다, 이 출현하였, 이 출현하는, 이 출현하여, 에 출현하여, 가 출현하기, 에 출현한것, 가 출현하면서, 이 출현하게, 에 출현하였, 가 출현하고, 에 출현했다, 도 출현하였, 가 출현하여, 가 출현하였, 이 출현하고, 에 출현하는, 이 출현하다, 가 출현하다, 도 출현한다, 이 출현한다, 로 출현하였, 으로 출현하였, 에 출현하였으며, 가 출현하는, 에서 출현하는, 도 출현하고, 에 출현하고, 이 출현할때, 에 출현한다, 에서 출현한다, 에 출현하기, 에서 출현하여, 에서 출현했다"
나열,1128,10,18,28,"으로 나열하면, 를 나열한것, 대로 나열하면, 으로 나열하고, 를 나열하는, 를 나열한다, 을 나열하고, 을 나열한것, 으로 나열한것, 로 나열하면, 를 나열하면, 을 나열하면, 를 나열하여, 을 나열했다, 을 나열한목록, 을 나열하였, 을 나열하는, 대로 나열한것, 으로 나열하는, 으로 나열하였, 으로 나열한다, 를 나열하고, 로 나열하는, 로 나열한것, 을 나열한다, 에 나열한것, 을 나열한곳, 을 나열한문단"
강요,1124,8,26,29,"을 강요하였, 을 강요했다고, 를 강요했다, 을 강요하는, 를 강요하고, 을 강요하기, 을 강요하였으며, 을 강요했다, 을 강요하지, 을 강요하며, 을 강요하고자, 을 강요하여, 를 강요하였, 을 강요했다는, 를 강요하여, 를 강요한다, 를 강요하는, 을 강요했고, 을 강요하고, 를 강요하자, 를 강요하지, 을 강요할수, 에게 강요하는, 가 강요하는, 을 강요하자, 을 강요하거나, 을 강요한다, 을 강요하면서, 를 강요하기"
유리,1122,16,36,38,"가 유리하게, 에게 유리하게, 에 유리하게, 가 유리하다, 에 유리하며, 에게 유리하고, 이 유리하게, 에게 유리한조건, 에 유리하도록, 에 유리하다, 에게 유리한상황, 을 유리하게, 에 유리하다는, 에 유리한조건, 에서 유리한고지, 를 유리하게, 에게 유리하다, 에서 유리한위치, 에 유리한환경, 의 유리함수체, 이 유리하다, 에게 유리하도록, 에게 유리한방향, 이 유리하기, 으로 유리하게, 에 유리하다고, 에서 유리하다, 도 유리하다, 에 유리하고, 에 유리하기, 이 유리하다는, 에 유리한고지, 에 유리한지형, 이 유리하다고, 가 유리하다고, 으로 유리하다, 에게 유리한판결, 에 유리했다"
식별,1121,8,13,23,"으로 식별한다, 을 식별한다, 를 식별하는, 을 식별하는, 도 식별할수, 을 식별하기, 를 식별한다, 으로 식별할수, 를 식별하고, 을 식별했다, 을 식별할수, 을 식별하고, 을 식별하여, 으로 식별하는, 로 식별할수, 로 식별하는, 를 식별할수, 로 식별했다, 를 식별하기, 으로 식별하기, 를 식별하여, 를 식별하지, 로 식별한다"
뚜렷,1116,19,27,34,"이 뚜렷하고, 는 뚜렷하게, 가 뚜렷하여, 이 뚜렷하게, 가 뚜렷하며, 이 뚜렷하다, 도 뚜렷하지, 가 뚜렷하게, 로 뚜렷하게, 이 뚜렷하지, 이 뚜렷한자, 를 뚜렷하게, 은 뚜렷하게, 가 뚜렷하다, 이 뚜렷하며, 가 뚜렷하지, 을 뚜렷하게, 이 뚜렷해지, 과 뚜렷하게, 에 뚜렷하게, 도 뚜렷하게, 이 뚜렷한사람, 에서 뚜렷하게, 으로 뚜렷하게, 는 뚜렷한활약, 의 뚜렷한특징, 은 뚜렷하지, 는 뚜렷하지, 가 뚜렷하고, 이 뚜렷한것, 는 뚜렷한차이, 이 뚜렷하여, 는 뚜렷한성적, 은 뚜렷하다"
존중,1113,8,26,24,"을 존중하고, 를 존중하고, 을 존중하여, 을 존중하며, 을 존중하는, 을 존중하면서, 를 존중하면서, 를 존중해주, 를 존중하지, 을 존중하지, 을 존중하였, 를 존중하여, 을 존중할것, 를 존중하는, 를 존중하였, 를 존중할것, 를 존중한다, 을 존중해주, 을 존중하기, 을 존중해야한다, 을 존중했다, 를 존중하며, 를 존중하기, 을 존중한다"
조작,1109,10,23,33,"을 조작하여, 를 조작하여, 을 조작하는, 로 조작하는, 를 조작했다는, 를 조작할수, 를 조작하는, 으로 조작한것, 으로 조작하는, 를 조작함으로써, 를 조작하고, 을 조작하기, 을 조작했다, 을 조작한다, 를 조작하였, 을 조작하고, 를 조작하기, 을 조작할수, 를 조작하며, 를 조작했다고, 을 조작하였, 을 조작했다는, 을 조작한것, 를 조작한다, 가 조작하는, 를 조작한사실, 를 조작한것, 으로 조작할수, 가 조작할수, 를 조작한혐의, 를 조작하거나, 으로 조작한다, 으로 조작하여"
병행,1107,10,15,33,"를 병행하였, 을 병행하면서, 과 병행하여, 을 병행하여, 를 병행하여, 을 병행하는, 에 병행하여, 을 병행하며, 을 병행하고, 도 병행하고, 와 병행하여, 를 병행한다, 을 병행한다, 도 병행하였, 를 병행하면서, 도 병행하여, 과 병행하는, 도 병행했다, 를 병행하고, 을 병행하였, 에 병행하는, 를 병행하기, 을 병행하게, 를 병행하며, 을 병행할수, 을 병행했다, 과 병행하면서, 을 병행하기, 를 병행했다, 을 병행하다가, 과 병행하고, 를 병행하는, 도 병행한다"
부과,1097,10,18,29,"을 부과한다, 를 부과할수, 를 부과하는, 을 부과하는, 를 부과하고, 를 부과하여, 을 부과하기, 를 부과한것, 을 부과할수, 을 부과하였, 을 부과했다, 에 부과하는, 을 부과하고, 을 부과하지, 을 부과하도록, 을 부과하거나, 를 부과한다, 를 부과했다, 를 부과하기, 을 부과함으로써, 를 부과하였, 를 부과하지, 을 부과했고, 을 부과하여, 에게 부과하는, 가 부과하는, 을 부과할것, 를 부과하거나, 으로 부과하는"
연재,1095,12,22,44,"를 연재한다, 을 연재하였, 를 연재했고, 을 연재하며, 을 연재하던, 에 연재하는, 을 연재하기, 를 연재하기, 에 연재하였, 를 연재하였, 을 연재했다, 에 연재하기, 를 연재하였으며, 를 연재하여, 을 연재하면서, 에 연재했던, 을 연재하여, 를 연재했다, 에서 연재하는, 을 연재하는, 에 연재한만화, 를 연재하며, 를 연재하는, 까지 연재하였, 까지 연재했다, 에 연재했다, 에 연재하고, 에 연재한작품, 를 연재하고, 을 연재하고, 에서 연재하던, 에서 연재하였, 을 연재했고, 을 연재한다, 에 연재하던, 가 연재하는, 를 연재하던, 를 연재하면서, 을 연재하였으며, 에서 연재하기, 에서 연재하고, 부터 연재하고, 에서 연재했던, 에서 연재했다"
희망,1089,4,22,25,"를 희망했다, 를 희망하였, 을 희망하는, 를 희망한다, 를 희망하고, 을 희망하였으나, 를 희망하는, 을 희망하였, 을 희망하고, 을 희망하여, 를 희망하여, 를 희망했지만, 을 희망하지, 를 희망하였으나, 을 희망한다, 를 희망했던, 를 희망하며, 을 희망했지만, 을 희망했다, 이 희망하는, 가 희망하는, 을 희망하면서, 을 희망하며, 을 희망할경우, 를 희망하면서"
개종,1088,8,20,21,"로 개종한사람, 로 개종하였, 로 개종하는, 로 개종하지, 로 개종하고, 로 개종하기, 로 개종했다, 로 개종할것, 로 개종한후, 로 개종했고, 으로 개종하여, 로 개종하면서, 으로 개종하는, 으로 개종하였, 로 개종하게, 로 개종하였으며, 로 개종한것, 로 개종하여, 으로 개종했다, 으로 개종하고, 으로 개종할것"
결,1070,14,4,17,"의 결함, 는 결함, 의 결하, 에 결함, 과 결함, 은 결함, 에서 결함, 가 결함, 으로 결함, 이 결함, 을 결하, 와 결혼해, 를 결한, 를 결하, 고 결한, 도 결함, 을 결한"
병합,1069,10,19,26,"을 병합했다, 을 병합하였, 를 병합했다, 를 병합하여, 를 병합하는, 를 병합하였, 를 병합하고, 을 병합하여, 을 병합한것, 을 병합할때, 을 병합하고, 으로 병합하였, 을 병합하는, 로 병합하여, 에 병합하였, 과 병합하여, 로 병합하는, 을 병합하면서, 을 병합함으로써, 이 병합하여, 로 병합하였, 를 병합하기, 를 병합하면서, 와 병합하여, 에 병합하여, 에 병합하기"
운반,1067,9,15,27,"까지 운반하는, 을 운반하고, 을 운반하는, 를 운반하는, 를 운반하기, 을 운반했다, 를 운반할수, 를 운반한다, 으로 운반한다, 을 운반하여, 을 운반한다, 을 운반하였, 이 운반하는, 로 운반하는, 로 운반하여, 으로 운반하는, 를 운반하고, 으로 운반하였, 을 운반할수, 을 운반하던, 를 운반하던, 을 운반하기, 을 운반하며, 로 운반한다, 으로 운반하여, 로 운반했다, 에 운반할수"
보완,1063,5,15,20,"를 보완하기, 을 보완하기, 을 보완하였, 을 보완하며, 을 보완한것, 을 보완하는, 을 보완할수, 를 보완하여, 을 보완하고자, 를 보완하고, 을 보완하여, 를 보완할수, 를 보완하는, 를 보완한다, 를 보완하고자, 을 보완하고, 을 보완해주, 을 보완한다, 을 보완했다, 을 보완하거나"
창조,1062,9,31,30,"을 창조하기, 를 창조하여, 을 창조하는, 를 창조하는, 를 창조하고, 을 창조하고, 을 창조하였, 를 창조하였, 을 창조했다, 를 창조하기, 을 창조했다고, 을 창조한다, 을 창조하신, 을 창조하시, 를 창조한다, 을 창조할수, 를 창조한것, 을 창조해내, 를 창조해내, 를 창조했다는, 를 창조했다고, 를 창조했다, 을 창조하여, 을 창조하셨, 가 창조해낸, 을 창조한것, 를 창조할수, 를 창조하시, 께서 창조하신, 을 창조했다는"
추모,1061,3,10,15,"을 추모하는, 을 추모하면서, 를 추모하기, 를 추모하는, 를 추모했다, 을 추모하고, 를 추모하며, 을 추모하며, 을 추모하기, 을 추모하여, 를 추모하였, 를 추모하여, 를 추모하고, 을 추모하였, 을 추모했다"
일정,1057,24,64,46,"에서 일정하게, 로 일정하게, 가 일정하지, 이 일정하게, 이 일정할때, 은 일정하다, 는 일정한시간, 를 일정하게, 는 일정하게, 이 일정하다고, 으로 일정하게, 가 일정하게, 에 일정한간격, 이 일정하지, 은 일정하지, 을 일정하게, 는 일정하지, 는 일정하다, 가 일정하다는, 는 일정한속도, 가 일정하다고, 가 일정한속도, 를 일정한크기, 가 일정할때, 이 일정하면, 도 일정하게, 과 일정한거리, 가 일정하면, 이 일정하고, 는 일정한조건, 가 일정하고, 로 일정하다, 은 일정한간격, 는 일정한기간, 이 일정하다는, 가 일정하다, 은 일정한온도, 는 일정한거리, 도 일정하지, 가 일정하다면, 에 일정하게, 이 일정한간격, 가 일정한간격, 은 일정하게, 을 일정한간격, 는 일정한간격"
무관,1040,8,15,22,"는 무관하다고, 과 무관하다, 와 무관하게, 과 무관하게, 과 무관한것, 과 무관하다는, 는 무관하다, 에 무관하게, 과 무관하지, 는 무관하게, 는 무관하며, 과 무관하며, 와 무관하다, 는 무관하다는, 와 무관하다고, 는 무관하고, 는 무관한것, 와 무관하지, 와 무관하다는, 과 무관하다고, 와 무관하며, 에 무관한슈뢰딩거"
자살,1039,12,29,39,"은 자살했다, 의 자살한정치, 의 자살한사람, 에서 자살하였, 가 자살했다, 에 자살했다, 가 자살한뒤, 으로 자살했다, 로 자살한사람, 은 자살하였, 로 자살했다, 는 자살하고, 는 자살하였, 에서 자살했다, 이 자살하는, 가 자살하면서, 가 자살하였, 로 자살하였, 에서 자살하고, 에 자살하였, 으로 자살하였, 가 자살하는, 가 자살했다는, 가 자살하고, 에서 자살한다, 이 자살하고, 를 자살하게, 에서 자살한나치, 으로 자살한다, 가 자살하기, 에서 자살한사람, 이 자살했다, 는 자살했다, 에 자살한다, 을 자살하게, 가 자살하자, 으로 자살한사람, 로 자살한중국, 가 자살한것"
탑승,1038,11,24,31,"에 탑승하여, 이 탑승했다, 에 탑승했던, 에 탑승한승객, 에 탑승했다가, 에 탑승하는, 이 탑승하고, 에 탑승해있, 에 탑승하였, 이 탑승하는, 에 탑승한다, 로 탑승할수, 가 탑승했다, 이 탑승하여, 에 탑승하게, 에 탑승할수, 에 탑승했다, 에 탑승하고, 에 탑승할때, 에 탑승하기, 가 탑승하여, 에 탑승하며, 가 탑승하는, 가 탑승한다, 이 탑승하며, 가 탑승하고, 이 탑승해있, 이 탑승하였, 에 탑승하지, 이 탑승할수, 이 탑승한다"
이행,1038,11,19,36,"을 이행할것, 으로 이행하는, 로 이행하게, 을 이행하지, 로 이행했다, 를 이행하기, 을 이행하기, 로 이행하는, 으로 이행하고, 로 이행한다, 을 이행하는, 를 이행하고, 를 이행하지, 를 이행할수, 로 이행하였, 으로 이행하기, 을 이행하였, 로 이행하여, 를 이행하였, 를 이행하는, 을 이행하도록, 을 이행하여, 까지 이행하지, 을 이행했다, 를 이행했다고, 을 이행했다고, 을 이행할수, 를 이행한다, 로 이행할수, 을 이행하고, 으로 이행했다, 로 이행하면서, 로 이행하고, 를 이행할것, 를 이행하도록, 으로 이행하였"
기부,1036,8,24,29,"를 기부하여, 를 기부하였, 를 기부하기, 을 기부했다, 에 기부하겠, 를 기부했다, 을 기부하여, 을 기부하기, 을 기부하는, 에 기부하였, 에 기부했다, 을 기부하였, 을 기부한것, 으로 기부하였, 을 기부했고, 에 기부하여, 에 기부한다, 에 기부하는, 에 기부하기, 을 기부하고, 에 기부하고, 으로 기부했다, 을 기부할수, 를 기부하는, 를 기부하고, 을 기부하며, 을 기부하였으며, 에 기부할것, 에 기부함에"
준,1032,3,3,4,"에 준하, 에 준한것, 에 준해, 와 준하"
급격,1031,15,14,21,"으로 급격하게, 가 급격하게, 은 급격하게, 는 급격하게, 를 급격하게, 이 급격하게, 의 급격한증가, 에 급격하게, 의 급격한변화, 로 급격하게, 의 급격한감소, 는 급격한변화, 도 급격하게, 에 급격한변화, 을 급격하게, 의 급격한발달, 의 급격한상승, 에서 급격하게, 의 급격한성장, 의 급격한하락, 의 급격한발전"
의지,1029,11,19,28,"에 의지한다, 에 의지하는, 에게 의지한다, 에 의지하였, 에 의지하고, 에 의지하지, 에 의지했다, 에게 의지하지, 을 의지하였, 에 의지하게, 에 의지하여, 을 의지하고, 에게 의지하여, 을 의지하여, 를 의지하여, 에 의지하며, 에 의지할수, 에 의지하던, 에게 의지하는, 를 의지하며, 를 의지하였, 에 의지하면서, 에게 의지하고, 에게 의지했다, 에게 의지하며, 를 의지하고, 에게 의지하게, 에 의지해깨달음"
투자,1021,11,28,28,"을 투자하여, 에 투자하는, 을 투자하고, 에 투자했다, 에 투자하기, 를 투자하고, 를 투자하는, 을 투자했다, 를 투자하였, 를 투자하여, 에 투자하여, 으로 투자하여, 에 투자하고, 을 투자하였, 을 투자하는, 를 투자하기, 가 투자하고, 에 투자하였, 를 투자했다, 에 투자할수, 에 투자했다가, 에 투자할것, 을 투자하기, 을 투자한다, 으로 투자하고, 에 투자한다, 를 투자할것, 을 투자하지"
창당,1018,8,20,26,"을 창당하여, 을 창당하기, 을 창당하였, 을 창당하고, 를 창당하고, 이 창당했다, 을 창당했다, 을 창당하며, 을 창당했고, 을 창당하자, 을 창당하는, 을 창당하면서, 을 창당한다, 을 창당하였으며, 으로 창당하였, 을 창당하였으나, 을 창당한것, 을 창당하게, 으로 창당했다, 이 창당하였, 에 창당하였, 이 창당한정당, 를 창당하였, 에 창당했다, 를 창당했다, 가 창당했다"
경쟁,1018,14,23,37,"가 경쟁했다, 와 경쟁하고, 과 경쟁하여, 과 경쟁하며, 과 경쟁한다, 와 경쟁하던, 이 경쟁하는, 과 경쟁하는, 에서 경쟁할수, 에서 경쟁한다, 와 경쟁하게, 과 경쟁하였, 과 경쟁하기, 와 경쟁하는, 과 경쟁하면서, 와 경쟁하여, 와 경쟁한다, 와 경쟁했다, 와 경쟁하였, 와 경쟁하기, 와 경쟁하며, 에서 경쟁하고, 에서 경쟁하여, 과 경쟁했다, 가 경쟁하는, 과 경쟁할수, 과 경쟁하게, 와 경쟁하면서, 에서 경쟁했다, 과 경쟁하고, 으로 경쟁하는, 에서 경쟁하는, 와 경쟁할수, 이 경쟁한다, 에서 경쟁하기, 을 경쟁하는, 이 경쟁했다"
홍보,1017,9,13,17,"을 홍보한다, 을 홍보하고, 를 홍보하기, 으로 홍보하기, 을 홍보하기, 을 홍보하는, 를 홍보하는, 으로 홍보하는, 를 홍보한다, 으로 홍보하고, 을 홍보했다, 를 홍보하고, 를 홍보하였, 을 홍보하였, 를 홍보했다, 로 홍보하는, 으로 홍보하였"
지속,1014,9,24,29,"를 지속했다, 을 지속하고, 를 지속하고, 를 지속하기, 을 지속하였, 를 지속하였, 을 지속하는, 을 지속하게, 를 지속할수, 을 지속할수, 을 지속했다, 을 지속해나갔, 까지 지속하였, 을 지속하면서, 를 지속한다, 을 지속하여, 을 지속하기, 을 지속해나가, 를 지속해왔, 을 지속할것, 을 지속해오, 을 지속하였으며, 를 지속하여, 을 지속하며, 을 지속하다가, 을 지속해왔, 를 지속하는, 을 지속하지, 을 지속한다"
교환,1013,11,20,32,"을 교환하는, 으로 교환해주, 를 교환하는, 을 교환하면서, 를 교환한다, 를 교환하기, 을 교환한다, 로 교환하는, 를 교환하고, 과 교환하는, 를 교환하여, 를 교환했다, 을 교환하였, 를 교환하면서, 을 교환하고, 를 교환하며, 를 교환하였, 을 교환했다, 을 교환하며, 와 교환하여, 로 교환할수, 을 교환하기, 과 교환한다, 을 교환하여, 을 교환할수, 를 교환할수, 와 교환하는, 과 교환하여, 와 교환할수, 과 교환할수, 으로 교환하는, 으로 교환할수"
단행,1012,7,20,21,"을 단행하였, 을 단행했다, 을 단행하여, 를 단행했다, 를 단행하여, 을 단행하고, 을 단행하다, 를 단행하면서, 을 단행하기, 를 단행하였, 을 단행하게, 을 단행하면서, 를 단행한다, 을 단행한다, 을 단행했고, 을 단행하자, 을 단행하는, 를 단행하기, 를 단행하고, 을 단행하며, 를 단행했고"
의심,1008,10,21,35,"을 의심하지, 를 의심하였, 을 의심할수, 을 의심하는, 을 의심한다, 를 의심하여, 는 의심할여지, 를 의심하고, 을 의심했다, 도 의심하지, 을 의심하기, 을 의심하고, 를 의심하는, 을 의심하였, 를 의심하기, 을 의심하여, 은 의심할여지, 를 의심할수, 를 의심하지, 를 의심했다, 을 의심하게, 을 의심하지만, 으로 의심한다, 를 의심했고, 으로 의심하여, 으로 의심하고, 으로 의심했다, 를 의심하며, 을 의심하며, 를 의심하게, 를 의심한다, 으로 의심하는, 을 의심할만, 이 의심할여지, 을 의심해볼"
개조,1008,8,17,28,"으로 개조했다, 를 개조하여, 로 개조한것, 을 개조하여, 을 개조하는, 을 개조한것, 를 개조해만든, 으로 개조하였, 으로 개조하여, 로 개조하는, 을 개조하고, 를 개조하고, 으로 개조하고, 를 개조하는, 으로 개조하는, 를 개조한것, 를 개조했다, 로 개조하였, 으로 개조한것, 를 개조하기, 을 개조하였, 로 개조했다, 으로 개조하기, 로 개조하여, 로 개조하고, 을 개조하기, 을 개조했다, 를 개조하였"
고,995,14,8,21,"에게 고함, 에게 고하, 을 고사하, 을 고하, 을 고했, 의 고함, 에게 고했, 를 고하, 에 고하, 에게 고해, 를 고사하, 의 고해, 을 고한, 고 고한, 의 고하, 는 고하, 으로 고사하, 로 고사하, 에 고사하, 을 고할, 의 고한"
탈환,993,10,24,26,"을 탈환하여, 을 탈환하는, 를 탈환했다, 을 탈환하기, 을 탈환하였, 을 탈환했다, 를 탈환하려, 를 탈환하여, 를 탈환하고, 을 탈환했고, 을 탈환하고, 를 탈환하기, 를 탈환하려는, 를 탈환하는, 를 탈환하면서, 를 탈환하였, 를 탈환할수, 을 탈환하면서, 를 탈환한다, 을 탈환하려, 이 탈환했다, 를 탈환하려고, 를 탈환하고자, 을 탈환하려는, 을 탈환한다, 를 탈환했고"
편찬,992,8,23,28,"를 편찬하는, 을 편찬하였, 을 편찬했다, 을 편찬하여, 를 편찬하여, 를 편찬하고, 에 편찬한《, 를 편찬하였, 를 편찬하기, 이 편찬한《, 을 편찬하게, 을 편찬하는, 가 편찬한《, 를 편찬했다, 를 편찬할때, 을 편찬하고, 을 편찬한것, 을 편찬할때, 를 편찬하게, 을 편찬하기, 을 편찬했으며,, 를 편찬하면서, 을 편찬하였으며, 가 편찬한『, 이 편찬한책, 이 편찬한것, 을 편찬하면서, 에 편찬한불교"
모집,987,9,21,22,"을 모집하는, 을 모집했고, 를 모집할때, 을 모집한다, 를 모집하기, 를 모집하는, 를 모집하였, 을 모집하여, 을 모집하였, 을 모집하고, 을 모집하기, 를 모집하여, 을 모집하였으며, 를 모집한다, 을 모집하게, 를 모집하고, 을 모집할때, 를 모집했다, 을 모집했다, 을 모집해,, 을 모집하던, 을 모집하며"
창립,983,8,18,25,"가 창립하였, 을 창립하였, 을 창립하고, 를 창립하였, 을 창립하기, 를 창립했다, 가 창립했다, 를 창립하고, 을 창립했다, 를 창립하여, 를 창립하기, 을 창립한다, 를 창립하는, 을 창립하는, 을 창립했고, 을 창립하여, 에 창립했다, 를 창립한다, 으로 창립하였, 를 창립하였으며, 로 창립하였, 를 창립했고, 에 창립하였, 으로 창립한구역, 로 창립할계획"
침입,972,12,31,36,"으로 침입하였, 으로 침입하여, 에 침입하는, 에 침입하자, 을 침입하였, 이 침입해오, 이 침입하여, 가 침입하자, 에 침입하여, 를 침입하였, 를 침입하자, 이 침입하자, 에 침입하였, 를 침입하여, 를 침입했다, 을 침입했다, 로 침입하여, 가 침입하여, 으로 침입하는, 가 침입하는, 를 침입하는, 에 침입한다, 에 침입했다, 에 침입한왜구, 을 침입하여, 을 침입하자, 로 침입하였, 를 침입하고, 에 침입하기, 에 침입하고, 으로 침입했다, 이 침입하는, 이 침입했을, 에 침입했을, 로 침입하는, 를 침입했고"
발명,967,9,23,33,"가 발명했다, 가 발명하였, 를 발명하였, 를 발명했고, 를 발명했다고, 을 발명하다, 을 발명하여, 을 발명하였, 을 발명했다, 을 발명하고, 을 발명한사람, 를 발명하게, 를 발명했다, 을 발명했고, 를 발명하는, 를 발명한사람, 를 발명하고, 을 발명하기, 를 발명하여, 를 발명한다, 를 발명하기, 을 발명하는, 을 발명했다고, 에 발명했다, 을 발명하였으며, 를 발명한것, 을 발명한것, 를 발명했다는, 이 발명하였, 가 발명한것, 를 발명하였으며, 이 발명했다, 에 발명하였"
제압,967,6,15,27,"를 제압했다, 을 제압했고, 을 제압하고, 을 제압하지, 을 제압하는, 를 제압하는, 를 제압하기, 를 제압하고, 을 제압한다, 을 제압하기, 을 제압할수, 을 제압하였, 으로 제압하고, 로 제압하며, 를 제압한다, 으로 제압하며, 으로 제압하는, 를 제압할수, 을 제압하여, 로 제압하였, 을 제압하며, 를 제압하여, 로 제압하고, 을 제압했다, 를 제압하였, 을 제압한뒤, 으로 제압했다"
복잡,965,19,37,37,"이 복잡하게, 가 복잡하게, 로 복잡하게, 의 복잡하고, 를 복잡하게, 로 복잡하고, 가 복잡하기, 은 복잡하고, 는 복잡하다, 이 복잡하기, 을 복잡하게, 는 복잡하고, 은 복잡한문제, 의 복잡한상호, 이 복잡하다, 는 복잡한구조, 의 복잡한구조, 가 복잡해지, 이 복잡하여, 가 복잡하고, 의 복잡한문제, 가 복잡하다, 가 복잡하여, 은 복잡하게, 는 복잡하며, 이 복잡하고, 은 복잡하며, 이 복잡해지, 은 복잡하다, 의 복잡한관계, 이 복잡해졌다, 은 복잡한사회, 의 복잡함과, 은 복잡해지, 으로 복잡하고, 는 복잡하게, 으로 복잡하게"
입력,963,9,19,29,"로 입력하는, 을 입력하는, 를 입력하면, 를 입력할수, 을 입력하면, 을 입력하여, 을 입력하거나, 를 입력하는, 을 입력할수, 를 입력하여, 를 입력할때, 를 입력한다, 를 입력하거나, 에 입력할수, 를 입력하고, 에 입력하는, 으로 입력할수, 를 입력하기, 를 입력하세요, 를 입력하지, 을 입력할때, 으로 입력하는, 로 입력할수, 에 입력하면, 을 입력한다, 만 입력하면, 를 입력해야한다, 을 입력하고, 으로 입력한다"
박,963,16,2,17,"의 박해, 로 박해, 을 박해, 를 박해, 는 박해, 으로 박해, 이 박해, 가 박해, 에 박해, 은 박해, 에게 박해, 에서 박해, 과 박해, 로부터 박해, 도 박해, 와 박해, 는 박하"
우수,958,18,33,33,"이 우수했다, 에서 우수한성적, 이 우수하고, 이 우수하여, 이 우수한학생, 를 우수한성적, 이 우수하다, 을 우수한성적, 이 우수하다는, 가 우수하여, 이 우수하며, 이 우수한것, 이 우수하다고, 에서 우수한활약, 은 우수한편, 은 우수하지만, 도 우수하며, 도 우수하다, 가 우수하다, 의 우수함을, 도 우수하여, 의 우수한성적, 보다 우수하다, 는 우수한성적, 에 우수한성적, 도 우수한성적, 보다 우수하다고, 가 우수하고, 가 우수하며, 도 우수하고, 이 우수하지만, 이 우수하였, 이 우수한순서"
통일,958,10,29,34,"을 통일하기, 를 통일하였, 을 통일한다, 을 통일하게, 을 통일하였, 으로 통일하는, 로 통일하여, 으로 통일하였, 로 통일하기, 로 통일했다, 을 통일하고, 를 통일하고, 을 통일하여, 을 통일했다, 을 통일하면서, 를 통일했다, 을 통일할때, 을 통일한이후, 를 통일하는, 를 통일하여, 을 통일한뒤, 을 통일할수, 을 통일한신라, 으로 통일했다, 로 통일한다, 로 통일하였, 으로 통일하여, 을 통일하는, 를 통일하기, 을 통일한후, 를 통일한후, 로 통일하는, 으로 통일하고, 로 통일하고"
찬성,955,10,21,27,"에 찬성하지, 에 찬성하는, 가 찬성하였, 를 찬성하였, 에 찬성하였, 으로 찬성한다, 을 찬성하는, 을 찬성하였, 에 찬성하고, 이 찬성했다, 에 찬성하였으나, 에 찬성하여, 이 찬성하고, 을 찬성했다, 을 찬성하고, 를 찬성하는, 가 찬성하여, 가 찬성했다, 에 찬성했다, 에 찬성하면서, 에 찬성하였으며, 에 찬성하며, 에 찬성한것, 에 찬성했지만, 에 찬성한다, 에 찬성했고, 에 찬성했던"
플레이,955,15,18,28,"에 플레이할수, 만 플레이할수, 로 플레이할수, 에서 플레이하는, 를 플레이하는, 으로 플레이하는, 을 플레이하거나, 을 플레이하는, 이 플레이하는, 를 플레이할수, 으로 플레이할수, 에서 플레이하고, 을 플레이할수, 에서 플레이할수, 는 플레이할수, 가 플레이하는, 을 플레이하기, 을 플레이하면서, 을 플레이한다, 로 플레이하는, 도 플레이할수, 을 플레이할때, 으로 플레이한다, 으로 플레이하며, 에서 플레이하였, 를 플레이하고, 을 플레이하고, 를 플레이하게"
암살,948,6,23,31,"를 암살하려고, 를 암살하였, 을 암살하려는, 을 암살하려다, 를 암살하려, 을 암살하는, 을 암살하였, 를 암살하고, 을 암살하려, 를 암살하는, 를 암살하려다, 를 암살했다, 를 암살할것, 을 암살하고, 를 암살하려는, 을 암살하려던, 을 암살한것, 를 암살할계획, 를 암살하기, 을 암살하기, 을 암살했다, 를 암살하라는, 을 암살하라는, 를 암살한다, 을 암살하려다가, 을 암살하러, 를 암살한것, 을 암살하려고, 를 암살하여, 을 암살할계획, 를 암살하려던"
부상,946,7,20,29,"이 부상했다, 로 부상하는, 으로 부상하면서, 이 부상하였, 로 부상하였, 로 부상했다, 으로 부상하는, 로 부상하게, 이 부상하다, 이 부상하는, 로 부상하기, 으로 부상하고, 로 부상하고, 로 부상하면서, 으로 부상하였, 이 부상하고, 으로 부상했다, 가 부상하면서, 으로 부상하게, 이 부상하기, 으로 부상한다, 이 부상했으며,, 로 부상하여, 이 부상하면서, 로 부상한다, 으로 부상하여, 이 부상했다고, 으로 부상하기, 이 부상한것"
서술,945,15,22,41,"를 서술한다, 을 서술한것, 를 서술하는, 을 서술하였, 을 서술하면서, 으로 서술하는, 을 서술하기, 을 서술하는, 을 서술하고, 라고 서술하였, 에서 서술한것, 으로 서술한다, 에서 서술하는, 을 서술했다, 를 서술할때, 를 서술하였, 를 서술한것, 를 서술하고, 으로 서술하면, 으로 서술하고, 으로 서술하였, 로 서술하고, 도 서술한다, 으로 서술한것, 만 서술한다, 고 서술하였, 을 서술할때, 고 서술했다, 에서 서술한바, 에 서술하는, 에 서술한다, 으로 서술할수, 에 서술한대로, 을 서술한다, 에서 서술한대로, 라고 서술하고, 로 서술한다, 에서 서술한다, 도 서술하고, 를 서술하기, 라고 서술했다"
우려,940,9,17,18,"을 우려하는, 를 우려하는, 을 우려하며, 을 우려하여, 을 우려한미국, 를 우려하였, 을 우려하였, 를 우려하여, 을 우려하기, 을 우려했기, 을 우려하고, 를 우려했다, 을 우려했고, 을 우려했던, 를 우려하고, 을 우려했다, 을 우려한것, 을 우려한다"
동반,940,8,20,28,"을 동반하게, 을 동반하고, 을 동반하는, 을 동반할수, 를 동반하며, 을 동반한다, 를 동반할수, 를 동반하고, 를 동반하지, 을 동반하며, 를 동반하는, 을 동반하기, 를 동반하여, 를 동반하기, 를 동반한다, 을 동반하지, 을 동반하여, 을 동반했다, 과 동반하여, 을 동반하거나, 에 동반하는, 를 동반했다, 를 동반하여도, 와 동반하여, 를 동반한경우, 를 동반하더라도, 을 동반한채, 을 동반한검객"
모방,940,5,17,20,"를 모방하여, 를 모방하는, 을 모방한것, 을 모방하는, 을 모방했다, 을 모방하였, 을 모방하여, 를 모방하였, 를 모방하고, 을 모방하고, 을 모방하려는, 을 모방하기, 를 모방하기, 를 모방했다, 를 모방한것, 을 모방할수, 을 모방하려고, 을 모방한다, 을 모방하거나, 을 모방함으로써"
격퇴,939,5,18,23,"를 격퇴하여, 을 격퇴하고, 를 격퇴하였, 을 격퇴하는, 을 격퇴하기, 을 격퇴한다, 을 격퇴하였, 을 격퇴했고, 를 격퇴했다, 를 격퇴하는, 을 격퇴하였으며, 을 격퇴했다, 을 격퇴하여, 을 격퇴할수, 을 격퇴한뒤, 을 격퇴한후, 를 격퇴하고, 을 격퇴하다, 을 격퇴한공, 을 격퇴했지만, 를 격퇴하기, 으로 격퇴하였, 를 격퇴할수"
집권,932,9,22,26,"이 집권한이후, 가 집권한후, 로 집권한지도자, 이 집권하면, 이 집권하면서, 가 집권하고, 이 집권하게, 이 집권하자, 가 집권하는, 이 집권하고, 이 집권하여, 가 집권하여, 가 집권하던, 로 집권한군주, 이 집권하기, 이 집권하였, 가 집권하면서, 이 집권한후, 가 집권한뒤, 가 집권하자, 가 집권하였, 이 집권하던, 이 집권했다, 이 집권하는, 이 집권한뒤, 가 집권한이후"
전송,928,11,18,33,"을 전송한다, 를 전송하는, 으로 전송할수, 를 전송하기, 으로 전송하는, 을 전송하는, 를 전송하여, 을 전송할수, 를 전송할수, 을 전송하고, 를 전송한다, 로 전송하고, 를 전송하고, 을 전송하였, 를 전송하거나, 을 전송했다, 를 전송하며, 로 전송할수, 로 전송하는, 를 전송할때, 로 전송한다, 을 전송하기, 에 전송하고, 에 전송하여, 를 전송하였, 에 전송할수, 에 전송하는, 으로 전송한다, 를 전송했다, 으로 전송하기, 에 전송한다, 을 전송할때, 을 전송하여"
동등,928,15,31,40,"와 동등하다, 과 동등하거나, 와 동등한수준, 와 동등한위치, 에게 동등하게, 과 동등하게, 를 동등하게, 이 동등하게, 과 동등한지위, 와 동등하다고, 는 동등하다, 은 동등하게, 을 동등하게, 으로 동등하게, 의 동등한권리, 와 동등한학력, 이 동등하다고, 가 동등하게, 이 동등하다는, 과 동등하며, 와 동등하게, 과 동등한위치, 에 동등하게, 와 동등한것, 과 동등한권리, 과 동등하다, 와 동등한지위, 와 동등하다는, 는 동등하게, 로 동등하게, 과 동등하다고, 과 동등한수준, 와 동등한자격, 에게 동등한권리, 과 동등한것, 은 동등하다, 과 동등한대우, 과 동등하지, 도 동등하게, 와 동등한이"
개정,927,8,18,25,"을 개정하여, 를 개정하고, 을 개정하면서, 을 개정하기, 을 개정했다, 을 개정하고, 으로 개정하였, 을 개정하였, 을 개정한다, 를 개정하여, 을 개정하는, 로 개정하였, 로 개정했다, 를 개정하였, 을 개정하지, 으로 개정하여, 으로 개정했다, 를 개정했다, 을 개정할것, 을 개정할때, 를 개정하면서, 를 개정하는, 을 개정한것, 을 개정할수, 으로 개정하고"
점,926,5,6,7,"를 점하, 를 점할, 를 점했, 을 점하, 를 점한, 를 점해, 이 점하"
견제,923,5,18,26,"을 견제하기, 을 견제하는, 를 견제하기, 을 견제하고자, 를 견제했다, 을 견제하면서, 를 견제하려는, 을 견제할목적, 를 견제하였, 을 견제하려, 을 견제하였, 를 견제하는, 을 견제하고, 을 견제하려는, 을 견제하여, 를 견제하게, 을 견제했다, 을 견제하던, 를 견제할수, 를 견제하려, 을 견제하게, 를 견제하고, 을 견제할수, 를 견제하고자, 를 견제하며, 를 견제하면서"
모색,922,4,21,24,"을 모색해보, 을 모색하기, 을 모색했다, 를 모색하고, 를 모색하기, 을 모색하는, 을 모색한다, 을 모색하던, 을 모색하게, 을 모색하여, 을 모색하였, 을 모색하고자, 을 모색하고, 을 모색했고, 를 모색했다, 을 모색하며, 을 모색하면서, 을 모색했지만, 을 모색할것, 을 모색해왔, 를 모색하는, 를 모색한다, 을 모색하려는, 를 모색하였"
진급,912,4,18,23,"로 진급하였, 으로 진급했다, 로 진급한다, 으로 진급하고, 까지 진급했다, 으로 진급하는, 으로 진급했고, 으로 진급하였, 으로 진급하면서, 으로 진급했으며,, 으로 진급하여, 로 진급하여, 에 진급했다, 으로 진급하였으며, 로 진급하고, 로 진급했다, 으로 진급한후, 로 진급하였으며, 로 진급했고, 으로 진급한다, 로 진급하면서, 까지 진급하였, 로 진급하게"
참고,911,7,18,25,"을 참고하기, 을 참고하면, 을 참고할것, 을 참고하라, 를 참고하기, 을 참고하여, 을 참고할수, 을 참고하는, 를 참고하여, 를 참고하시, 를 참고할것, 을 참고한것, 을 참고하고, 를 참고하면, 를 참고한다, 을 참고하였, 에 참고하기, 를 참고하라, 를 참고할수, 를 참고하십시오, 를 참고하고, 를 참고하였, 를 참고한것, 도 참고할것, 을 참고하십시오"
고수,909,5,20,22,"를 고수하였, 을 고수하기, 을 고수했고, 을 고수하며, 을 고수하는, 을 고수하였, 을 고수하여, 을 고수했다, 을 고수해왔, 를 고수하는, 을 고수하고, 을 고수하려는, 을 고수하던, 를 고수하고, 를 고수했다, 를 고수하던, 을 고수한다, 을 고수하면서, 를 고수하여, 를 고수하기, 를 고수하며, 를 고수한다"
토벌,905,3,23,29,"을 토벌하는, 을 토벌하여, 을 토벌하였, 를 토벌하고, 를 토벌하였, 을 토벌하기, 를 토벌하여, 을 토벌하면서, 을 토벌하게, 를 토벌하기, 을 토벌한다는명분, 을 토벌하고, 을 토벌할것, 를 토벌하라는, 를 토벌하는, 를 토벌하게, 을 토벌했다, 를 토벌했다, 를 토벌하도록, 를 토벌하고자, 을 토벌하고자, 을 토벌할때, 를 토벌하러, 을 토벌하려, 를 토벌하려, 을 토벌하러, 을 토벌한공, 를 토벌할것, 을 토벌하도록"
탐구,904,5,15,23,"을 탐구하며, 를 탐구하는, 을 탐구하는, 를 탐구하며, 을 탐구할수, 을 탐구했다, 을 탐구한다, 을 탐구하기, 를 탐구한다, 를 탐구할수, 를 탐구하고, 을 탐구하고, 를 탐구하기, 를 탐구했다, 을 탐구하였, 를 탐구하였, 를 탐구하여, 을 탐구하게, 을 탐구할때, 을 탐구하여, 으로 탐구하는, 을 탐구하면서, 을 탐구하지"
연합,904,14,10,15,"과 연합하여, 과 연합하는, 이 연합하여, 가 연합하여, 와 연합하여, 와 연합하는, 와 연합하고, 과 연합하였, 은 연합하여, 과 연합하기, 와 연합했다, 는 연합하여, 과 연합했다, 를 연합하여, 와 연합하였"
소집,902,8,20,20,"을 소집하고, 을 소집하여, 를 소집하였, 를 소집하여, 를 소집했다, 을 소집하였, 를 소집하기, 를 소집한다, 를 소집하는, 를 소집할것, 을 소집했다, 을 소집하는, 를 소집하고, 를 소집할수, 에 소집하여, 를 소집하지, 를 소집했는데, 에 소집해제되, 에 소집해제됐, 에 소집한다"
통칭,900,5,5,9,"를 통칭하는, 을 통칭한다, 을 통칭하는, 로 통칭한다, 을 통칭하여, 를 통칭하여, 를 통칭한다, 으로 통칭한다, 을 통칭하며"
해산,897,11,19,35,"을 해산했다, 을 해산하여, 를 해산하였, 를 해산할수, 를 해산했다, 을 해산하고, 를 해산하고, 이 해산하고, 을 해산하였, 를 해산하는, 으로 해산하였, 은 해산했다, 는 해산하였, 으로 해산했다, 로 해산하였, 은 해산하였, 에 해산하였, 가 해산할때, 에 해산했다, 는 해산했다, 를 해산할것, 를 해산하지, 를 해산하기, 가 해산하고, 를 해산하여, 을 해산하는, 을 해산할수, 에서 해산하였, 를 해산하면서, 가 해산하였, 에 해산하고, 은 해산하고, 을 해산하기, 이 해산하였, 는 해산하고"
구출,896,8,23,24,"을 구출하기, 을 구출했다, 을 구출하였, 를 구출하고, 을 구출하려, 를 구출해내, 을 구출하는, 를 구출하기, 를 구출하였, 을 구출하고, 를 구출하여, 를 구출하는, 을 구출한다, 를 구출했다, 을 구출해내, 를 구출한다, 를 구출하려고, 을 구출하여, 를 구출하러, 을 구출하라, 을 구출하러, 를 구출해낸다, 를 구출하게, 를 구출하라"
건의,895,8,16,24,"에 건의하기, 을 건의하였, 에 건의하여, 을 건의했다, 을 건의하여, 에 건의하였, 에게 건의하기, 을 건의하였으나, 을 건의한다, 을 건의했고, 을 건의하고, 을 건의하기, 를 건의했다, 에 건의했다, 을 건의하는, 를 건의하였, 을 건의했지만, 을 건의하자, 에게 건의하여, 을 건의하였으며, 에게 건의하였, 에게 건의했다, 를 건의하여, 을 건의할수"
동참,892,5,19,21,"에 동참했다, 에 동참하고, 에 동참하지, 에 동참했고, 에 동참하기, 에 동참했던, 에 동참하며, 에 동참하였, 에 동참하게, 에 동참한다, 에 동참하도록, 에 동참하여, 에 동참할것, 에 동참하면서, 도 동참하였, 에 동참한것, 에 동참하는, 도 동참했다, 에 동참할수, 에 동참하였으며, 에 동참하고자"
등극,891,6,19,24,"에 등극하는, 에 등극하였, 에 등극하여, 로 등극한다, 로 등극하였, 로 등극하여, 으로 등극하였, 으로 등극했다, 에 등극하고, 에 등극한다, 으로 등극하게, 로 등극하면서, 에 등극하게, 로 등극했다, 로 등극하게, 에 등극하며, 에 등극했다, 에 등극하기, 로 등극하는, 에 등극하면서, 로 등극하자, 으로 등극한다, 에 등극했고, 가 등극하였"
창출,890,4,15,24,"를 창출하여, 을 창출한다, 를 창출하고, 를 창출하기, 을 창출할수, 를 창출할것, 을 창출하고, 를 창출해내, 을 창출했다, 을 창출하는, 를 창출하였, 를 창출하는, 을 창출하고자, 을 창출하기, 를 창출하며, 를 창출했다, 을 창출하였, 을 창출할것, 를 창출하지, 를 창출한다, 을 창출하여, 를 창출할수, 을 창출해내, 을 창출하지"
재혼,890,12,21,16,"과 재혼했다, 와 재혼하게, 와 재혼하고, 과 재혼하였, 와 재혼했다, 와 재혼하였, 는 재혼하지, 와 재혼하여, 과 재혼하여, 와 재혼했고, 와 재혼한다, 에 재혼하였, 과 재혼한다, 와 재혼했는데, 와 재혼하였으나, 에 재혼했다"
철회,888,7,21,24,"을 철회하기, 을 철회했다, 을 철회할수, 를 철회하고, 를 철회했다, 을 철회할것, 를 철회하지, 을 철회하였, 를 철회하였, 을 철회하고, 을 철회하지, 을 철회했고, 을 철회하도록, 를 철회할것, 을 철회하면서, 을 철회하여, 를 철회하는, 를 철회하면서, 을 철회하게, 을 철회하는, 를 철회하기, 을 철회해줄, 을 철회하겠, 를 철회할수"
전시,886,7,11,22,"에서 전시하고, 를 전시하고, 을 전시하고, 을 전시하였, 에 전시하기, 을 전시했다, 을 전시한다, 을 전시하는, 을 전시하며, 을 전시하기, 에 전시하였, 에 전시했다, 를 전시하는, 을 전시해놓, 로 전시하고, 를 전시했다, 를 전시한다, 을 전시하여, 에 전시하고, 도 전시하고, 를 전시하였, 를 전시하기"
적응,886,9,17,14,"에 적응해가, 에 적응하는, 에 적응하고, 에 적응하지, 에 적응하기, 에 적응하여, 에 적응하면서, 에 적응할수, 에 적응하며, 에 적응한것, 에 적응하게, 에 적응했다, 에 적응하도록, 에 적응한다"
적절,885,16,28,25,"가 적절하지, 을 적절하게, 에 적절하다, 이 적절하게, 를 적절하게, 은 적절하지, 이 적절하다고, 는 적절하지, 이 적절하지, 에서 적절하게, 으로 적절하지, 은 적절하게, 이 적절하다, 에 적절하게, 가 적절하게, 에 적절하지, 으로 적절하게, 로 적절하게, 이 적절하며, 의 적절한사용, 의 적절한기능, 이 적절하고, 가 적절하다고, 가 적절하고, 는 적절하게"
항의,882,13,17,16,"에 항의하는, 에 항의하다가, 에 항의하여, 에 항의하며, 에게 항의하였, 에 항의하던, 에 항의하고, 에게 항의하며, 에 항의하다, 에 항의하였, 에 항의하기, 에 항의했다, 에게 항의했다, 에 항의하면서, 에 항의하자, 에게 항의하는"
재임,880,9,20,30,"까지 재임했던, 까지 재임하였, 으로 재임하였, 로 재임하였, 까지 재임했다, 으로 재임하면서, 으로 재임하던, 으로 재임하는, 까지 재임하면서, 으로 재임하였으며, 로 재임했다, 을 재임하였, 으로 재임하며, 으로 재임했다, 으로 재임한인물, 으로 재임할당시, 로 재임하면서, 에 재임하였, 로 재임하는, 으로 재임하고, 까지 재임했으며,, 로 재임하다가, 로 재임하던, 으로 재임했었다, 으로 재임했던, 으로 재임하다, 으로 재임할때, 까지 재임했고, 로 재임하고, 으로 재임했으며,"
동작,874,15,14,29,"에서 동작한다, 에서 동작하는, 으로 동작하기, 에서 동작하기, 에서 동작하고, 도 동작한다, 에서 동작할수, 으로 동작한다, 에서 동작하도록, 에서 동작하며, 는 동작하지, 으로 동작하는, 으로 동작하지, 이 동작하는, 으로 동작할수, 에서 동작하였, 가 동작하지, 로 동작하는, 로 동작한다, 가 동작하는, 처럼 동작한다, 로 동작할수, 이 동작하지, 만 동작하며, 으로써 동작한다, 만 동작한다, 에서 동작하지, 으로 동작하며, 로 동작하며"
답,869,13,19,25,"고 답했, 라고 답했다, 에 답할, 에 답하기, 라고 답했다고, 라고 답하였, 라고 답한다, 가 답하기, 라고 답했고, 고 답하였, 에 답했, 에 답하여, 에 답하다, 에 답하는, 에 답하고, 에 답하지, 에 답한, 에 답한다, 는 답하지, 고 답한, 이라고 답했다, 이 답하다, 이 답하였, 는 답했다, 로 답했"
추락,869,10,25,34,"가 추락하는, 가 추락하고, 에 추락하였, 으로 추락하였, 이 추락하여, 에 추락했다, 에 추락하여, 에서 추락하여, 에 추락해승객, 가 추락하여, 에서 추락하였, 가 추락하였, 이 추락하는, 로 추락하여, 에 추락한사고, 로 추락했다, 로 추락하고, 로 추락하였, 에서 추락하는, 으로 추락했다, 가 추락한사고, 으로 추락하게, 으로 추락하여, 로 추락하면서, 로 추락했고, 으로 추락했고, 가 추락했다, 에 추락한것, 으로 추락하는, 이 추락하고, 에 추락하는, 로 추락하는, 에서 추락했다, 에 추락한다"
개척,869,7,22,24,"을 개척하는, 를 개척하였, 를 개척했다, 을 개척하여, 을 개척하고, 를 개척하고, 를 개척한것, 를 개척하였으며, 를 개척하는, 를 개척했고, 을 개척하였, 을 개척하였으며, 을 개척했다, 를 개척했다는, 을 개척해나가, 를 개척해나가, 를 개척하여, 를 개척하면서, 을 개척하기, 를 개척하기, 를 개척할수, 를 개척하게, 을 개척한것, 와 개척한새로운"
비례,868,7,14,14,"에 비례하고, 에 비례하여, 에 비례하며, 에 비례한다, 에 비례하는, 에 비례하기, 에 비례한다는것, 에 비례함을, 에 비례하므로, 과 비례한다, 에 비례한다는사실, 에 비례하게, 와 비례한다, 에 비례하지"
삽입,868,6,16,29,"를 삽입하거나, 을 삽입하기, 을 삽입하여, 에 삽입할수, 를 삽입할수, 을 삽입하는, 를 삽입하여, 를 삽입하는, 을 삽입하고, 를 삽입하였, 에 삽입한다, 에 삽입하기, 에 삽입하는, 를 삽입하면, 에 삽입하여, 을 삽입했다, 을 삽입한다, 을 삽입할수, 에 삽입하고, 을 삽입하였, 를 삽입한다, 에 삽입했다, 를 삽입하기, 를 삽입하고, 에 삽입하면, 을 삽입하면, 를 삽입했다, 을 삽입함으로써, 을 삽입할때"
극,868,13,2,13,"의 극한, 으로 극한, 이 극한, 을 극한, 로 극한, 가 극한, 와 극한, 는 극한, 를 극한, 과 극한, 은 극한, 에 극한, 에서 극한"
복원,865,11,20,29,"을 복원하여, 에 복원하였, 를 복원하였, 를 복원하려는, 을 복원하는, 를 복원하는, 을 복원하고, 으로 복원하고, 으로 복원하였, 으로 복원하는, 로 복원하였, 을 복원하였, 를 복원하기, 를 복원했다, 을 복원하기, 를 복원하고, 을 복원하였으며, 을 복원한다, 에 복원한것, 를 복원할수, 을 복원할수, 를 복원하여, 에 복원해놓, 을 복원한것, 을 복원하면서, 에 복원하여, 로 복원하여, 을 복원했다, 으로 복원하여"
고안,863,8,20,30,"를 고안하여, 을 고안했고, 가 고안한것, 를 고안하기, 을 고안해냈, 을 고안하기, 가 고안해낸, 를 고안하였, 를 고안했다, 을 고안하여, 을 고안하였, 을 고안했다, 을 고안해냈다, 가 고안하여, 을 고안해내, 가 고안하였, 을 고안한다, 를 고안하는, 을 고안하는, 을 고안하게, 을 고안하고, 를 고안한것, 을 고안해낸, 을 고안하였으며, 을 고안한것, 가 고안했다, 를 고안하고, 을 고안한사람, 을 고안했는데, 를 고안해내"
정비,863,6,16,17,"을 정비하는, 를 정비하면서, 를 정비하고, 을 정비했다, 을 정비하면서, 을 정비하였, 를 정비하였, 을 정비하여, 을 정비하기, 을 정비하고, 를 정비하기, 를 정비했다, 를 정비하여, 를 정비하는, 를 정비한것, 을 정비한후, 으로 정비했다"
입원,860,8,27,27,"에 입원하여, 에 입원한뒤, 에 입원하기, 에 입원해치료, 에 입원했고, 에 입원하였, 에 입원했을, 에 입원하게, 에 입원해있, 에 입원한상태, 에 입원한다, 에 입원했다, 에 입원했다가, 에 입원하고, 에 입원하는, 으로 입원했다, 에 입원하면서, 에 입원한것, 에 입원했던, 에 입원하였으며, 가 입원한병원, 가 입원해있, 이 입원한병원, 에 입원했으며,, 에 입원한환자, 이 입원했다, 에 입원해야하"
진화,860,15,28,34,"으로 진화했다, 로 진화했다, 로 진화한다, 으로 진화한다, 으로 진화하였, 에서 진화한것, 으로 진화하게, 로 진화하였, 로 진화한것, 으로 진화할것, 에서 진화했다, 으로 진화하고, 으로 진화한것, 로 진화하는, 으로 진화하면서, 으로 진화하는, 으로 진화할수, 로 진화할수, 로 진화하기, 로 진화하게, 으로 진화하여, 에서 진화하여, 으로 진화해왔, 은 진화하는, 가 진화하는, 에서 진화했을, 에서 진화했다는, 가 진화하여, 로 진화하여, 이 진화하는, 이 진화하여, 으로 진화하기, 로 진화하고, 의 진화하는"
귀환,860,9,22,27,"로 귀환하였, 에 귀환했다, 로 귀환했다, 으로 귀환했다, 으로 귀환하여, 로 귀환하여, 로 귀환한다, 으로 귀환하였, 로 귀환하기, 으로 귀환하는, 로 귀환하는, 로 귀환하지, 로 귀환할수, 에 귀환한다, 으로 귀환하면서, 로 귀환하게, 에 귀환하였, 으로 귀환했고, 으로 귀환하게, 로 귀환하고, 에 귀환하는, 에 귀환하여, 로 귀환했지만, 으로 귀환한다, 으로 귀환하지, 로 귀환했고, 로 귀환하면서"
포괄,854,4,11,17,"을 포괄하는, 를 포괄하는, 을 포괄한다, 를 포괄한다, 을 포괄하며, 을 포괄했다, 을 포괄하여, 를 포괄하고, 를 포괄할수, 을 포괄하고, 을 포괄하였, 도 포괄한다, 까지 포괄하는, 을 포괄할수, 를 포괄하여, 를 포괄하였, 를 포괄하며"
슬,847,13,5,18,"에서 슬하, 을 슬퍼하, 은 슬하, 의 슬하, 이 슬퍼하, 을 슬퍼한, 는 슬하, 를 슬퍼하, 을 슬퍼했, 가 슬퍼하, 에 슬퍼하, 와 슬하, 으로 슬하, 는 슬퍼하, 에 슬하, 은 슬퍼하, 과 슬하, 로 슬하"
개국,846,9,22,30,"이 개국하였, 을 개국하고, 으로 개국했다, 가 개국했다, 이 개국했다, 가 개국하였, 를 개국하여, 이 개국하면서, 가 개국하면서, 를 개국하였, 을 개국하였, 에 개국하였, 으로 개국하였, 을 개국하여, 에 개국했다, 을 개국했다, 로 개국했다, 가 개국할때, 으로 개국한방송국, 에 개국하였으며, 로 개국하였, 를 개국했다, 이 개국한뒤, 을 개국하면서, 로 개국하였으며, 이 개국하자, 이 개국할때, 로 개국한민영, 을 개국하는, 에 개국한문화"
함유,846,5,9,12,"를 함유하고, 을 함유하는, 을 함유하고, 을 함유한다, 을 함유할수, 를 함유하는, 을 함유하여, 을 함유하며, 을 함유한것, 을 함유하지, 를 함유한다, 를 함유하며"
후퇴,843,11,26,34,"이 후퇴하는, 으로 후퇴하여, 은 후퇴했다, 으로 후퇴하고, 로 후퇴하고, 로 후퇴했다, 으로 후퇴하는, 으로 후퇴했다, 으로 후퇴하였, 으로 후퇴했고, 로 후퇴하는, 로 후퇴하였, 로 후퇴하기, 으로 후퇴하게, 이 후퇴하면서, 으로 후퇴하면서, 이 후퇴하고, 로 후퇴했고, 으로 후퇴하기, 로 후퇴한다, 로 후퇴하여, 에서 후퇴하여, 가 후퇴하면서, 는 후퇴하는, 까지 후퇴했다, 까지 후퇴하여, 에서 후퇴했다, 에서 후퇴하는, 로 후퇴하게, 은 후퇴하는, 로 후퇴할수, 으로 후퇴한다, 은 후퇴하였, 가 후퇴하고"
수입,841,14,26,28,"을 수입하며, 를 수입하는, 를 수입하여, 를 수입한다, 을 수입했다, 에서 수입하는, 을 수입하기, 에서 수입하고, 을 수입하고, 을 수입하였, 을 수입한다, 을 수입하는, 를 수입하고, 에서 수입하여, 를 수입할수, 을 수입하여, 을 수입하지, 를 수입한것, 를 수입하기, 에서 수입한것, 를 수입하였, 를 수입했다, 가 수입하여, 에서 수입해온, 을 수입할수, 으로 수입하여, 을 수입한것, 에서 수입했다"
승단,837,1,5,5,"으로 승단했고, 으로 승단했다, 으로 승단하였, 으로 승단하고, 으로 승단한이후"
이룩,836,8,22,26,"을 이룩하여, 을 이룩했다, 를 이룩했다, 를 이룩하였, 를 이룩하게, 을 이룩하는, 를 이룩했고, 를 이룩한것, 를 이룩하기, 을 이룩하고, 을 이룩하였, 을 이룩할수, 를 이룩할수, 을 이룩했지만, 를 이룩하여, 을 이룩한것, 를 이룩하는, 을 이룩하기, 를 이룩하였으며, 을 이룩하는데, 을 이룩하게, 을 이룩하지, 을 이룩한다, 를 이룩하려는, 을 이룩했고, 를 이룩하고"
대처,836,6,12,16,"에 대처하는, 에 대처할수, 에 대처하지, 으로 대처하고, 에 대처하기, 으로 대처했다, 으로 대처하기, 으로 대처할수, 에 대처하여, 으로 대처하는, 에 대처하고자, 도 대처할수, 으로 대처하지, 을 대처하는, 에 대처하고, 에 대처했다"
착공,834,8,10,12,"에 착공하여, 을 착공했다, 을 착공하였, 을 착공하여, 에 착공하였, 에 착공하였으나, 를 착공하여, 를 착공하였, 에 착공할예정, 에 착공했다, 에 착공하였으며, 에 착공하고"
소장,831,8,7,9,"를 소장하고, 이 소장하고, 가 소장하고, 을 소장하고, 에서 소장하고, 을 소장하였, 도 소장하고, 을 소장하는, 에 소장하고"
수료,826,5,13,16,"를 수료하고, 을 수료하고, 를 수료하였, 을 수료한자, 을 수료했다, 을 수료하였, 을 수료한후, 을 수료한뒤, 를 수료했다, 를 수료한뒤, 을 수료하였으며, 을 수료했고, 를 수료한후, 로 수료한후, 을 수료하여, 를 수료한바"
부합,826,6,13,18,"에 부합하는, 에 부합한다, 에 부합하는지, 와 부합하지, 에 부합하고, 에 부합하기, 과 부합한다, 에 부합하도록, 에 부합하지, 와 부합하는, 에 부합하여, 과 부합하지, 과 부합하는, 에 부합하며, 에 부합하였, 에 부합하여야, 에 부합하게, 에 부합했다"
잠,826,14,1,14,"의 잠수함, 이 잠수함, 가 잠수함, 에서 잠수함, 과 잠수함, 은 잠수함, 에 잠수함, 는 잠수함, 와 잠수함, 을 잠수함, 로 잠수함, 으로 잠수함, 나 잠수함, 도 잠수함"
진,825,13,5,14,"를 진행할, 이 진해, 은 진해, 의 진해, 와 진해, 을 진하, 은 진한, 과 진해, 는 진한, 을 진행할, 는 진해, 를 진해, 로 진해, 으로 진해"
서,818,15,4,21,"에서 서해, 와 서하, 으로 서해, 이 서해, 의 서한, 은 서해, 는 서한, 에 서하, 은 서하, 는 서하, 는 서해, 에 서해, 의 서해, 에게 서한, 과 서해, 에 서한, 로 서해, 와 서해, 가 서해, 을 서해, 은 서한"
교차,816,13,11,23,"가 교차한다, 가 교차하는, 과 교차한다, 이 교차하는, 과 교차하는, 이 교차한다, 이 교차하며, 와 교차하는, 과 교차하며, 으로 교차하는, 가 교차하고, 에서 교차한다, 에서 교차하여, 에서 교차하는, 이 교차하고, 을 교차하는, 와 교차한다, 를 교차하는, 와 교차하고, 을 교차하여, 과 교차하고, 와 교차하며, 로 교차하는"
망,813,11,5,18,"으로 망하, 에 망하, 이 망하, 이 망한, 가 망할, 이 망했, 가 망한, 에 망한, 가 망하, 를 망하, 가 망해, 가 망했, 는 망했, 이 망해, 을 망하, 이 망할, 은 망했, 에 망했"
기획,809,9,19,30,"로 기획하였, 을 기획하였, 을 기획하여, 을 기획하였으며, 를 기획하였, 을 기획했다, 를 기획한다, 를 기획하고, 을 기획한다, 을 기획하는, 을 기획하고, 가 기획하고, 이 기획하고, 가 기획하였, 으로 기획하고, 으로 기획하였, 로 기획했다, 를 기획하여, 를 기획했다, 를 기획하게, 에서 기획하고, 로 기획한것, 을 기획하게, 를 기획하는, 을 기획한것, 을 기획했고, 를 기획하기, 가 기획한미국, 가 기획했다, 이 기획한프로그램"
권고,808,7,15,16,"을 권고한다, 을 권고하는, 을 권고하고, 에 권고했다, 을 권고하였, 을 권고했고, 을 권고하기, 을 권고했다, 를 권고하였, 을 권고하였으나, 을 권고했지만, 을 권고하여, 를 권고하기, 를 권고하는, 를 권고했다, 를 권고하고"
해소,808,3,13,15,"를 해소하기, 을 해소하였, 을 해소하기, 을 해소하는, 을 해소하여, 를 해소하고, 을 해소하고, 를 해소하는, 를 해소하고자, 를 해소할수, 을 해소해주, 을 해소하고자, 을 해소할수, 을 해소한다, 을 해소했다"
칭찬,808,12,18,25,"를 칭찬했다, 을 칭찬했다, 를 칭찬하며, 을 칭찬한다, 을 칭찬하였, 를 칭찬하였, 을 칭찬하는, 을 칭찬하기, 을 칭찬하고, 을 칭찬하며, 를 칭찬하는, 을 칭찬하여, 을 칭찬하면서, 라고 칭찬했다, 을 칭찬했지만, 를 칭찬했지만, 를 칭찬하고, 고 칭찬했다, 고 칭찬하였, 를 칭찬했고, 라고 칭찬하였, 이라고 칭찬했다, 을 칭찬했고, 를 칭찬하여, 를 칭찬하면서"
유학,807,6,16,18,"으로 유학했다, 에 유학하고, 으로 유학하였, 로 유학하여, 에 유학하여, 으로 유학하여, 에 유학하였, 에서 유학했다, 에서 유학하고, 에서 유학하였, 에 유학하게, 로 유학하였, 에서 유학하여, 에서 유학하는, 에서 유학하던, 에 유학했다, 에 유학하면서, 로 유학했다"
이혼,805,12,22,27,"에 이혼하였, 에 이혼했다, 와 이혼했고, 과 이혼하였, 와 이혼하고, 에 이혼했고, 는 이혼하고, 과 이혼하고, 과 이혼한뒤, 과 이혼했다, 은 이혼하였, 가 이혼하면서, 와 이혼했다, 와 이혼하였, 는 이혼했다, 와 이혼하게, 과 이혼한후, 과 이혼하는, 는 이혼했고, 는 이혼하지, 에 이혼하고, 는 이혼하였, 가 이혼하고, 가 이혼한후, 의 이혼한거주자, 에 이혼한다, 와 이혼한후"
가정,804,9,18,34,"를 가정하면, 를 가정하자, 라고 가정하자, 를 가정하고, 을 가정하였, 를 가정하지, 을 가정하면, 으로 가정하는, 을 가정하자, 으로 가정한다, 을 가정하고, 로 가정하고, 을 가정하여, 을 가정했다, 을 가정하는, 를 가정했다, 를 가정하는, 을 가정한다, 를 가정하여, 을 가정할수, 를 가정한다, 를 가정한다면,, 으로 가정하고, 으로 가정하여, 으로 가정하면, 을 가정하지, 를 가정할때, 로 가정하면, 을 가정해보, 으로 가정했다, 로 가정하여, 로 가정한다, 을 가정할때, 이라고 가정하자"
평정,803,2,18,21,"을 평정하였으며, 를 평정하였, 을 평정하게, 을 평정하였, 을 평정하고, 을 평정하기, 을 평정하는, 를 평정하고, 을 평정했다, 을 평정한후, 를 평정하여, 을 평정하여, 을 평정한뒤, 을 평정한공, 을 평정할때, 를 평정했다, 를 평정하는, 를 평정하기, 을 평정하자, 를 평정한후, 을 평정한공로"
약탈,799,6,24,18,"를 약탈하고, 을 약탈하여, 을 약탈하며, 를 약탈했다, 을 약탈하고, 을 약탈하는, 을 약탈하였, 를 약탈했고, 를 약탈하기, 을 약탈했다, 를 약탈하였, 을 약탈하였으며, 을 약탈하기, 을 약탈하면서, 를 약탈하는, 을 약탈하자, 를 약탈하여, 을 약탈했고"
별세,797,7,13,12,"에서 별세하였, 로 별세하였, 로 별세했다, 으로 별세하였, 에서 별세했다, 에 별세했다, 으로 별세했다, 로 별세하여, 이 별세하자, 가 별세하자, 에 별세하였, 로 별세하자"
경신,796,8,15,16,"을 경신했다, 을 경신하였, 을 경신하는, 를 경신했다, 을 경신하게, 을 경신하며, 을 경신하고, 로 경신했다, 가 경신했다, 을 경신하여, 을 경신했고, 을 경신하기, 를 경신하였, 을 경신하면서, 을 경신한것, 에 경신했다"
결의,791,6,15,16,"을 결의하여, 을 결의했다, 로 결의하였, 를 결의하고, 를 결의했다, 을 결의하는, 를 결의하였, 을 결의하였, 을 결의하고, 로 결의하고, 로 결의한다, 를 결의한다, 로 결의했다, 을 결의한다, 을 결의했고, 을 결의하게"
재건,791,8,19,19,"를 재건하기, 를 재건하는, 를 재건하고, 를 재건하여, 을 재건하고, 을 재건하려는, 을 재건하는, 을 재건하기, 을 재건했다, 를 재건하였, 을 재건하였, 을 재건하여, 을 재건할수, 에 재건하였, 을 재건하면서, 를 재건했다, 를 재건하려는, 을 재건하려, 으로 재건하였"
대답,789,14,16,20,"고 대답했다, 라고 대답하여, 라고 대답했고, 라고 대답하였, 라고 대답했다, 에 대답하는, 라고 대답한다, 로 대답하고, 에 대답하지, 라고 대답했다고, 고 대답하였, 이 대답했다, 가 대답했다, 라고 대답하는, 이라고 대답했다, 에 대답했다, 이 대답하기, 는 대답하지, 도 대답하지, 는 대답했다"
완전,789,25,45,32,"을 완전하게, 은 완전하게, 이 완전하지, 으로 완전하게, 를 완전하게, 의 완전한승리, 가 완전하게, 이 완전하게, 까지 완전하게, 과 완전하게, 의 완전한독립, 의 완전하고, 에 완전하게, 으로부터 완전한독립, 의 완전한분리, 은 완전하지, 는 완전하게, 가 완전하지, 도 완전하지, 로부터 완전한독립, 의 완전한비핵화, 의 완전한파괴, 의 완전한통제, 의 완전한통합, 에서 완전하게, 로 완전하게, 는 완전함자이, 는 완전하지, 이 완전하고, 를 완전한열반, 에 완전한열반, 에서 완전한열반"
공략,788,4,20,22,"를 공략하여, 을 공략하고, 을 공략하는, 을 공략했다, 을 공략하여, 를 공략하기, 을 공략했고, 을 공략하였, 를 공략하는, 를 공략하였, 을 공략한다, 를 공략한다, 를 공략할수, 을 공략하기, 을 공략하게, 을 공략할때, 를 공략했다, 를 공략하고, 을 공략하던, 를 공략하게, 을 공략할수, 를 공략할때"
발원,787,6,7,6,"에서 발원한다, 에서 발원하여, 에서 발원하는, 에서 발원하며, 이 발원하여, 에서 발원한물"
옹립,786,7,21,32,"을 옹립했다, 으로 옹립하였, 를 옹립하여, 을 옹립하고, 을 옹립하였, 를 옹립하였, 을 옹립하는, 으로 옹립하고, 을 옹립하려는, 으로 옹립하려는, 으로 옹립하기, 로 옹립하였, 로 옹립하고, 을 옹립하여, 으로 옹립하려고, 로 옹립하려, 를 옹립하고, 로 옹립하는, 를 옹립하는, 로 옹립했다, 를 옹립할것, 로 옹립하기, 를 옹립했다, 을 옹립하려, 으로 옹립했다, 으로 옹립하려, 를 옹립하려, 을 옹립하니, 로 옹립하여, 를 옹립하니, 를 옹립하기, 으로 옹립하는"
게재,785,6,19,23,"을 게재했다, 를 게재하였, 을 게재하였, 에 게재하여, 에 게재했다, 를 게재하고, 를 게재했다, 을 게재하고, 을 게재하여, 를 게재하기, 을 게재하며, 을 게재하는, 을 게재하기, 에 게재하고, 을 게재한다, 에 게재하는, 를 게재한다, 를 게재하여, 에 게재하였, 를 게재하는, 을 게재했고, 을 게재하면서, 를 게재하면서"
폭발,784,10,22,34,"으로 폭발했다, 이 폭발했다, 에서 폭발하여, 이 폭발하여, 이 폭발하였, 가 폭발했다, 이 폭발하고, 가 폭발하여, 이 폭발하면서, 에서 폭발하는, 가 폭발하면, 가 폭발하였, 이 폭발하는, 가 폭발하는, 에 폭발하였, 으로 폭발하는, 로 폭발하여, 에서 폭발했다, 이 폭발할때, 에서 폭발하였, 가 폭발한다, 으로 폭발하게, 는 폭발하는, 에 폭발했다, 이 폭발하면, 이 폭발한다, 이 폭발하기, 가 폭발하고, 가 폭발하면서, 이 폭발하며, 이 폭발한것, 이 폭발했을, 에 폭발하여, 이 폭발하게"
권장,779,9,10,17,"을 권장하고, 을 권장한다, 을 권장하며, 를 권장하는, 을 권장하지, 를 권장한다, 을 권장했다, 에서 권장하는, 를 권장하였, 을 권장하였, 를 권장하고, 를 권장하지, 을 권장하는, 을 권장하기, 를 권장했다, 은 권장하지, 가 권장하는"
쇠퇴,778,11,20,33,"은 쇠퇴했다, 이 쇠퇴하였, 가 쇠퇴하면서, 이 쇠퇴하기, 가 쇠퇴하였, 이 쇠퇴하자, 이 쇠퇴하고, 이 쇠퇴했다, 에 쇠퇴하였, 은 쇠퇴하여, 는 쇠퇴하였, 으로 쇠퇴하였, 은 쇠퇴하고, 이 쇠퇴하면서, 이 쇠퇴함에, 가 쇠퇴하고, 는 쇠퇴하기, 가 쇠퇴하기, 가 쇠퇴하자, 이 쇠퇴하는, 은 쇠퇴하게, 는 쇠퇴하게, 은 쇠퇴하였, 이 쇠퇴하여, 로 쇠퇴하였, 가 쇠퇴하는, 으로 쇠퇴했다, 이 쇠퇴하게, 부터 쇠퇴하기, 은 쇠퇴하기, 는 쇠퇴하고, 는 쇠퇴했다, 는 쇠퇴했습니다"
주력,777,5,17,16,"에 주력했고, 에 주력했다, 에 주력하고, 에 주력하는, 에 주력하였, 에 주력하면서, 에 주력하여, 에 주력하기, 에 주력하였으며, 에 주력한다, 에 주력했으며,, 에 주력하며, 에 주력하던, 에 주력하게, 에 주력할것, 도 주력하고"
이바지,777,2,17,16,"에 이바지할수, 에 이바지하고, 에 이바지하기, 에 이바지하였, 에 이바지함을, 에 이바지했다, 에 이바지한공적, 에 이바지하며, 에 이바지하는, 에 이바지하게, 에 이바지한공로, 에 이바지함으로써, 에 이바지하고자, 에 이바지할목적, 에 이바지한뒤, 에 이바지했고"
간행,773,8,18,31,"을 간행하여, 을 간행했다, 을 간행하였, 에서 간행한《, 에서 간행하고, 를 간행했다, 에서 간행했다, 을 간행하였으며, 으로 간행하였, 를 간행하였, 를 간행하여, 을 간행하는, 에서 간행하는, 을 간행하고, 을 간행한다, 에서 간행하였, 을 간행하면서, 에서 간행한것, 에 간행하였, 를 간행하는, 으로 간행했다, 를 간행하고, 로 간행하였, 을 간행하기, 를 간행하기, 에서 간행한목판본, 으로 간행한것, 에 간행한것, 을 간행할때, 에서 간행한판본, 로 간행한책"
탈당,769,10,12,21,"을 탈당하였으며, 이 탈당하여, 을 탈당하였, 을 탈당하고, 가 탈당하여, 을 탈당했다, 을 탈당하여, 에서 탈당하고, 이 탈당하면서, 이 탈당하고, 에서 탈당하여, 을 탈당한후, 이 탈당하는, 을 탈당하면서, 이 탈당하였, 는 탈당하여, 에서 탈당하였, 에서 탈당했다, 을 탈당했고, 을 탈당한뒤, 를 탈당하고"
몰두,768,3,19,17,"에 몰두하였, 에 몰두하는, 에 몰두하게, 에 몰두한다, 에 몰두하고, 에 몰두하던, 에 몰두했다, 에 몰두했고, 만 몰두했다, 에 몰두하여, 에 몰두할수, 에 몰두하다가, 만 몰두하였, 에 몰두하기, 에 몰두하면서, 만 몰두하는, 에 몰두하며"
회전,767,14,15,29,"으로 회전하면, 으로 회전하게, 로 회전하고, 로 회전하는, 에 회전하는, 으로 회전하고, 으로 회전하는, 은 회전하는, 가 회전할때, 으로 회전한다, 으로 회전하여, 이 회전하는, 가 회전하고, 가 회전하면서, 의 회전하는, 가 회전하는, 로 회전한다, 는 회전하는, 이 회전하면서, 으로 회전하며, 으로 회전하기, 에서 회전하는, 을 회전하는, 으로 회전할수, 를 회전하는, 가 회전한다, 로 회전할수, 으로 회전하면서, 로 회전하면서"
참,767,10,4,9,"으로 참전하, 에 참전하, 에서 참전하, 로 참전하, 을 참하고, 이 참전하, 도 참전하, 에 참하, 을 참하라"
전전,765,4,14,21,"을 전전하다가, 을 전전하던, 를 전전했다, 을 전전하며, 을 전전하였, 을 전전하면서, 를 전전하다가, 을 전전했고, 를 전전하였, 를 전전하며, 을 전전한다, 을 전전했다, 를 전전하면서, 를 전전하게, 를 전전하는, 를 전전하던, 를 전전하다, 을 전전하는, 을 전전하다, 을 전전하게, 을 전전하고"
마,765,14,8,26,"을 마주했, 과 마하, 가 마한, 이 마한, 는 마한, 은 마한, 에 마한, 으로 마한, 의 마한, 로 마한, 을 마주한, 은 마하, 의 마하, 는 마르마라해, 와 마르마라해, 도 마하, 를 마주했, 를 마주한, 에서 마하, 가 마하, 에 마하, 이 마하, 는 마하, 을 마주할, 와 마하, 으로 마하"
삭제,761,9,20,25,"를 삭제하거나, 을 삭제한다, 를 삭제하고, 을 삭제하고, 을 삭제하였으며, 에서 삭제하였, 을 삭제하기, 을 삭제하였, 를 삭제하였, 을 삭제하는, 을 삭제했다, 을 삭제하지, 를 삭제한다, 를 삭제하여, 를 삭제했다, 에서 삭제했다, 를 삭제할수, 을 삭제한것, 을 삭제하거나, 을 삭제함으로써, 를 삭제하는, 에서 삭제하고, 을 삭제하여, 를 삭제하기, 을 삭제할수"
건국,760,6,21,23,"를 건국하여, 를 건국한다, 을 건국한다, 을 건국하고, 를 건국하고, 을 건국하였, 를 건국하였, 이 건국한나라, 을 건국하게, 을 건국했다, 를 건국했다, 을 건국하자, 를 건국하는, 를 건국한후, 를 건국하면서, 을 건국하여, 를 건국하자, 을 건국한태조, 을 건국하는, 를 건국할때, 을 건국하면서, 를 건국하기, 가 건국하고"
붕괴,759,10,20,29,"가 붕괴하고, 은 붕괴했다, 이 붕괴하면서, 이 붕괴할때, 이 붕괴하고, 은 붕괴하고, 이 붕괴한이후, 이 붕괴하기, 이 붕괴하는, 가 붕괴하기, 이 붕괴하자, 은 붕괴하였, 이 붕괴한뒤, 가 붕괴하자, 이 붕괴했다, 로 붕괴한다, 로 붕괴하는, 으로 붕괴하는, 이 붕괴하였, 으로 붕괴한다, 가 붕괴하면서, 이 붕괴한후, 이 붕괴하여, 가 붕괴하여, 로 붕괴하며, 가 붕괴하는, 가 붕괴할때, 가 붕괴하였, 로 붕괴할것"
자리매김,759,4,13,14,"으로 자리매김하는, 로 자리매김하였, 로 자리매김했다, 으로 자리매김하였, 로 자리매김하고, 로 자리매김하게, 으로 자리매김하고, 로 자리매김한다, 으로 자리매김하게, 으로 자리매김했다, 으로 자리매김한다, 로 자리매김하기, 로 자리매김하는, 로 자리매김하였으며"
유용,757,16,21,29,"에 유용하게, 에서 유용하게, 이 유용하게, 는 유용하게, 에 유용하며, 도 유용하게, 에 유용하다, 에 유용하도록, 에서 유용하다, 를 유용하게, 이 유용하다, 이 유용할수, 로 유용하게, 에 유용하지, 도 유용하다, 에 유용한것, 에게 유용하게, 을 유용하게, 에게 유용하다, 을 유용하고, 에 유용한정보, 는 유용하지, 으로 유용하게, 에 유용할수, 으로 유용하다, 에게 유용할수, 을 유용하여, 에 유용한도구, 도 유용할수"
개관,757,8,11,21,"에 개관하였, 으로 개관하여, 이 개관했다, 을 개관하였, 으로 개관하였, 를 개관했다, 이 개관하였, 를 개관하였, 에 개관하였으며, 에 개관했다, 가 개관하였, 으로 개관하였으며, 을 개관하였으며, 을 개관하고, 을 개관했다, 에 개관하여, 을 개관하여, 로 개관하였으며, 이 개관하면서, 에 개관했으며,, 으로 개관했다"
첨가,755,6,16,25,"를 첨가하여, 을 첨가하여, 을 첨가하였, 을 첨가했다, 을 첨가하기, 을 첨가하거나, 을 첨가하고, 에 첨가하여, 을 첨가하는, 를 첨가한것, 을 첨가함으로써, 을 첨가할수, 에 첨가하면, 를 첨가하기, 을 첨가하면, 을 첨가한다, 을 첨가하지, 를 첨가하는, 를 첨가한다, 에 첨가하는, 를 첨가하면, 를 첨가하고, 를 첨가하거나, 에 첨가할수, 를 첨가하지"
신뢰,755,11,13,29,"를 신뢰하고, 이 신뢰할수, 을 신뢰하지, 으로 신뢰할수, 는 신뢰할수, 에서 신뢰할수, 를 신뢰하지, 이 신뢰할만, 을 신뢰하고, 을 신뢰하였, 를 신뢰하여, 이 신뢰하는, 을 신뢰할수, 을 신뢰하게, 은 신뢰할수, 의 신뢰할수, 을 신뢰하여, 를 신뢰하였, 는 신뢰할만, 를 신뢰할수, 를 신뢰하는, 를 신뢰하게, 에 신뢰할수, 을 신뢰하는, 도 신뢰할수, 으로 신뢰하고, 가 신뢰하는, 가 신뢰할수, 을 신뢰하기"
디자인,752,9,18,24,"을 디자인하고, 이 디자인했다, 를 디자인하기, 가 디자인했다, 을 디자인하였, 을 디자인했다, 이 디자인하고, 가 디자인했으며,, 을 디자인하기, 를 디자인하였, 이 디자인하였, 을 디자인하는, 가 디자인했고, 가 디자인하고, 를 디자인했다, 를 디자인하는, 으로 디자인했다, 가 디자인하였, 가 디자인한것, 가 디자인하였으며, 를 디자인했고, 을 디자인한것, 를 디자인하고, 을 디자인하다"
추측,749,11,12,18,"을 추측하는, 를 추측하는, 을 추측할수, 으로 추측하기, 으로 추측하고, 으로 추측했다, 으로 추측할수, 으로 추측한다, 으로 추측하는, 로 추측하고, 를 추측할수, 을 추측한다, 를 추측하였, 으로 추측하였, 로 추측한다, 을 추측하였, 을 추측하기, 을 추측해볼"
전락,744,2,17,19,"으로 전락하게, 으로 전락하였, 로 전락하고, 으로 전락했다, 로 전락하여, 로 전락했다, 로 전락하였, 으로 전락했고, 으로 전락하고, 로 전락하였으며, 로 전락하게, 으로 전락한다, 으로 전락한것, 으로 전락하는, 으로 전락하여, 로 전락하는, 로 전락하기, 로 전락한다, 로 전락해버렸"
곱,742,9,6,10,"을 곱한다, 를 곱하, 을 곱한, 를 곱한, 을 곱하, 로 곱하, 에 곱하, 를 곱해, 을 곱해, 를 곱한다"
작업,741,16,31,34,"에서 작업하기, 을 작업하기, 로 작업했다, 에서 작업하고, 을 작업하였, 에서 작업하는, 으로 작업하는, 을 작업하고, 로 작업하고, 과 작업했다, 을 작업하면서, 를 작업하고, 을 작업하는, 로 작업하는, 로 작업하였, 으로 작업했다, 과 작업하며, 를 작업하였, 으로 작업하였, 으로 작업할수, 를 작업하기, 에서 작업할수, 을 작업했다, 와 작업했던, 을 작업한다, 를 작업하는, 을 작업하던, 에서 작업한곡, 에서 작업하던, 를 작업했다, 에서 작업했던, 도 작업했다, 에서 작업했다, 에서 작업한풍성"
완화,740,5,14,15,"을 완화하기, 을 완화하고, 을 완화하는, 을 완화하였, 을 완화하여, 을 완화하며, 를 완화하기, 를 완화하고, 을 완화했다, 를 완화할수, 를 완화하여, 를 완화하는, 을 완화하고자, 을 완화한다, 을 완화할수"
발음,738,10,15,18,"으로 발음한것, 으로 발음하는, 로 발음하는, 으로 발음한다, 로 발음한다, 로 발음하면, 라고 발음한다, 처럼 발음한다, 를 발음할때, 로 발음하며, 로 발음하기, 로 발음하지만, 을 발음할때, 을 발음하지, 로 발음하고, 라고 발음하는, 로 발음한것, 처럼 발음하거나"
신속,737,16,5,17,"를 신속하게, 가 신속하게, 을 신속하고, 이 신속하게, 는 신속하게, 을 신속하게, 에 신속하게, 도 신속하게, 는 신속하고, 으로 신속하게, 은 신속하고, 를 신속하고, 에서 신속하게, 은 신속하게, 로 신속하게, 의 신속하고, 이 신속하고"
부활,737,15,29,32,"이 부활하여, 가 부활하였, 으로 부활했다, 이 부활하게, 이 부활하고, 가 부활했다, 이 부활하면서, 이 부활하였, 으로 부활하여, 이 부활했다, 가 부활하고, 가 부활하면서, 으로 부활한다, 에 부활하였, 로 부활하여, 가 부활한후, 로 부활했다, 에서 부활하여, 가 부활하여, 에 부활하는, 가 부활하게, 으로 부활하였, 에 부활했다, 에 부활하여, 가 부활하기, 가 부활하는, 로 부활하였, 로 부활한다, 에서 부활했다, 로 부활하게, 에 부활하게, 에서 부활한다"
대변,736,3,12,16,"를 대변하는, 을 대변하는, 을 대변하기, 을 대변하고, 을 대변했다, 을 대변한다, 을 대변하지, 를 대변하고, 을 대변할수, 을 대변해주, 을 대변하여, 을 대변하며, 를 대변하여, 를 대변하였, 를 대변하기, 를 대변한다"
섭취,733,12,21,30,"를 섭취한다, 을 섭취할수, 을 섭취하는, 을 섭취할때, 을 섭취하여, 를 섭취하여, 를 섭취하지, 을 섭취하지, 을 섭취하면, 이 섭취하는, 을 섭취하기, 을 섭취한다, 을 섭취하고, 를 섭취하기, 를 섭취하며, 를 섭취하는, 을 섭취하거나, 을 섭취했을, 을 섭취하게, 를 섭취하면, 을 섭취할경우, 을 섭취한후, 를 섭취할수, 을 섭취하며, 으로 섭취하는, 로 섭취하는, 을 섭취해야한다, 를 섭취하고, 을 섭취함으로써, 으로 섭취할수"
능가,732,4,14,20,"를 능가하는, 을 능가하는, 를 능가할정도, 을 능가할수, 를 능가하게, 를 능가하기, 을 능가하게, 을 능가한다, 를 능가하여, 를 능가하였, 을 능가하였, 을 능가하기, 를 능가하고, 을 능가하여, 을 능가했다, 를 능가할수, 을 능가할정도, 을 능가하고, 를 능가한다, 를 능가했다"
명시,732,12,16,25,"을 명시하고, 를 명시하는, 를 명시하지, 에 명시하고, 고 명시하고, 을 명시하기, 를 명시했다, 를 명시하고, 고 명시했다, 을 명시하여, 으로 명시하고, 을 명시하지, 을 명시하는, 을 명시하였, 을 명시한다, 을 명시한것, 을 명시했다, 으로 명시하지, 를 명시하기, 라고 명시하고, 를 명시하여, 를 명시하였, 로 명시하고, 을 명시할수, 를 명시한다"
수송,730,7,11,18,"을 수송했다, 를 수송하고, 를 수송했다, 을 수송하는, 을 수송한다, 를 수송하는, 을 수송하기, 를 수송하기, 을 수송하고, 로 수송하는, 로 수송한다, 을 수송하였, 을 수송할수, 으로 수송하기, 으로 수송하는, 을 수송하며, 를 수송할수, 으로 수송했다"
간단,727,18,15,25,"의 간단한예, 를 간단하게, 을 간단하게, 은 간단하게, 처럼 간단하게, 는 간단하게, 는 간단하지만, 는 간단하고, 으로 간단하게, 이 간단하여, 이 간단하다, 에 간단하게, 는 간단하다, 이 간단하고, 가 간단하고, 은 간단하지만, 은 간단하다, 은 간단하고, 가 간단하여, 로 간단하게, 이 간단하게, 은 간단했다, 으로 간단하고, 가 간단하다, 도 간단하게"
현저,727,14,16,19,"에서 현저하게, 에 현저하게, 이 현저하게, 은 현저하게, 을 현저하게, 를 현저하게, 는 현저하게, 이 현저하다, 이 현저하고, 가 현저하게, 과 현저하게, 가 현저하다, 도 현저하게, 보다 현저하게, 이 현저하여, 이 현저하며, 의 현저한감소, 가 현저하고, 의 현저한증가"
생략,724,7,12,23,"을 생략하고, 을 생략하는, 을 생략하면, 를 생략하여, 를 생략할수, 를 생략하거나, 을 생략하여, 을 생략한것, 를 생략하고, 을 생략한다, 는 생략한다, 를 생략한다, 를 생략하기, 를 생략하는, 은 생략하였, 은 생략하고, 을 생략할수, 을 생략하거나, 은 생략한다, 는 생략하였, 을 생략하였, 를 생략하였, 를 생략했다"
하사,724,9,16,17,"을 하사했다, 를 하사하였, 를 하사하여, 를 하사했다, 을 하사하였, 을 하사하고, 를 하사하고, 에게 하사했다, 에게 하사하였, 에게 하사한것, 을 하사하는, 을 하사하여, 을 하사하였으며, 에게 하사하여, 을 하사하기, 을 하사하며, 에서 하사한명정"
불분명,723,7,12,14,"가 불분명하다, 는 불분명하다, 은 불분명하고, 는 불분명하지만, 이 불분명하고, 은 불분명하지만, 가 불분명하다는, 는 불분명하며, 이 불분명하여, 은 불분명하다, 가 불분명하고, 도 불분명하다, 은 불분명하며, 가 불분명하여"
수출,720,8,18,29,"에 수출한다, 를 수출하고, 를 수출한다, 에 수출하는, 를 수출하였, 을 수출하여, 을 수출하고, 을 수출했다, 에 수출했다, 에 수출하여, 를 수출하기, 에 수출하고, 을 수출한다, 을 수출하는, 로 수출하는, 을 수출하였, 으로 수출하였, 를 수출하는, 으로 수출하는, 으로 수출하고, 으로 수출하기, 에 수출하였, 을 수출하기, 에 수출하기, 를 수출하게, 를 수출하여, 을 수출한나라, 을 수출할수, 를 수출했다"
폐,718,10,6,7,"의 폐해, 를 폐하, 을 폐하, 은 폐하, 에서 폐하, 는 폐하, 을 폐했다"
합성,716,11,15,18,"을 합성하는, 을 합성하고, 를 합성하는, 을 합성한다, 를 합성하여, 을 합성하였, 을 합성할수, 으로 합성하는, 을 합성하기, 를 합성하고, 를 합성할수, 을 합성하여, 를 합성하기, 를 합성한다, 을 합성한것, 를 합성한것, 으로 합성한다, 를 합성한단어"
인지,715,10,12,20,"을 인지하고, 을 인지하였, 을 인지하지, 가 인지하는, 를 인지하는, 을 인지할수, 으로 인지할수, 을 인지하는, 를 인지하고, 를 인지하지, 이 인지할수, 을 인지했다, 으로 인지하는, 으로 인지하고, 를 인지할수, 을 인지하여, 을 인지한다, 을 인지하게, 이 인지하는, 을 인지하기"
양도,714,6,22,27,"에게 양도하는, 을 양도하고, 에 양도하고, 에 양도하여, 에게 양도할수, 에게 양도하기, 에게 양도하고, 에게 양도했다, 에 양도했다, 을 양도하기, 를 양도하였, 을 양도하였, 으로 양도하였, 에 양도하면서, 에 양도하였, 에게 양도하였, 에 양도하는, 을 양도할수, 을 양도했다, 에게 양도할것, 에 양도하기, 을 양도하는, 를 양도했다, 를 양도하는, 로 양도하였, 를 양도하고, 를 양도할수"
과시,710,4,13,16,"을 과시했다, 을 과시하기, 를 과시하는, 을 과시하였, 를 과시하고, 을 과시하며, 을 과시하는, 을 과시하고, 를 과시하였, 을 과시한다, 을 과시하여, 를 과시하기, 를 과시했다, 을 과시했고, 을 과시했지만, 을 과시하려는"
거행,709,7,17,21,"을 거행하기, 을 거행하고, 을 거행하는, 을 거행하게, 를 거행하기, 을 거행하였, 에서 거행하는, 을 거행한다, 을 거행했다, 를 거행하였, 을 거행하였으며, 를 거행한다, 를 거행하고, 에서 거행하였, 을 거행하여, 를 거행하는, 을 거행하며, 을 거행할때, 를 거행했다, 를 거행할때, 을 거행하면서"
재,704,16,13,26,"으로 재해석한, 으로 재해석하, 이나 재해, 나 재해, 으로 재해석했, 는 재해, 의 재해, 로 재해석하, 과 재해, 를 재해석한, 로 재해석되, 에서 재해, 을 재해석한, 를 재해석하, 에 재해, 을 재해석하, 로 재해석한, 은 재해, 이 재해, 으로 재해석되, 가 재해, 으로 재해, 로 재해, 이 재하, 으로 재해석해, 을 재하"
피신,700,9,20,22,"로 피신하여, 로 피신했다, 으로 피신했다, 로 피신하였, 으로 피신하였, 으로 피신했다가, 으로 피신하여, 으로 피신한다, 으로 피신하는, 으로 피신하게, 에 피신해있, 로 피신해있, 에 피신하였, 로 피신하게, 으로 피신했던, 로 피신했다가, 으로 피신한후, 으로 피신하고, 로 피신한다, 으로 피신했고, 로 피신했는데, 로 피신했고"
기능,699,14,15,32,"에서 기능하는, 으로 기능하였, 로서 기능한다, 로서 기능하고, 로서 기능하는, 로 기능할수, 으로 기능하고, 으로 기능하게, 로 기능한다, 로 기능했다, 으로 기능하지, 으로서 기능하는, 로서 기능했다, 로서 기능하며, 로 기능하였, 로 기능하게, 으로 기능할수, 로 기능하고, 으로 기능한다, 으로서 기능하고, 으로 기능했다, 으로 기능하는, 으로 기능하며, 로 기능하며, 로 기능하기, 로 기능하는, 로서 기능하였, 도 기능하고, 으로서 기능한다, 으로 기능하기, 도 기능한다, 로서 기능할수"
매입,699,10,15,21,"를 매입하여, 를 매입하면서, 을 매입하여, 를 매입하는, 을 매입하였, 을 매입하는, 을 매입했다, 를 매입했다, 를 매입하였, 를 매입하고, 를 매입하기, 을 매입하면서, 을 매입할수, 가 매입하여, 을 매입하고, 에 매입했다, 이 매입하여, 에서 매입하여, 에 매입하였, 을 매입한후, 을 매입하기"
양호,696,9,15,21,"이 양호하며, 이 양호하다, 가 양호하여, 도 양호하고, 도 양호하다, 가 양호하고, 가 양호한경우, 도 양호하여, 이 양호하고, 는 양호하다, 가 양호하며, 는 양호한편, 이 양호하여, 가 양호할뿐, 가 양호하다, 가 양호한편, 도 양호하며, 으로 양호한상태, 가 양호한책, 도 양호한편, 도 양호하므로"
전파,692,7,19,18,"에 전파하였, 으로 전파하는, 을 전파하는, 을 전파하고, 를 전파하는, 을 전파하였, 을 전파했다, 을 전파하기, 를 전파하였, 를 전파하여, 를 전파했다, 를 전파하기, 을 전파한다, 을 전파할수, 에 전파하는, 를 전파하고, 에 전파하고, 에게 전파하는"
지탱,691,6,13,19,"를 지탱할수, 에서 지탱해주, 을 지탱할수, 을 지탱하고, 를 지탱해주, 을 지탱하던, 을 지탱하는, 를 지탱하고, 을 지탱하기, 을 지탱하며, 를 지탱하는, 를 지탱하기, 을 지탱한다, 를 지탱하던, 를 지탱하며, 을 지탱해주, 을 지탱했다, 를 지탱하였, 를 지탱한다"
투,691,11,2,9,"에서 투하, 이 투하, 를 투하, 을 투하, 에 투하, 가 투하, 의 투하, 로 투하, 으로 투하"
모,690,15,4,17,"을 모함, 의 모함, 와 모하, 를 모함, 으로 모함, 이 모함, 도 모하, 의 모하, 는 모함, 에게 모함, 를 모해, 은 모함, 는 모하, 에 모하, 은 모하, 로 모함, 과 모하"
신고,687,9,19,25,"을 신고하는, 에 신고하였, 에 신고했다, 에 신고하는, 을 신고하였, 를 신고하였, 에 신고하고, 에 신고하기, 에 신고하지, 를 신고하는, 을 신고했다, 에 신고했고, 에 신고한다, 를 신고했다, 을 신고했고, 을 신고하며, 을 신고하지, 에 신고하면서, 에 신고하여, 에 신고했지만, 을 신고하여, 에 신고해야한다, 에 신고하게, 을 신고했지만, 을 신고하고"
처벌,685,8,18,27,"를 처벌할수, 을 처벌하기, 을 처벌하는, 를 처벌하기, 으로 처벌할수, 을 처벌하지, 는 처벌하지, 을 처벌하고, 로 처벌하는, 도 처벌할수, 를 처벌하는, 을 처벌하였, 는 처벌할수, 을 처벌할것, 를 처벌하고, 을 처벌하여, 을 처벌할수, 으로 처벌하는, 로 처벌할수, 으로 처벌하였, 를 처벌하지, 를 처벌할것, 를 처벌하였, 도 처벌한다, 을 처벌했다, 도 처벌한다(, 으로 처벌한다"
군,682,11,1,9,"의 군함, 과 군함, 은 군함, 에 군함, 는 군함, 로 군함, 에서 군함, 와 군함, 이 군함"
금,680,6,5,11,"도 금한, 를 금하, 을 금한, 을 금했, 에서 금하, 을 금할, 을 금하, 을 금함, 를 금했, 는 금하, 를 금할"
견인,678,8,11,16,"을 견인하는, 를 견인하고, 를 견인하였, 을 견인하고, 을 견인하여, 을 견인했다, 를 견인했다, 을 견인했고, 를 견인하며, 을 견인할수, 를 견인했고, 를 견인하는, 를 견인했는데, 을 견인하였, 를 견인하기, 가 견인하는"
창작,677,9,11,13,"을 창작하는, 을 창작했다, 를 창작하고, 가 창작한일본, 을 창작하고, 을 창작하였, 가 창작한만화, 을 창작하기, 를 창작했다, 를 창작하는, 가 창작한등장인물, 이 창작한등장인물, 가 창작했으며,"
부담,673,9,24,25,"를 부담하는, 를 부담할수, 을 부담하게, 를 부담하여, 가 부담하는, 를 부담한다, 을 부담한다, 를 부담하고, 을 부담하였, 를 부담하게, 을 부담하고, 을 부담했다, 가 부담하고, 을 부담하여, 를 부담했다, 을 부담하는, 이 부담하는, 을 부담하기, 을 부담하지, 가 부담한다, 를 부담하지, 으로 부담하는, 을 부담하여야, 에서 부담하는, 이 부담한다"
조합,672,7,17,17,"을 조합하여, 를 조합하여, 를 조합하는, 을 조합할수, 을 조합하면, 를 조합한것, 을 조합하는, 을 조합한것, 와 조합하여, 과 조합하여, 를 조합했다, 를 조합한다, 를 조합하면, 을 조합하고, 를 조합하였, 를 조합하고, 를 조합한단어"
기재,670,11,24,32,"을 기재하는, 를 기재한다, 을 기재하여야, 를 기재하지, 에 기재하였, 를 기재하고, 을 기재하였, 으로 기재하였, 로 기재하였, 를 기재하였, 을 기재했다, 로 기재한다, 을 기재하여, 에 기재한다, 를 기재하는, 는 기재하지, 을 기재하고, 으로 기재하고, 를 기재하여야, 을 기재한다, 만 기재하였, 으로 기재했다, 을 기재하지, 에 기재하지, 에 기재하고, 로 기재하고, 으로 기재한다, 만 기재한다, 을 기재한것, 에 기재하는, 에 기재한물건, 만 기재할것"
찬양,668,3,12,15,"을 찬양하는, 를 찬양하는, 을 찬양하고, 를 찬양하였, 을 찬양했다, 를 찬양하고, 을 찬양하였, 를 찬양하기, 을 찬양하자, 을 찬양하라, 을 찬양하며, 을 찬양한다, 를 찬양하며, 를 찬양하라, 을 찬양하기"
의뢰,667,8,15,23,"에 의뢰하여, 을 의뢰했다, 를 의뢰하였, 를 의뢰한다, 을 의뢰하고, 을 의뢰하였, 를 의뢰했다, 을 의뢰했고, 를 의뢰했고, 을 의뢰하는, 에게 의뢰하는, 가 의뢰하여, 을 의뢰하여, 에게 의뢰하여, 를 의뢰하는, 을 의뢰했는데, 를 의뢰하고, 을 의뢰하기, 을 의뢰한것, 에게 의뢰한다, 를 의뢰하여, 에게 의뢰했다, 을 의뢰한다"
이수,665,6,24,22,"을 이수하는, 을 이수하도록, 을 이수했다, 을 이수한후, 을 이수하였, 을 이수할수, 을 이수한뒤, 을 이수하면, 을 이수하게, 을 이수해야한다, 을 이수한다, 을 이수하고, 을 이수해야하, 을 이수한사람, 을 이수했으며,, 을 이수한자, 을 이수하여, 을 이수하지, 을 이수했고, 을 이수한학생, 을 이수하기, 을 이수한1"
그러,664,20,50,21,"이 그러한것, 이 그러하다, 도 그러하다, 는 그러하지, 이 그러한예, 이 그러하듯이, 에서 그러하다, 이 그러했듯, 에서 그러했다, 도 그러했다, 이 그러하듯, 가 그러하다, 는 그러한상황, 는 그러한것, 가 그러했다, 이 그러했듯이, 가 그러하듯, 가 그러하듯이, 이 그러했던, 이 그러했다, 에 그러하다"
걱정,664,9,18,22,"을 걱정하던, 를 걱정하고, 을 걱정하여, 을 걱정하고, 을 걱정하였, 를 걱정하여, 을 걱정하는, 을 걱정하게, 을 걱정했다, 을 걱정하며, 을 걱정하기, 를 걱정하는, 을 걱정한다, 를 걱정하며, 를 걱정하면서, 를 걱정한다, 를 걱정하던, 을 걱정하지, 으로 걱정하고, 를 걱정하였, 으로 걱정하는, 을 걱정하다"
분동,664,3,5,7,"으로 분동하였, 으로 분동하고, 을 분동하였, 에서 분동하였, 으로 분동하여, 에서 분동하여, 으로 분동함"
직행,663,3,13,16,"에 직행하는, 로 직행하는, 에 직행하고, 에 직행하였, 에 직행했다, 에 직행했고, 에 직행하게, 으로 직행하는, 로 직행하게, 에 직행한조, 에 직행한다, 로 직행한다, 에 직행하며, 으로 직행하고, 으로 직행한다, 에 직행한팀"
잔,662,8,2,7,"의 잔해, 과 잔해, 은 잔해, 에서 잔해, 는 잔해, 와 잔해, 이 잔해"
종합,661,4,11,14,"을 종합한것, 를 종합하여, 을 종합하여, 을 종합하는, 을 종합해보, 를 종합하면, 을 종합해볼, 를 종합해보, 을 종합하면, 를 종합하는, 을 종합할때, 를 종합해볼, 으로 종합하여, 이 종합한다"
",",661,34,71,33,"로 ,한국의, 선 ,한조몬선, 으로 ,하나의, 를 ,하얀색은, 으로 ,한국전쟁, 로 ,한번, 으로 ,한국의, 도 ,한편으로, 으로 ,한국은, 에 ,한번, 으로 ,한국에서, 에서 ,하나의, 과 ,한국학중앙, 으로 ,할아버지는, 에 ,한국의, 에 ,하나의, 을 ,하얀색은, 는 ,하나의, 로 ,한국에서, 으로 ,한번, 에 ,하나는, 로 ,하간헌, 으로 ,하나는, 로 ,한국전쟁, 으로 ,해당지역, 로 ,하나의, 으로 ,한쪽, 으로 ,한해, 으로 ,한뼘, 로 ,한경지략에, 에서 ,하메스는, 도 ,하고, 으로 ,해태타이거즈"
자칭,660,6,16,17,"을 자칭하는, 을 자칭하였, 를 자칭하였, 을 자칭하여, 를 자칭했다, 를 자칭하는, 을 자칭하고, 를 자칭하면서, 라고 자칭하는, 을 자칭하면서, 를 자칭하며, 을 자칭하며, 을 자칭했다, 를 자칭하고, 를 자칭한다, 을 자칭한다, 를 자칭하여"
중지,658,5,19,18,"을 중지하였으며, 을 중지하고, 를 중지하고, 을 중지할것, 을 중지하도록, 을 중지하는, 을 중지할수, 를 중지하는, 을 중지하게, 을 중지하거나, 을 중지하기, 을 중지했다, 을 중지한다, 를 중지했다, 을 중지했고, 을 중지하라는, 를 중지한다, 를 중지할것"
추출,657,7,14,23,"으로 추출하여, 을 추출하는, 를 추출하고, 를 추출해내, 을 추출할수, 를 추출하여, 을 추출할때, 을 추출하고, 를 추출하기, 을 추출하여, 에서 추출하는, 를 추출하는, 을 추출한다, 에서 추출하여, 를 추출한다, 으로 추출하는, 를 추출할수, 을 추출했다, 에서 추출한것, 에서 추출한다, 을 추출해내, 에서 추출할수, 을 추출하기"
지목,657,6,16,24,"을 지목했다, 으로 지목하였, 를 지목하였, 로 지목했다, 로 지목하여, 를 지목했다, 을 지목하는, 으로 지목하고, 을 지목하였, 로 지목하고, 로 지목하였, 를 지목하고, 을 지목하며, 을 지목하여, 을 지목하고, 를 지목하며, 로 지목한다, 를 지목한다, 를 지목하는, 를 지목하여, 으로 지목한다, 으로 지목했다, 으로 지목하면서, 을 지목한다"
보충,653,5,15,16,"를 보충하였, 를 보충해주, 을 보충하기, 을 보충하는, 을 보충할수, 를 보충할수, 을 보충했다, 를 보충하는, 을 보충하고, 를 보충하고, 을 보충해주, 을 보충한다, 를 보충하기, 를 보충하여, 을 보충하였, 을 보충하여"
화려,653,18,32,27,"을 화려하게, 의 화려함을, 의 화려하고, 의 화려한장식, 은 화려하게, 은 화려하고, 에서 화려하게, 으로 화려하게, 이 화려하게, 는 화려하고, 가 화려하게, 의 화려한모험, 로 화려하게, 의 화려한팔작지붕, 를 화려하게, 이 화려하고, 는 화려하게, 에 화려하고, 에 화려하게, 의 화려함과, 이 화려하다, 의 화려한외출, 의 화려한인생, 의 화려한모습, 의 화려한업적, 의 화려한성과, 에 화려한보관"
마주,651,11,12,22,"이 마주하는, 가 마주하는, 을 마주하며, 와 마주하고, 와 마주한다, 을 마주하고, 과 마주한다, 과 마주하고, 과 마주하는, 를 마주하고, 가 마주하고, 와 마주하며, 을 마주한다, 을 마주하게, 과 마주하게, 를 마주하게, 을 마주하는, 를 마주한다, 과 마주하며, 를 마주하는, 와 마주하게, 와 마주하는"
달리,651,6,12,16,"을 달리하여, 을 달리하는, 를 달리한다, 를 달리하는, 을 달리했다, 을 달리한다, 을 달리하며, 을 달리하기, 을 달리하였, 를 달리하고, 을 달리하게, 를 달리하여, 을 달리하고, 를 달리했다, 을 달리할수, 을 달리하면서"
회피,649,5,18,19,"를 회피하거나, 을 회피하였, 을 회피하고, 를 회피하는, 을 회피할수, 을 회피하기, 를 회피한다, 을 회피한다, 을 회피하는, 을 회피하거나, 을 회피했다, 을 회피하여, 을 회피하려는, 을 회피하면서, 를 회피할수, 를 회피하기, 를 회피하였, 을 회피하며, 를 회피하고"
실천,648,5,17,18,"을 실천하였, 을 실천하는, 을 실천했다, 를 실천하는, 을 실천하고자, 으로 실천하는, 를 실천하고, 을 실천할수, 을 실천하기, 를 실천하였, 를 실천하기, 을 실천한다, 을 실천하고, 을 실천하여, 을 실천함으로써, 를 실천했다, 을 실천하며, 를 실천하며"
수분,648,3,5,4,"가 수분해효소, 가 수분해*, 가 수분해반응, 가 수분해에"
행동,647,15,21,28,"처럼 행동한다, 처럼 행동하는, 으로 행동하는, 으로 행동하기, 으로 행동할수, 으로 행동했다, 로 행동했다, 로 행동하는, 으로 행동하지, 처럼 행동하여, 처럼 행동하게, 처럼 행동했다, 으로 행동한다, 처럼 행동하지만, 처럼 행동할수, 처럼 행동하고, 처럼 행동하기, 가 행동하는, 으로 행동하게, 으로 행동하고, 에 행동하는, 으로 행동하며, 로 행동하고, 에서 행동하는, 로 행동한다, 처럼 행동하며, 처럼 행동하였, 이 행동하는"
편리,646,16,18,25,"이 편리하고, 를 편리하게, 에 편리하다, 을 편리하게, 가 편리하게, 이 편리하며, 이 편리하여, 도 편리하다, 이 편리한지역, 이 편리해졌다, 이 편리하다, 에 편리하게, 이 편리한곳, 에 편리하도록, 이 편리하게, 에서 편리하게, 이 편리하기, 의 편리함을, 가 편리하다, 과 편리함을, 에 편리하고, 의 편리함과, 이 편리하도록, 이 편리하지, 이 편리해지"
급증,646,10,15,22,"가 급증하여, 이 급증하고, 가 급증하면서, 으로 급증했다, 가 급증했다, 가 급증함에, 이 급증하는, 이 급증하였, 이 급증하기, 이 급증했다, 가 급증한것, 가 급증하기, 가 급증하였, 가 급증하고, 이 급증하자, 로 급증했다, 이 급증함에, 이 급증하면서, 가 급증하는, 이 급증하게, 이 급증하여, 가 급증하자"
접속,646,12,17,22,"에 접속하고, 로 접속하여, 에 접속할수, 에 접속하기, 에 접속하는, 으로 접속할수, 에 접속하면, 에 접속하여, 에 접속한다, 이 접속하는, 에서 접속하는, 와 접속하는, 로 접속하는, 에 접속할때, 와 접속한다, 과 접속하고, 에서 접속할수, 을 접속하는, 과 접속하는, 를 접속하는, 과 접속한다, 과 접속한지점"
재배,646,9,16,21,"를 재배하고, 을 재배한다, 을 재배하는, 을 재배하고, 에서 재배한다, 를 재배한다, 를 재배하기, 을 재배하기, 를 재배하는, 에서 재배하는, 를 재배하였, 을 재배하였, 을 재배하여, 을 재배하며, 으로 재배하기, 을 재배할수, 을 재배했다, 를 재배하여, 으로 재배하는, 으로 재배한다, 로 재배한다"
엄격,644,19,32,19,"으로 엄격하게, 은 엄격하게, 을 엄격하게, 의 엄격한규율, 에서 엄격하게, 이 엄격하지, 도 엄격하게, 는 엄격하게, 이 엄격하게, 에 엄격하게, 를 엄격하게, 로 엄격하게, 의 엄격함을, 의 엄격하고, 가 엄격하게, 는 엄격하고, 의 엄격한통제, 은 엄격하고, 에 엄격하고"
구상,642,8,19,22,"을 구상했다, 을 구상하는, 을 구상하고, 가 구상하고, 을 구상한다, 을 구상하였, 에 구상했던, 를 구상하였, 을 구상하게, 을 구상하기, 를 구상하는, 를 구상하고, 를 구상했다, 으로 구상했다, 을 구상하여, 을 구상한것, 를 구상한다, 를 구상했고, 을 구상하면서, 을 구상했고, 를 구상하게, 로 구상했다"
중퇴,640,5,11,14,"를 중퇴하고, 을 중퇴하고, 를 중퇴한뒤, 에 중퇴하고, 를 중퇴한후, 을 중퇴한후, 를 중퇴하였, 을 중퇴하였, 에 중퇴했다, 을 중퇴했다, 를 중퇴했다, 을 중퇴한뒤, 를 중퇴한이후, 를 중퇴했고"
추방,639,7,15,22,"을 추방했다, 을 추방하고, 에서 추방하고, 을 추방하였, 에서 추방하였, 을 추방하는, 로 추방하였, 으로 추방하였, 에서 추방했다, 로 추방하고, 를 추방하고, 로 추방하거나, 로 추방했다, 에서 추방하는, 을 추방할것, 를 추방했다, 를 추방하였, 로 추방하는, 을 추방하기, 으로 추방했다, 를 추방하기, 를 추방하는"
진군,638,10,20,20,"로 진군하고, 로 진군하여, 으로 진군하였, 로 진군하였, 로 진군하자, 으로 진군했다, 까지 진군하였, 에 진군하여, 로 진군했다, 로 진군했지만, 까지 진군하여, 까지 진군했다, 으로 진군하여, 로 진군하는, 으로 진군했고, 으로 진군하기, 으로 진군하던, 으로 진군하는, 으로 진군하고, 로 진군하기"
동조,636,8,13,14,"에 동조하는, 는 동조하지, 에 동조하여, 에 동조했다, 에 동조하였, 에 동조하기, 에 동조하면서, 에 동조하고, 에 동조하게, 에 동조하지, 에 동조하며, 에 동조했다는, 에 동조했던, 에 동조한것"
반박,635,11,12,26,"이라고 반박하였, 라고 반박했다, 을 반박하고, 고 반박하였, 을 반박하는, 이라고 반박했다, 를 반박하기, 을 반박하기, 고 반박했다, 을 반박하였, 을 반박했다, 를 반박했다, 를 반박하는, 를 반박하며, 을 반박하며, 을 반박한다, 를 반박하였, 에 반박하는, 를 반박하고, 으로 반박하였, 라고 반박하였, 에 반박하기, 을 반박하면서, 에 반박했다, 에 반박하며, 에 반박하였"
만,634,12,23,22,"에 만해당되, 까지 만하여도, 까지 만해도이, 까지 만하더라도, 에 만한정되, 까지 만해도,, 에 만한정하, 에 만해당), 까지 만해도그, 을 만천하, 에게 만해당되, 에게 만한정되, 에 만해당하, 에 만한정된다, 이 만천하, 에 만할수, 에서 만할수, 에 만해당한다, 에 만한정된, 에서 만한정되, 에 만해당된다, 까지 만한경기"
비유,632,6,15,18,"에 비유하였, 를 비유하는, 에 비유하여, 에 비유한것, 에 비유하기, 에 비유할수, 에 비유하면서, 에 비유했다, 을 비유하여, 에 비유하고, 에 비유하면, 에 비유하며, 에 비유하는, 을 비유하는, 에 비유한다, 로 비유하여, 로 비유하면, 에 비유한가사"
자생,629,8,6,12,"이 자생한다, 가 자생하고, 에 자생하는, 에 자생한다, 에서 자생하는, 에 자생하고, 이 자생하고, 에서 자생하고, 만 자생하는, 에 자생하며, 에서 자생한다, 에서 자생하며"
응시,628,10,18,21,"에 응시했으나낙방, 에 응시했으나탈락, 에 응시하였으나, 에 응시했다, 에 응시하게, 에 응시할수, 이 응시하였, 에 응시하여, 에 응시하였, 을 응시하며, 에 응시하기, 에 응시하는, 에 응시했지만, 을 응시하고, 을 응시하는, 에 응시하지, 에 응시하고, 에 응시할자격, 만 응시할수, 에 응시했다가, 에 응시한다"
김,628,14,10,16,"은 김해, 과 김해, 에서 김두한, 가 김해, 에 김해, 는 김해, 으로 김해, 의 김해, 이 김해, 을 김해, 와 김해, 에 김두한, 는 김두한, 에서 김해, 은 김두한, 로 김해"
발족,628,10,19,24,"를 발족하였, 으로 발족했다, 가 발족하여, 를 발족하고, 가 발족했다, 가 발족하였, 를 발족했다, 가 발족하고, 로 발족하였, 가 발족한다, 으로 발족하였, 로 발족하여, 를 발족하여, 에 발족하였, 가 발족하면서, 이 발족했다, 이 발족하면서, 에 발족하였으며, 을 발족하였, 을 발족했다, 로서 발족했다, 으로 발족할당시, 이 발족하였, 이 발족하자"
위로,627,3,13,19,"을 위로해주, 을 위로하는, 을 위로하고, 을 위로하고자, 을 위로하였, 을 위로하기, 를 위로하고, 를 위로하였, 을 위로했다, 를 위로했다, 를 위로하며, 을 위로하며, 를 위로해주, 를 위로하는, 를 위로하기, 을 위로하여, 를 위로한다, 을 위로한다, 을 위로해줘"
수습,627,7,12,18,"을 수습하고, 를 수습하기, 를 수습하는, 을 수습하였, 을 수습하는, 를 수습하였, 을 수습하여, 를 수습하려, 를 수습하고, 을 수습하기, 을 수습하지, 을 수습했다, 이 수습하여, 을 수습하고자, 을 수습하려, 를 수습하여, 를 수습하고자, 로 수습하였"
공전,627,7,7,17,"으로 공전하고, 를 공전하는, 를 공전하고, 을 공전하는, 을 공전하고, 을 공전하면서, 이 공전하고, 에서 공전하고, 를 공전하면서, 로 공전하고, 로 공전하는, 를 공전한다, 으로 공전한다, 으로 공전하는, 을 공전한다, 에서 공전하는, 로 공전한다"
무장,626,14,20,17,"을 무장해제시키, 으로 무장하고, 로 무장했다, 의 무장해제를, 로 무장하고, 로 무장했고, 을 무장해제하, 으로 무장했다, 를 무장했다, 을 무장했고, 을 무장했다, 으로 무장했고, 으로 무장한채, 은 무장해제를, 으로 무장하여, 로 무장하여, 을 무장하고"
자처,625,4,13,18,"을 자처하며, 을 자처했다, 을 자처하였, 을 자처하기, 을 자처한다, 를 자처하는, 을 자처하면서, 를 자처하던, 를 자처했다, 를 자처하고, 을 자처하고, 를 자처하였, 를 자처하며, 을 자처하는, 를 자처한다, 를 자처하면서, 을 자처하여, 를 자처하여"
고발,625,8,16,19,"에 고발하였, 을 고발하여, 를 고발하였, 을 고발하고, 에 고발했다, 로 고발하였, 을 고발하였, 로 고발했다, 을 고발하는, 로 고발하여, 을 고발했다, 를 고발하여, 을 고발한다, 를 고발하고, 를 고발했다, 를 고발하는, 으로 고발하였, 를 고발하기, 을 고발하기"
취항,624,11,13,15,"에 취항하였, 에 취항하고, 에 취항한다, 을 취항하였, 가 취항하고, 이 취항하고, 을 취항하고, 이 취항하였, 에 취항했다, 에 취항하는, 로 취항했다, 을 취항했다, 을 취항하기, 에 취항하기, 만 취항하고"
퇴단,623,8,5,7,"에서 퇴단했다, 를 퇴단했다, 을 퇴단하였, 을 퇴단했다, 에 퇴단했다, 에서 퇴단한이후, 으로 퇴단했다"
철거,622,9,14,17,"를 철거하지, 을 철거하고, 를 철거하고, 를 철거하기, 을 철거했다, 를 철거하였, 을 철거하여, 을 철거한후, 를 철거하는, 을 철거하였, 을 철거하기, 을 철거하는, 를 철거한후, 를 철거하여, 을 철거한자리, 를 철거했다, 을 철거하면서"
토,616,7,6,7,"을 토하, 를 토하, 로 토하, 을 토했, 을 토해, 를 토해, 을 토한"
우세,614,12,27,22,"이 우세하였, 가 우세하게, 이 우세하여, 이 우세하게, 이 우세하고, 가 우세하여, 가 우세하다, 이 우세하다, 이 우세했다, 가 우세했지만, 가 우세하며, 이 우세한것, 이 우세해지, 에서 우세하게, 이 우세하며, 이 우세했지만, 가 우세했다, 가 우세하고, 이 우세한가운데, 이 우세해진다, 으로 우세하다, 이 우세했던"
배포,614,11,15,26,"를 배포했다, 에 배포하는, 을 배포하는, 을 배포하기, 를 배포하는, 를 배포하고, 에 배포하기, 을 배포했다, 을 배포하였, 에게 배포하였, 로 배포하고, 를 배포하기, 에 배포하였, 를 배포하였, 로 배포했다, 을 배포하고, 로 배포하였, 에 배포하고, 으로 배포하고, 를 배포하여, 에서 배포하는, 으로 배포하는, 로 배포하는, 을 배포한다, 에 배포했다, 을 배포할수"
황,613,14,11,22,"과 황해, 에 황하, 은 황해, 의 황하, 이 황해, 가 황해, 는 황해, 는 황하, 은 황하, 으로 황해, 과 황하, 에서 황해, 이 황하, 와 황해, 으로 황하, 에서 황하, 가 황하, 의 황해, 을 황하, 의 황해도관찰사, 는 황해도관찰사, 에 황해"
많이,613,7,24,24,"을 많이하는, 를 많이했다, 를 많이하는, 을 많이하여, 을 많이하게, 를 많이함유하, 이 많이함유된, 을 많이하였, 을 많이했다, 을 많이하지, 을 많이하고, 를 많이하고, 를 많이한다, 도 많이하였, 을 많이한다, 이 많이함유되, 을 많이함유하, 도 많이하고, 도 많이한다, 에 많이함유되, 를 많이하였, 을 많이했던, 가 많이함유되, 을 많이하며"
허가,612,10,20,21,"을 허가하는, 을 허가해주, 을 허가할수, 을 허가한다, 을 허가해달, 을 허가해줄, 을 허가하지, 을 허가하였, 를 허가하였, 을 허가하기, 을 허가하고, 을 허가했다, 를 허가해주, 를 허가하고, 의 허가하에, 을 허가하면서, 를 허가했다, 를 허가하는, 를 허가하지, 을 허가하여, 을 허가했고"
독점,608,6,19,24,"을 독점한다, 가 독점하는, 이 독점하고, 를 독점할수, 을 독점하여, 을 독점하려, 을 독점하였, 을 독점하게, 가 독점하고, 을 독점하지, 를 독점하였, 을 독점하는, 을 독점했다, 을 독점하고, 를 독점하고, 를 독점하게, 을 독점하기, 를 독점하기, 이 독점하는, 을 독점하던, 를 독점하는, 을 독점하려고, 이 독점하였, 을 독점하며"
입각,608,4,11,10,"에 입각하여, 에 입각한정치, 에 입각한것, 으로 입각하여, 에 입각하는, 에 입각하고, 으로 입각하였, 으로 입각했다, 에 입각한정책, 에 입각했다"
침략,607,8,24,20,"을 침략하는, 를 침략하여, 을 침략했다, 를 침략하였, 를 침략했을, 를 침략하고, 을 침략하면서, 을 침략하여, 를 침략하는, 을 침략한다, 을 침략했고, 을 침략하고, 를 침략하기, 을 침략하였, 를 침략하자, 을 침략하기, 를 침략했다, 을 침략하자, 을 침략했을, 를 침략한다"
이상,607,17,30,26,"은 이상한일, 는 이상하게, 은 이상하게, 가 이상하다, 이 이상해지, 을 이상하게, 이 이상하게, 를 이상하게, 의 이상한나라, 의 이상한사건, 가 이상하게, 도 이상하게, 와 이상한마을, 의 이상한던전, 의 이상한여행, 의 이상한뿔피리, 은 이상하다, 의 이상한100, 의 이상한행동, 이 이상하다, 가 이상해》, 이 이상하다고, 과 이상한아이, 에게 이상한하루, 의 이상한삶, 가 이상한생명체"
용,607,14,1,12,"에 용해, 이 용해, 을 용해, 는 용해, 가 용해, 과 용해, 은 용해, 으로 용해, 를 용해, 에서 용해, 의 용해, 만 용해"
독특,606,17,44,32,"의 독특한개성, 의 독특한모양, 이 독특하다, 이 독특하여, 의 독특한양식, 의 독특한지형, 이 독특하게, 이 독특하고, 의 독특한문화, 의 독특한점, 의 독특한형태, 의 독특한음악, 의 독특한특징, 의 독특한스타일, 을 독특하게, 에서 독특하게, 의 독특한성격, 의 독특한맛, 은 독특하게, 의 독특한특성, 는 독특하고, 의 독특하고, 에서 독특하다, 는 독특하게, 에 독특하게, 의 독특한사운드, 의 독특한디자인, 도 독특하다, 은 독특하고, 의 독특한향, 를 독특하게, 으로 독특하게"
초대,606,8,15,27,"을 초대하는, 를 초대하여, 으로 초대한다, 에 초대하기, 로 초대했다, 를 초대했다, 에 초대하여, 으로 초대했다, 을 초대하여, 에 초대하였, 을 초대했다, 에 초대하는, 로 초대하여, 를 초대하였, 을 초대하였, 에 초대했다, 를 초대한다, 으로 초대하여, 으로 초대하였, 에 초대하고, 로 초대한다, 에 초대한다, 을 초대한다, 을 초대하고, 를 초대하는, 에 초대했고, 를 초대하고"
존경,606,13,15,22,"이 존경하는, 을 존경하여, 을 존경하는, 를 존경하며, 는 존경하는, 를 존경하고, 을 존경하고, 를 존경했다, 를 존경한다, 를 존경하는, 를 존경하였, 을 존경했다, 이 존경하던, 를 존경하여, 가 존경하는, 를 존경하던, 을 존경한다, 에서 존경하는, 으로 존경하고, 을 존경하며, 를 존경하게, 엔 존경하는"
기각,605,7,14,13,"을 기각했다, 를 기각했다, 을 기각하였, 를 기각하였, 를 기각하는, 를 기각하고, 를 기각하여, 를 기각하면서, 를 기각했고, 을 기각하고, 를 기각해징역, 을 기각하는, 를 기각한다"
회상,605,10,11,19,"라고 회상하였, 라고 회상했다, 고 회상하였, 를 회상하며, 고 회상했다, 는 회상했다, 를 회상했다, 을 회상하며, 을 회상했다, 을 회상하는, 을 회상하면서, 을 회상하고, 을 회상한다, 을 회상하기, 을 회상하게, 를 회상하는, 를 회상하면서, 을 회상하였, 를 회상한다"
퇴각,605,10,20,29,"은 퇴각했다, 이 퇴각하면서, 은 퇴각하는, 으로 퇴각했다, 으로 퇴각하였, 으로 퇴각한다, 이 퇴각하자, 까지 퇴각했다, 이 퇴각하는, 로 퇴각하였, 에서 퇴각하였, 으로 퇴각하여, 으로 퇴각하는, 으로 퇴각하기, 은 퇴각하였, 에서 퇴각했다, 로 퇴각했다, 로 퇴각하여, 는 퇴각하였, 으로 퇴각했고, 으로 퇴각할수, 에서 퇴각하는, 로 퇴각할수, 은 퇴각할수, 에서 퇴각하여, 로 퇴각하는, 는 퇴각하는, 로 퇴각하고, 로 퇴각했고"
완수,604,6,18,20,"를 완수하지, 을 완수하기, 을 완수하지, 을 완수하는, 을 완수하고, 을 완수하였, 을 완수할수, 을 완수했다, 를 완수하고, 를 완수하게, 를 완수한다, 를 완수했다, 을 완수하면, 를 완수하였, 를 완수하기, 를 완수하는, 을 완수하여, 를 완수할수, 을 완수할때, 을 완수한다"
임관,603,7,13,17,"로 임관했다, 로 임관하였, 로 임관하며, 에 임관하였, 으로 임관하여, 으로 임관했다, 로 임관하여, 로 임관하게, 로 임관한다, 로 임관하기, 으로 임관한다, 에 임관하여, 로 임관하였으며, 에 임관했다, 로 임관한후, 로 임관하는, 로 임관하고"
촉매,602,3,7,10,"을 촉매한다, 을 촉매하는, 을 촉매하여, 가 촉매하는, 를 촉매한다, 을 촉매하기, 를 촉매하는, 를 촉매하여, 을 촉매할수, 을 촉매하고"
시청,600,11,15,27,"이 시청하였, 을 시청할수, 을 시청했던, 만 시청할수, 에서 시청할수, 이 시청한것, 을 시청하는, 을 시청했다, 이 시청하는, 를 시청하였, 을 시청하였, 를 시청하고, 도 시청할수, 으로 시청할수, 를 시청하는, 을 시청하기, 를 시청할수, 로 시청할수, 을 시청하고, 이 시청했다, 이 시청하기, 가 시청할수, 가 시청하기, 는 시청할수, 이 시청하며, 이 시청하여, 이 시청하였으며"
해제,600,6,15,16,"를 해제하는, 를 해제했다, 을 해제하였, 를 해제하고, 를 해제하였, 을 해제하고, 을 해제하지, 을 해제하는, 을 해제하여, 을 해제할수, 을 해제하기, 를 해제한다, 를 해제할수, 을 해제한다, 을 해제했다, 를 해제하기"
아,599,16,16,24,"와 아조프해, 을 아쉬워했, 은 아브라함, 을 아쉬워하, 의 아브라함, 의 아해, 에서 아브라함, 는 아브라함, 가 아브라함, 를 아쉬워하, 는 아랄해, 에 아브라함, 이 아브라함, 에서 아드리아해, 을 아까워하, 는 아조프해, 에 아파하, 과 아브라함, 와 아브라함, 는 아라한, 의 아라한, 과 아라한, 나 아라한, 란 아게하"
또,599,16,9,21,"에 또한번, 은 또하나의, 을 또한번, 이 또한번, 의 또하나의, 에 또하나의, 는 또한번, 는 또하나의, 은 또한번, 으로 또한번, 도 또하나의, 은 또한대, 가 또한번, 에서 또한번, 이 또하나의, 로 또한번, 에게 또한번, 에서 또하나의, 를 또한번, 의 또한명, 는 또한명"
상주,596,9,14,22,"이 상주해있, 이 상주하는, 에 상주하는, 가 상주하고, 이 상주하여, 에 상주하며, 에게 상주하였, 에게 상주하여, 에 상주하고, 에 상주하였, 에 상주하여, 에 상주하면서, 을 상주하였, 에 상주하던, 을 상주했다, 이 상주하고, 에 상주하지, 을 상주하여, 에 상주한다, 가 상주하는, 이 상주하지, 을 상주하였으나"
부착,595,7,15,23,"을 부착하는, 에 부착하여, 에 부착했다, 에 부착하기, 를 부착하는, 에 부착하였, 을 부착할수, 에 부착하는, 를 부착하여, 를 부착한다, 을 부착한다, 에 부착한다, 에 부착할수, 을 부착하였, 을 부착하여, 에 부착하고, 을 부착하고, 를 부착하였, 를 부착하고, 을 부착하기, 를 부착할수, 를 부착하기, 를 부착했다"
반환,593,8,26,27,"에 반환하고, 을 반환하는, 에 반환하였, 을 반환하라는, 를 반환하였, 을 반환하고, 를 반환한다, 을 반환한다, 에 반환하기, 에 반환한다, 를 반환하고, 를 반환하기, 에 반환했다, 에게 반환하였, 에 반환하는, 을 반환할수, 를 반환하지, 을 반환했다, 를 반환할것, 를 반환할수, 를 반환하는, 을 반환할것, 을 반환하면, 을 반환하였, 을 반환하지, 에게 반환했다, 을 반환해야하"
과도,593,17,9,13,"이 과도하여, 를 과도하게, 에 과도하게, 을 과도하게, 이 과도하게, 가 과도하게, 는 과도하게, 으로 과도하게, 로 과도하게, 의 과도한사용, 에서 과도하게, 은 과도하게, 에게 과도하게"
수,592,13,5,10,"는 수하, 의 수하, 에 수하, 의 수해, 에 수해, 는 수해, 에서 수해, 이 수해, 이 수하, 의 수송함"
할당,589,9,13,23,"를 할당하는, 에 할당하는, 을 할당하여, 를 할당한다, 을 할당할수, 에 할당했다, 를 할당하고, 에 할당하고, 에 할당할수, 을 할당하고, 을 할당하는, 를 할당하였, 에 할당한다, 에 할당하여, 을 할당한다, 를 할당했다, 을 할당하기, 으로 할당하는, 를 할당할수, 를 할당하여, 에 할당하였, 을 할당했다, 를 할당하기"
주문,589,11,18,18,"을 주문했다, 을 주문하기, 을 주문하였, 를 주문했다, 고 주문했다, 를 주문한다, 을 주문하는, 을 주문한다, 을 주문했고, 을 주문할수, 를 주문하였, 을 주문하고, 를 주문하여, 를 주문하는, 을 주문하여, 로 주문했다, 에 주문했다, 를 주문하고"
게시,586,6,15,22,"을 게시하였, 에 게시하는, 에 게시하였, 에 게시하고, 에 게시했다, 을 게시하여, 을 게시하고, 를 게시하였, 을 게시하는, 를 게시하기, 을 게시할수, 를 게시하고, 을 게시하며, 을 게시하기, 를 게시하여, 를 게시할수, 를 게시했다, 를 게시한다, 을 게시한것, 을 게시했다, 를 게시하는, 을 게시한다"
처형,585,10,22,19,"을 처형하기, 를 처형한것, 로 처형하였, 을 처형했고, 을 처형하고, 를 처형하고, 을 처형하는, 를 처형하였, 을 처형하였, 를 처형하는, 을 처형하도록, 을 처형했다, 을 처형할것, 을 처형하려, 를 처형할것, 를 처형했다, 을 처형한다, 를 처형하기, 을 처형하여"
재현,583,8,14,21,"을 재현하여, 을 재현하기, 을 재현한다, 을 재현하였, 을 재현했다, 을 재현하는, 을 재현할수, 를 재현하는, 을 재현해놓, 를 재현하고, 을 재현하지, 를 재현할수, 를 재현했다, 를 재현하기, 을 재현하고, 를 재현한다, 을 재현한것, 를 재현한것, 를 재현하여, 으로 재현하는, 를 재현하였"
구원,583,5,18,21,"를 구원하여, 을 구원하지, 를 구원하기, 를 구원하였, 을 구원하는, 을 구원하러, 를 구원했다, 을 구원하기, 을 구원하시, 를 구원하고, 을 구원해주, 를 구원하러, 를 구원하는, 를 구원하지, 를 구원하소서, 를 구원하게, 을 구원하고, 을 구원하였, 을 구원하고자, 을 구원하게, 을 구원할수"
검사,583,7,15,17,"를 검사하는, 을 검사하는, 를 검사하고, 을 검사할수, 을 검사하고, 을 검사한다, 를 검사한결과, 을 검사하여, 를 검사하기, 를 검사한다, 을 검사한결과, 을 검사하기, 를 검사할때, 를 검사했다, 를 검사할수, 를 검사하여, 으로 검사하는"
갱신,581,6,16,18,"를 갱신한다, 을 갱신했다, 를 갱신하는, 를 갱신하고, 을 갱신하였, 를 갱신하였, 를 갱신했다, 을 갱신하기, 을 갱신했고, 을 갱신하고, 을 갱신하지, 을 갱신하는, 을 갱신하여, 을 갱신하며, 을 갱신한다, 을 갱신했으며,, 으로 갱신했다, 을 갱신하면서"
완공,581,7,11,14,"을 완공하였, 을 완공하고, 에 완공했다, 에 완공하였, 를 완공하여, 를 완공하였, 에 완공하였으며, 을 완공하여, 를 완공하고, 에 완공하여, 에 완공할예정, 를 완공했다, 을 완공했다, 을 완공한후"
발굴,580,8,17,14,"를 발굴하고, 을 발굴하여, 를 발굴하는, 을 발굴하는, 을 발굴한것, 을 발굴했다, 를 발굴하였, 를 발굴하여, 를 발굴하기, 을 발굴하였, 을 발굴하기, 을 발굴하고, 를 발굴했다, 에 발굴하여"
연계,579,8,8,12,"과 연계하여, 와 연계하여, 을 연계하는, 를 연계하는, 와 연계하는, 과 연계하고, 와 연계하고, 를 연계한다, 를 연계하여, 과 연계하는, 을 연계한다, 을 연계하여"
역설,579,4,11,13,"을 역설하고, 을 역설하였, 을 역설했다, 을 역설하며, 을 역설하는, 을 역설하여, 을 역설하였으며, 를 역설했다, 을 역설했고, 을 역설하면서, 를 역설하였, 을 역설하기, 을 역설한다"
배급,579,9,28,25,"을 배급하는, 을 배급했다, 으로 배급하였, 가 배급하고, 에서 배급하는, 가 배급한공, 가 배급한액션, 을 배급하고, 를 배급하기, 가 배급했다, 를 배급하는, 을 배급하기, 가 배급하는, 을 배급하였, 가 배급하였, 가 배급한1, 가 배급한3, 에서 배급하였, 이 배급하는, 가 배급한롤플레잉, 가 배급한이, 가 배급하였으며, 가 배급한2020, 으로 배급한액션, 가 배급한2022"
창간,578,8,14,19,"을 창간하였, 을 창간하면서, 를 창간하였, 를 창간하여, 이 창간하였, 를 창간하고, 을 창간하여, 으로 창간했다, 를 창간하기, 를 창간했다, 을 창간했다, 를 창간했고, 에 창간하였, 을 창간하고, 으로 창간하였, 에 창간하여, 를 창간한다, 를 창간하는, 를 창간하였으며"
전후,578,3,5,5,"을 전후하여, 를 전후하여, 을 전후한시기, 를 전후한시기, 을 전후해서는"
사냥,578,9,14,19,"를 사냥하였, 을 사냥하며, 을 사냥하기, 를 사냥하는, 를 사냥하기, 을 사냥할때, 를 사냥하여, 를 사냥하며, 를 사냥한다, 을 사냥한다, 을 사냥하는, 을 사냥하고, 를 사냥하고, 을 사냥했다, 를 사냥할때, 를 사냥하러, 를 사냥하거나, 을 사냥하거나, 를 사냥했을"
작사,578,7,14,20,"가 작사한노래, 이 작사하고, 을 작사했다, 가 작사했다, 가 작사하였, 를 작사했다, 가 작사하고, 가 작사하였으며, 를 작사하였, 이 작사한곡, 가 작사했고, 이 작사하였으며, 가 작사한곡, 를 작사하기, 을 작사하기, 이 작사하였, 이 작사한〈, 이 작사했다, 이 작사한노래, 가 작사했으며,"
배신,576,7,15,18,"을 배신했다, 을 배신하고, 을 배신하는, 을 배신했다고, 를 배신했다, 이 배신한사람, 를 배신하고, 를 배신하였, 을 배신하였, 을 배신하지, 이 배신하여, 를 배신하는, 를 배신한다, 을 배신했다는, 을 배신하게, 을 배신하여, 를 배신하여, 을 배신한다"
번성,572,13,18,27,"으로 번성하였, 이 번성하였, 가 번성하였, 가 번성했다, 도 번성하고, 에 번성하였, 이 번성하고, 가 번성하여, 가 번성하고, 이 번성한다, 이 번성하여, 에서 번성했던, 으로 번성했던, 이 번성했다, 에서 번성했다, 으로 번성했다, 이 번성했던, 에서 번성하였, 가 번성한다, 이 번성하기, 에 번성했다, 이 번성했고, 에 번성했던, 로 번성했다, 로 번성하였, 가 번성하는, 이 번성하게"
야구,571,3,4,5,"의 야구해설위원, 의 야구해설가, 의 야구해설자로, 에서 야구해설위원, 의 야구해설자를"
철저,570,17,8,11,"이 철저하게, 을 철저하게, 으로 철저하게, 를 철저하게, 에 철저하게, 은 철저하게, 는 철저하게, 에게 철저하게, 가 철저하게, 에서 철저하게, 도 철저하게"
빙,570,13,3,15,"는 빙하, 의 빙하, 과 빙하, 으로 빙하, 이나 빙하, 와 빙하, 가 빙하, 은 빙하, 도 빙하, 의 빙하는, 의 빙하기, 로 빙하, 이 빙하, 에 빙하, 에서 빙하"
압도,569,6,15,20,"을 압도했다, 을 압도한다, 을 압도하였, 을 압도할수, 를 압도했다, 를 압도하기, 을 압도하고, 을 압도하는, 를 압도하였, 를 압도하는, 을 압도하기, 을 압도하여, 를 압도하여, 을 압도하며, 을 압도하게, 를 압도하고, 를 압도하며, 를 압도한다, 를 압도하지만, 를 압도하게"
따뜻,569,17,26,17,"을 따뜻하게, 가 따뜻해지, 를 따뜻하게, 은 따뜻하고, 의 따뜻한지방, 이 따뜻하고, 는 따뜻하고, 은 따뜻하다, 의 따뜻한물, 의 따뜻한사랑, 이 따뜻해지, 는 따뜻하게, 은 따뜻했네, 보다 따뜻하게, 의 따뜻한마음, 의 따뜻한지역, 의 따뜻하고"
시험,569,5,13,17,"을 시험하기, 을 시험하는, 를 시험해보, 을 시험했다, 을 시험해보, 를 시험하기, 을 시험할수, 을 시험해볼, 을 시험하였, 을 시험하고, 를 시험했다, 을 시험하고자, 를 시험하고, 을 시험하여, 를 시험하는, 을 시험한다, 을 시험할때"
수호,567,2,9,9,"를 수호하는, 을 수호하며, 을 수호하는, 을 수호하기, 를 수호하기, 을 수호한다, 을 수호하고, 를 수호하고, 를 수호하며"
납치,567,8,24,18,"를 납치하는, 를 납치했다, 를 납치하기, 을 납치했다, 을 납치하는, 을 납치하여, 을 납치하였, 를 납치한것, 를 납치했고, 를 납치하고, 를 납치하여, 을 납치하고, 을 납치한다, 를 납치한다, 를 납치해가, 를 납치하려, 를 납치해간다, 를 납치하지만"
특이,565,15,16,14,"는 특이하게, 이 특이하고, 도 특이하다, 이 특이하다, 이 특이하게, 가 특이하다, 이 특이하여, 의 특이한점, 은 특이하게, 에 특이하게, 에서 특이하다, 의 특이한특징, 에서 특이하게, 이 특이하며"
유치,565,10,19,17,"을 유치하기, 을 유치하는, 을 유치하고, 을 유치하였, 을 유치하여, 를 유치하였, 를 유치하고, 을 유치할수, 를 유치하기, 를 유치하여, 를 유치하는, 를 유치했다, 을 유치하게, 를 유치하게, 에 유치하여, 을 유치했다, 를 유치할수"
소비,565,9,16,22,"가 소비하는, 을 소비하는, 를 소비한다, 를 소비하며, 을 소비하고, 을 소비하기, 를 소비하는, 를 소비하기, 를 소비했다, 에서 소비하는, 을 소비했다, 을 소비한다, 를 소비할수, 이 소비하는, 으로 소비하는, 에 소비하는, 을 소비하였, 를 소비하고, 을 소비하게, 을 소비하여, 를 소비하여, 을 소비하며"
입주,564,6,10,16,"에 입주했다, 이 입주하였, 가 입주해있, 이 입주해있, 에 입주하였, 이 입주하여, 이 입주하는, 가 입주하였, 가 입주하고, 가 입주하여, 에 입주하고, 이 입주했다, 에 입주하여, 가 입주했다, 에 입주해있, 이 입주하고"
격렬,562,17,24,23,"을 격렬하게, 에서 격렬하게, 의 격렬한반대, 가 격렬해지, 과 격렬하게, 에 격렬하게, 의 격렬한저항, 의 격렬한항의, 를 격렬하게, 은 격렬하게, 에 격렬한논쟁, 가 격렬하게, 이 격렬하게, 는 격렬하게, 의 격렬한전투, 이 격렬하고, 로 격렬하게, 와 격렬하게, 의 격렬한반발, 이 격렬해지, 으로 격렬하게, 에서 격렬한전투, 에게 격렬하게"
교류,560,8,16,21,"과 교류하며, 와 교류하기, 과 교류하면서, 과 교류하기, 와 교류하고, 도 교류하였, 과 교류하였, 과 교류할수, 도 교류했다, 과 교류하여, 과 교류하였으며, 과 교류하고, 과 교류하게, 도 교류하며, 와 교류하며, 과 교류했다, 와 교류하였, 과 교류하던, 과 교류하는, 과 교류한다, 와 교류하는"
몰락,560,10,16,25,"가 몰락하여, 은 몰락하였, 가 몰락하면서, 이 몰락하기, 는 몰락하고, 가 몰락하자, 가 몰락한후, 는 몰락하여, 이 몰락하자, 이 몰락하면서, 은 몰락하고, 이 몰락한뒤, 이 몰락하고, 이 몰락하게, 으로 몰락하였, 이 몰락하는, 는 몰락하였, 가 몰락하고, 이 몰락한후, 가 몰락하는, 은 몰락했다, 이 몰락하여, 가 몰락한이후, 이 몰락한이후, 는 몰락했다"
동행,558,12,20,29,"을 동행하였, 과 동행했다, 와 동행하여, 와 동행하게, 와 동행했다, 와 동행하였, 과 동행하여, 에 동행하였, 에 동행했다, 와 동행했던, 에 동행했던, 도 동행했다, 를 동행하였, 에 동행하는, 와 동행하고, 에 동행하기, 과 동행하게, 과 동행하는, 에 동행하며, 이 동행하였, 에 동행하여, 과 동행하였, 와 동행한다, 와 동행하는, 에 동행한다, 에 동행하지, 이 동행했다, 에 동행하게, 와 동행하기"
폭로,558,10,16,20,"를 폭로하고, 을 폭로하며, 을 폭로하겠, 를 폭로하였, 을 폭로하고, 를 폭로하기, 을 폭로하는, 을 폭로했다, 를 폭로하여, 을 폭로하였, 을 폭로하자, 을 폭로한다, 고 폭로했다, 을 폭로하기, 을 폭로하면서, 를 폭로하는, 를 폭로한다, 을 폭로하게, 을 폭로하여, 를 폭로했다"
복구,551,5,14,19,"를 복구하기, 를 복구하는, 를 복구하였, 를 복구할수, 을 복구하여, 을 복구하였, 를 복구하고, 을 복구하기, 을 복구하는, 으로 복구하였, 을 복구하고, 을 복구할수, 로 복구하는, 을 복구했다, 을 복구한다, 으로 복구할수, 으로 복구했다, 를 복구했다, 에 복구했다"
탐지,551,10,9,13,"을 탐지하기, 을 탐지할수, 을 탐지하고, 를 탐지하기, 을 탐지하는, 를 탐지하는, 을 탐지한다, 를 탐지할수, 을 탐지하여, 를 탐지하여, 에서 탐지할수, 를 탐지하고, 를 탐지한다"
바탕,551,2,4,4,"에 바탕한영화, 에 바탕하여, 에 바탕한것, 에 바탕한여섯"
경계,550,11,16,23,"을 경계하기, 을 경계하며, 를 경계하라, 을 경계하였, 을 경계하면서, 을 경계하게, 를 경계하면서, 를 경계했다, 을 경계하던, 를 경계하여, 을 경계하는, 을 경계하고, 를 경계한다, 를 경계하는, 를 경계하기, 를 경계하고, 을 경계했다, 을 경계하여, 를 경계하였, 와 경계하고, 과 경계하고, 을 경계한다, 를 경계하며"
긴밀,549,11,11,15,"는 긴밀한관계, 의 긴밀한관계, 과 긴밀한관계, 와 긴밀한협력, 으로 긴밀한관계, 와 긴밀한관계, 과 긴밀하게, 와 긴밀하게, 의 긴밀한유대, 도 긴밀한관계, 의 긴밀한협력, 에 긴밀한관계, 과 긴밀한협력, 가 긴밀하게, 의 긴밀한협조"
정벌,549,2,21,18,"을 정벌하는, 를 정벌하러, 를 정벌하였, 을 정벌하여, 를 정벌하여, 를 정벌하는, 을 정벌했다, 을 정벌하기, 을 정벌하고, 을 정벌하였, 을 정벌하러, 을 정벌할때, 를 정벌하고, 를 정벌하기, 를 정벌했다, 을 정벌하려고, 를 정벌할때, 를 정벌하려"
개량,547,7,10,19,"를 개량하는, 를 개량하였, 으로 개량하여, 을 개량한것, 을 개량하여, 를 개량하기, 를 개량하고, 를 개량한것, 을 개량하고, 를 개량하여, 을 개량하였, 을 개량하는, 으로 개량한것, 를 개량했다, 을 개량하기, 을 개량했다, 으로 개량했다, 으로 개량하였, 로 개량하는"
영위,545,4,9,13,"을 영위하고, 을 영위할수, 을 영위했다, 을 영위하는, 을 영위하였, 을 영위하던, 을 영위하며, 를 영위하는, 을 영위하기, 을 영위한다, 으로 영위하는, 를 영위하고, 으로 영위하고"
편집,542,9,19,22,"을 편집하는, 을 편집하여, 이 편집하고, 으로 편집하여, 을 편집하기, 를 편집하는, 를 편집하기, 를 편집하여, 를 편집하였, 을 편집할수, 가 편집했다, 을 편집했다, 를 편집하고, 을 편집하고, 를 편집했다, 로 편집하여, 을 편집할때, 을 편집하였, 를 편집할수, 이 편집한것, 을 편집한영화, 이 편집한《"
승,542,9,3,7,"에서 승하, 이 승하, 로 승하, 의 승하, 으로 승하, 가 승하, 에 승하"
사살,538,5,12,12,"를 사살하고, 을 사살하고, 을 사살하였, 을 사살했다고, 을 사살하는, 을 사살했다, 를 사살하였, 를 사살하는, 를 사살한다, 을 사살하거나, 를 사살했다, 을 사살한다"
원활,538,12,10,13,"을 원활하게, 이 원활하게, 이 원활하지, 의 원활한수행, 가 원활하지, 가 원활하게, 를 원활하게, 의 원활한추진, 의 원활한진행, 의 원활한소통, 의 원활한운영, 도 원활하게, 의 원활한타"
압박,537,6,15,17,"를 압박했고, 를 압박하는, 를 압박하였, 를 압박하여, 을 압박하였, 을 압박하는, 을 압박하기, 를 압박했다, 을 압박하여, 을 압박하며, 를 압박하기, 을 압박했다, 을 압박하고, 을 압박할수, 를 압박하고, 를 압박하며, 을 압박한다"
하차,537,11,17,23,"에 하차했다, 에서 하차한뒤, 에서 하차한다, 에서 하차하였, 에서 하차했다, 에서 하차한후, 에 하차하였, 에서 하차하여, 가 하차하고, 으로 하차하면서, 에서 하차하는, 이 하차하고, 으로 하차했다, 이 하차하면서, 으로 하차하게, 에서 하차하면, 에서 하차하고, 으로 하차하고, 으로 하차하였, 에서 하차했고, 에 하차하게, 에서 하차하게, 로 하차하였"
강의,535,11,16,17,"를 강의하고, 을 강의했다, 에서 강의했다, 에서 강의하였, 을 강의하였, 을 강의했고, 로 강의했다, 를 강의하였, 을 강의하는, 을 강의하던, 을 강의하기, 를 강의했다, 을 강의하였으며, 로 강의하였, 에서 강의하고, 에서 강의하기, 을 강의하고"
폐쇄,534,7,17,14,"를 폐쇄했다, 을 폐쇄하고, 을 폐쇄하였, 을 폐쇄했다, 를 폐쇄하였, 를 폐쇄하고, 을 폐쇄할것, 을 폐쇄하여, 를 폐쇄하는, 을 폐쇄하는, 을 폐쇄하면서, 을 폐쇄하기, 를 폐쇄하기, 을 폐쇄했고"
공존,532,9,13,15,"이 공존하고, 가 공존하는, 이 공존하는, 와 공존하는, 이 공존한다, 이 공존하며, 가 공존하고, 가 공존한다, 과 공존하는, 이 공존하게, 이 공존하였, 가 공존하게, 에 공존하는, 이 공존할수, 가 공존할수"
고백,532,13,20,22,"을 고백했다, 을 고백하고, 을 고백하기, 를 고백하고, 을 고백하며, 을 고백하는, 을 고백하였, 에게 고백하고, 을 고백하지, 를 고백하는, 고 고백했다, 을 고백한다, 을 고백하지만, 는 고백한다(, 는 고백한다》, 에게 고백하는, 에게 고백했다, 를 고백한다, 을 고백하게, 에게 고백하기, 에게 고백하려고, 에게 고백한다"
초월,531,2,15,12,"을 초월한것, 를 초월하는, 을 초월하는, 을 초월하여, 를 초월하여, 를 초월한마음, 을 초월한만남, 을 초월할정도, 을 초월한존재, 을 초월한다, 을 초월하고, 를 초월하고"
탄압,531,4,14,18,"을 탄압하여, 을 탄압하는, 을 탄압하고, 를 탄압하고, 으로 탄압하였, 을 탄압하였, 을 탄압하자, 을 탄압하면서, 를 탄압하는, 을 탄압하기, 를 탄압하여, 으로 탄압하는, 를 탄압하기, 을 탄압하며, 를 탄압하였, 을 탄압했다, 를 탄압했다, 을 탄압했고"
초청,531,7,10,15,"을 초청하여, 을 초청하기, 를 초청하여, 를 초청했다, 을 초청하였, 로 초청했다, 로 초청하여, 으로 초청하였, 에 초청하여, 을 초청했다, 를 초청하기, 을 초청하는, 를 초청하였, 에 초청했다, 으로 초청하여"
집행,530,8,16,18,"를 집행했다, 을 집행하기, 을 집행했다, 을 집행하는, 를 집행할수, 을 집행하고, 를 집행하였, 을 집행하며, 을 집행한다, 을 집행하였, 을 집행하지, 를 집행한다, 를 집행하고, 을 집행할때, 을 집행할수, 를 집행하는, 를 집행하기, 을 집행하게"
부진,530,11,20,25,"이 부진했다, 이 부진했던, 도 부진한모습, 에 부진했던, 가 부진하였, 으로 부진했다, 이 부진하자, 은 부진했다, 이 부진하여, 로 부진했다, 로 부진하였, 의 부진한성적, 가 부진하면서, 로 부진한모습, 으로 부진하여, 는 부진했다, 가 부진하자, 에서 부진한모습, 는 부진한성적, 으로 부진한모습, 로 부진했고, 가 부진하여, 는 부진한모습, 이 부진하면서, 으로 부진했고"
보조,530,7,12,17,"을 보조하고, 을 보조하거나, 을 보조하는, 를 보조하는, 을 보조하여, 를 보조하기, 를 보조하고, 를 보조해주, 을 보조해주, 을 보조하였, 를 보조하였, 을 보조한다, 을 보조하기, 을 보조했다, 을 보조하며, 를 보조하며, 를 보조하여"
지대,529,9,10,9,"에 지대한공헌, 에 지대한영향, 에 지대한관심, 도 지대한영향, 에게 지대한영향, 에 지대한역할, 에 지대한기여, 이 지대하다, 에 지대한공"
주행,529,8,10,21,"를 주행할수, 로 주행하는, 으로 주행한다, 로 주행할수, 을 주행하는, 으로 주행하는, 를 주행하는, 로 주행한다, 을 주행한다, 를 주행하고, 으로 주행할수, 를 주행한다, 을 주행하기, 을 주행할수, 으로 주행하며, 가 주행하는, 에서 주행하는, 으로 주행하고, 에서 주행하며, 으로 주행하여, 에서 주행한다"
수리,528,7,17,18,"을 수리하거나, 을 수리하는, 을 수리하기, 를 수리하기, 를 수리하여, 를 수리하고, 을 수리하고, 을 수리했다, 를 수리하였, 를 수리했다, 을 수리하였, 를 수리할수, 을 수리하던, 를 수리하는, 을 수리하여, 를 수리하지, 을 수리하지, 에 수리하였"
추격,524,10,23,21,"을 추격하여, 을 추격하지, 를 추격했다, 을 추격하는, 을 추격했다, 을 추격하였, 까지 추격하여, 을 추격하기, 를 추격하였, 를 추격하여, 를 추격하는, 을 추격한다, 를 추격했고, 을 추격하던, 를 추격하던, 를 추격하고, 로 추격하였, 을 추격하고, 을 추격했고, 까지 추격했다, 를 추격하기"
유효,522,17,19,27,"까지 유효하다, 까지 유효했다, 만 유효하다, 을 유효하게, 이 유효하게, 도 유효하다, 가 유효하지, 에 유효하다, 이 유효한것, 이 유효하다, 이 유효하기, 는 유효하다, 으로 유효하게, 는 유효하지, 이 유효하지, 은 유효하다, 가 유효한것, 도 유효하며, 가 유효하게, 를 유효하게, 이 유효하다고, 은 유효하지, 까지 유효한계약, 에서 유효하다, 는 유효하다고, 까지 유효한연장, 까지 유효한5"
기용,522,6,18,23,"를 기용하여, 로 기용한것, 으로 기용하여, 을 기용했다, 를 기용하는, 를 기용했다, 을 기용하여, 을 기용하였, 으로 기용했다, 로 기용하는, 를 기용하였, 을 기용하는, 로 기용했다, 를 기용하고, 로 기용하기, 으로 기용하였, 로 기용하였, 를 기용하지, 로 기용하여, 를 기용한것, 로 기용했고, 을 기용하고, 으로 기용하는"
맹세,522,8,19,17,"을 맹세하고, 을 맹세하였, 을 맹세했다, 을 맹세한다, 을 맹세하며, 을 맹세하면서, 을 맹세했고, 을 맹세하는, 로 맹세하였, 을 맹세할것, 을 맹세하여, 을 맹세하기, 로 맹세했다, 을 맹세하게, 를 맹세하고, 를 맹세한다, 을 맹세하지"
분노,521,12,11,20,"에 분노하였, 에 분노했고, 에 분노하여, 에 분노했다, 은 분노하여, 는 분노하여, 이 분노하여, 에 분노한다, 은 분노했다, 을 분노하게, 은 분노하였, 에 분노하고, 은 분노하며, 를 분노하게, 는 분노하며, 에 분노하며, 가 분노하여, 에 분노하는, 은 분노했고, 는 분노했고"
상장,521,3,7,7,"에 상장하였, 을 상장했다, 에 상장했다, 을 상장하였, 에 상장하면서, 에 상장하였으며, 에 상장했으며,"
변모,518,2,14,19,"으로 변모해갔, 으로 변모하였, 으로 변모하는, 으로 변모했다, 으로 변모하기, 로 변모하게, 로 변모하여, 로 변모했다, 로 변모해갔, 로 변모하였, 로 변모하기, 로 변모하고, 으로 변모하여, 로 변모한다, 로 변모하였으며, 으로 변모하게, 로 변모하는, 으로 변모하고, 으로 변모한다"
짝사랑,518,6,11,15,"을 짝사랑하는, 를 짝사랑하지만, 를 짝사랑하는, 을 짝사랑하고, 를 짝사랑하고, 를 짝사랑한다, 가 짝사랑하는, 를 짝사랑하게, 이 짝사랑하는, 를 짝사랑함, 를 짝사랑하며, 을 짝사랑하게, 을 짝사랑하지만, 를 짝사랑하여, 을 짝사랑한다"
빈번,516,13,10,21,"이 빈번해졌다, 에 빈번하게, 이 빈번하게, 에서 빈번하게, 가 빈번하게, 이 빈번하였, 가 빈번하여, 도 빈번하다, 이 빈번하여, 을 빈번하게, 이 빈번해지, 가 빈번하다, 는 빈번하게, 도 빈번했다, 이 빈번하다, 이 빈번했다, 도 빈번하게, 은 빈번하게, 가 빈번하였, 를 빈번하게, 가 빈번했다"
부당,516,14,13,20,"가 부당하다는, 이 부당하게, 을 부당하게, 은 부당하다, 의 부당함을, 은 부당하다며, 가 부당하게, 은 부당하다고, 이 부당하다는, 이 부당하다고, 은 부당하게, 으로 부당하게, 이 부당하다며, 를 부당하게, 가 부당하다고, 의 부당한처사, 은 부당하다는, 에 부당하게, 에게 부당하게, 는 부당하다"
수락,515,8,18,17,"을 수락하는, 을 수락하였, 을 수락하지, 를 수락했다, 를 수락하면서, 을 수락하고, 를 수락하여, 을 수락했다, 를 수락하였, 을 수락하여, 을 수락했고, 을 수락한다, 를 수락하고, 을 수락하기, 를 수락한다, 를 수락했고, 을 수락하면서"
착륙,512,6,17,18,"에 착륙하였, 에 착륙하여, 에 착륙하는, 에 착륙하기, 에 착륙했다, 에 착륙했고, 에 착륙하면서, 에 착륙하게, 에 착륙하고, 에 착륙하지, 에 착륙한다, 에 착륙하던, 에 착륙할예정, 에 착륙할수, 으로 착륙했다, 에 착륙할때, 가 착륙할때, 에 착륙한것"
행복,512,18,21,21,"을 행복하게, 이 행복하게, 은 행복하지, 의 행복한삶, 과 행복하게, 은 행복하게, 가 행복하게, 의 행복한시간, 에서 행복하게, 는 행복하게, 를 행복하게, 마다 행복해》, 는 행복하다, 와 행복하게, 는 행복하지, 의 행복한이야기, 는 행복하고, 으로 행복한12, 의 행복한동행, 의 행복한아침, 의 행복한결혼"
프,511,14,2,14,"의 프리깃함, 가 프라하, 은 프라하, 에서 프라하, 는 프라하, 의 프라하, 를 프라하, 로 프라하, 까지 프라하, 이 프라하, 에 프라하, 과 프라하, 으로 프라하, 와 프라하"
위험,509,17,36,27,"에게 위험할수, 은 위험하다고, 은 위험하다, 가 위험해지, 에 위험하다고, 를 위험하게, 은 위험하다는, 는 위험하다, 에 위험하다, 이 위험할정도, 가 위험하다, 의 위험한동거, 을 위험하게, 이 위험한상황, 이 위험하다, 이 위험하다는, 으로 위험한소행성, 은 위험할수, 의 위험한아내, 이 위험해지, 의 위험한대결, 이 위험할때, 이 위험하다고, 이 위험할수, 은 위험해》, 의 위험한사랑, 의 위험한녀석"
조달,509,6,11,15,"를 조달하였, 을 조달하기, 를 조달하는, 을 조달하여, 을 조달하는, 을 조달하였, 를 조달하기, 을 조달하고, 를 조달했다, 을 조달한다, 을 조달할수, 을 조달했다, 를 조달하고, 를 조달할수, 를 조달하여"
규탄,507,4,11,12,"를 규탄하고, 을 규탄했다, 를 규탄하는, 을 규탄하는, 을 규탄하고, 을 규탄하기, 을 규탄하면서, 을 규탄하였, 를 규탄했다, 를 규탄하며, 를 규탄하였, 을 규탄하며"
검색,507,8,11,21,"를 검색하면, 을 검색할수, 을 검색하는, 를 검색하는, 을 검색하여, 을 검색하고, 을 검색한다, 를 검색한다, 를 검색하기, 을 검색하기, 를 검색하고, 을 검색하면, 를 검색하여, 를 검색하거나, 를 검색할수, 에서 검색할수, 로 검색할수, 를 검색할때, 으로 검색할수, 을 검색하다, 을 검색할때"
잔류,505,9,13,12,"에 잔류했다, 에 잔류하고, 에 잔류한다, 에 잔류하기, 에 잔류하여, 에 잔류하게, 에 잔류하는, 에 잔류하였, 에 잔류할수, 에 잔류할것, 에 잔류하겠, 에 잔류하며"
감당,504,9,8,15,"을 감당하지, 을 감당하고, 을 감당할수, 는 감당하기, 는 감당할수, 이 감당하기, 를 감당하기, 가 감당할수, 를 감당할수, 을 감당하기, 를 감당하지, 을 감당하였, 이 감당할수, 을 감당하는, 가 감당하기"
수렴,503,12,18,16,"로 수렴한다, 가 수렴하는, 으로 수렴한다, 로 수렴하는, 을 수렴하는, 에 수렴한다, 로 수렴하게, 을 수렴하고, 을 수렴하여, 으로 수렴하는, 으로 수렴하지, 에 수렴하는, 은 수렴한다, 이 수렴하는, 에서 수렴하는, 는 수렴한다"
영,501,12,2,11,"이 영하, 의 영해, 는 영하, 에 영하, 가 영하, 은 영하, 으로 영해, 는 영해, 에서 영하, 은 영해, 와 영해"
창단,501,8,16,18,"에 창단하였, 를 창단했다, 을 창단했다, 를 창단하여, 을 창단하여, 에 창단하여, 에 창단했다, 을 창단하였, 를 창단하였, 으로 창단하여, 을 창단하기, 으로 창단하였, 에 창단하였으며, 로 창단하였, 으로 창단하였으며, 에 창단한대한민국, 으로 창단했다, 에 창단한브라질"
결별,500,10,16,18,"과 결별하였, 와 결별했고, 과 결별하고, 와 결별하게, 와 결별하였, 과 결별했다, 와 결별했다, 와 결별하고, 와 결별한후, 과 결별한후, 과 결별하게, 와 결별한다, 과 결별하여, 으로 결별하였, 와 결별한뒤, 에 결별했다, 에 결별하였, 과 결별한뒤"
육성,500,5,11,18,"을 육성하여, 로 육성하기, 을 육성하는, 를 육성하는, 을 육성하며, 를 육성하기, 을 육성하기, 을 육성하고, 를 육성하고, 으로 육성하고, 를 육성하였, 로 육성하였, 을 육성하였, 를 육성하여, 으로 육성하기, 를 육성한다, 으로 육성하는, 을 육성했다"
소환,499,8,15,19,"를 소환하여, 으로 소환하여, 를 소환하였, 를 소환했다, 을 소환하여, 을 소환해조사, 로 소환하여, 를 소환하고, 을 소환하고, 을 소환할수, 로 소환했다, 을 소환하였, 를 소환한다, 를 소환할수, 을 소환하는, 를 소환하는, 을 소환했다, 을 소환한다, 를 소환하기"
구동,498,6,7,15,"로 구동할수, 를 구동하기, 을 구동하는, 를 구동하는, 로 구동하는, 를 구동한다, 를 구동할수, 를 구동하고, 에서 구동하는, 을 구동할수, 를 구동하여, 을 구동하기, 을 구동한다, 에서 구동할수, 으로 구동하는"
주재,496,6,13,20,"에 주재하는, 을 주재했다, 이 주재하는, 를 주재하였, 를 주재했다, 에 주재하고, 를 주재하고, 을 주재하고, 이 주재하고, 를 주재하는, 를 주재하면서, 을 주재하는, 를 주재하며, 에 주재하던, 를 주재한다, 를 주재하여, 을 주재하였, 가 주재하는, 에 주재하였, 의 주재하에"
병사,496,8,9,15,"에서 병사했다, 가 병사하자, 에서 병사한다, 이 병사하고, 이 병사하였, 이 병사하자, 에서 병사하였, 로 병사하였, 가 병사하고, 에 병사했다, 가 병사하였, 에 병사하였, 로 병사했다, 이 병사하여, 가 병사하면서"
존속,495,15,21,15,"까지 존속했다, 로 존속하였, 까지 존속하였, 가 존속하는, 에 존속했던, 까지 존속하고, 까지 존속했던, 이 존속하고, 으로 존속하였, 으로 존속하고, 이 존속하는, 로 존속했다, 도 존속하고, 로 존속하고, 까지 존속한대한민국"
동경,494,6,12,16,"를 동경하는, 을 동경하는, 을 동경하며, 을 동경하고, 를 동경하게, 을 동경하여, 를 동경하여, 가 동경하는, 을 동경한다, 를 동경하고, 를 동경했다, 이 동경하는, 를 동경해,, 이 동경하던, 를 동경하며, 를 동경한다"
투항,493,9,16,15,"에 투항하였, 에게 투항하였, 에 투항하여, 에게 투항했다, 에 투항하는, 에게 투항하고, 에 투항한다, 에 투항했다, 에 투항하면서, 에 투항하고, 에게 투항한다, 에게 투항하여, 에 투항하기, 에 투항하자, 로 투항했다"
소지,491,9,12,16,"을 소지하고, 을 소지하는, 를 소지하고, 을 소지하였, 을 소지한사람, 가 소지하고, 이 소지하고, 를 소지하지, 을 소지하지, 를 소지할수, 를 소지하는, 을 소지한자, 를 소지한혐의, 을 소지한혐의, 을 소지한채, 을 소지한본인"
도출,490,4,15,20,"를 도출해내, 을 도출하는, 를 도출하기, 을 도출했다, 을 도출할수, 를 도출하는, 을 도출해내, 을 도출하지, 를 도출했다, 를 도출하였, 을 도출한다, 를 도출할수, 을 도출하고, 을 도출하였, 을 도출하기, 을 도출하여, 를 도출한다, 을 도출해냈다, 를 도출하지, 를 도출하여"
탐험,489,5,14,20,"을 탐험하였, 를 탐험하고, 을 탐험하고, 을 탐험하면서, 을 탐험하기, 를 탐험하였, 를 탐험하는, 을 탐험하며, 을 탐험하는, 를 탐험하기, 을 탐험하던, 을 탐험하게, 을 탐험하여, 을 탐험했다, 을 탐험하다, 을 탐험할수, 을 탐험한다, 를 탐험한다, 를 탐험하며, 를 탐험할수"
절친,488,9,6,10,"의 절친한친구, 은 절친한친구, 와 절친한친구, 는 절친한사이, 와 절친한관계, 과 절친한사이, 와 절친한사이, 과 절친한친구, 부터 절친한친구, 는 절친한친구"
권유,487,5,12,17,"를 권유하기, 을 권유하여, 를 권유하는, 을 권유했다, 을 권유하는, 를 권유하였, 을 권유하고, 을 권유하였으나, 을 권유하기, 을 권유하였, 를 권유했다, 을 권유했고, 을 권유한다, 을 권유하자, 을 권유했지만, 를 권유하여, 를 권유한다"
관람,482,12,12,20,"을 관람하였, 을 관람하기, 를 관람하고, 를 관람하였, 를 관람할수, 을 관람하고, 로 관람할수, 를 관람하던, 을 관람했다, 를 관람했다, 을 관람하는, 을 관람할수, 를 관람하는, 을 관람하던, 를 관람하기, 이 관람하였, 이 관람할수, 은 관람할수, 으로 관람할수, 만 관람할수"
창건,481,7,14,21,"를 창건하고, 가 창건했다고, 를 창건했다, 가 창건한것, 을 창건하고, 를 창건하였, 가 창건한절, 이 창건하였, 를 창건하기, 을 창건하였, 에 창건하였, 가 창건했다는, 가 창건하였, 를 창건하여, 을 창건하여, 가 창건한사찰, 이 창건한것, 으로 창건하였, 이 창건하여, 가 창건하고, 이 창건한사찰"
혼합,480,9,12,13,"를 혼합하여, 을 혼합하여, 을 혼합하면, 와 혼합하여, 과 혼합하여, 을 혼합하고, 을 혼합한것, 를 혼합하는, 로 혼합하여, 를 혼합한다, 를 혼합한것, 을 혼합하는, 을 혼합했다"
바람직,479,13,11,12,"은 바람직하지, 이 바람직하다, 는 바람직하지, 이 바람직하지, 이 바람직하다고, 으로 바람직하지, 이 바람직할것, 에서 바람직하지, 이 바람직하다는, 에 바람직하지, 가 바람직하다, 이 바람직하며"
점거,479,5,14,14,"를 점거하고, 를 점거했다, 을 점거하였, 을 점거하고, 를 점거하여, 을 점거하여, 를 점거하였, 을 점거했다, 을 점거하기, 를 점거하는, 을 점거했고, 이 점거하고, 을 점거하는, 를 점거하라"
내포,477,5,6,9,"을 내포하고, 를 내포하고, 를 내포하기, 를 내포한다, 을 내포한다, 을 내포하는, 을 내포하며, 도 내포하고, 를 내포하는"
기증,474,9,13,17,"에 기증했다, 에 기증하고, 에 기증하여, 를 기증하였, 에게 기증했다, 에 기증하였, 을 기증하여, 에 기증한것, 에게 기증하였, 을 기증하였, 를 기증했다, 를 기증하여, 에 기증하는, 을 기증하고, 에 기증했고, 을 기증했다, 를 기증하는"
리메이크,473,9,16,22,"를 리메이크하였, 을 리메이크한작품, 를 리메이크한것, 을 리메이크한것, 이 리메이크하여, 를 리메이크한곡, 을 리메이크한《, 을 리메이크하였, 을 리메이크한곡, 을 리메이크했다, 로 리메이크하였, 가 리메이크했다, 를 리메이크한작품, 을 리메이크하여, 를 리메이크한영화, 로 리메이크하여, 을 리메이크한〈, 를 리메이크하여, 으로 리메이크하여, 를 리메이크했다, 이 리메이크하였, 이 리메이크하기"
막대,472,16,35,22,"에게 막대한피해, 으로 막대한피해, 에 막대한영향, 에 막대한피해, 에 막대한양, 에게 막대한영향, 은 막대한양, 에 막대한투자, 에 막대한지장, 에 막대한비용, 이 막대한피해, 에 막대한영향력, 도 막대한영향, 으로 막대한부, 의 막대한재산, 에 막대한손실, 에 막대한자금, 는 막대한비용, 는 막대한양, 은 막대한피해, 는 막대한피해, 의 막대한부"
평행,472,12,14,15,"은 평행하게, 에 평행한방향, 과 평행하게, 에 평행하게, 와 평행하게, 이 평행하게, 과 평행하는, 에 평행한직선, 과 평행하고, 을 평행하게, 에 평행하는, 과 평행하다, 으로 평행하게, 과 평행한방향, 를 평행하게"
교육,472,7,10,15,"을 교육하는, 을 교육하기, 을 교육한다, 을 교육하고, 를 교육한다, 을 교육하였, 를 교육하였, 를 교육하는, 를 교육하고, 을 교육하여, 를 교육하기, 으로 교육하고, 을 교육했다, 을 교육할수, 으로 교육하는"
차용,472,7,13,17,"를 차용하여, 을 차용하여, 을 차용한것, 를 차용했다, 에서 차용한것, 를 차용한것, 를 차용하였, 에서 차용하였, 를 차용하고, 에서 차용했다, 을 차용하였, 에서 차용한단어, 을 차용하고, 을 차용하는, 을 차용했다, 를 차용하는, 를 차용한십국"
포착,472,9,13,19,"을 포착하기, 을 포착했다고, 을 포착했다, 를 포착하는, 를 포착하여, 을 포착하고, 을 포착하였, 를 포착할수, 을 포착하는, 를 포착하고, 을 포착하여, 을 포착한다, 를 포착하기, 을 포착할수, 를 포착했다, 를 포착하였, 을 포착하지, 를 포착하지, 를 포착한다"
학살,471,4,13,15,"을 학살하는, 을 학살하였, 을 학살하기, 을 학살하여, 을 학살했다는, 을 학살했다, 을 학살한것, 을 학살했고, 을 학살하고, 를 학살했다, 를 학살하는, 을 학살한사건, 를 학살하였, 을 학살했다고, 을 학살하였으며"
겸직,471,6,14,17,"을 겸직하여, 을 겸직하게, 도 겸직하였, 을 겸직하며, 이 겸직하고, 를 겸직했다, 을 겸직했다, 을 겸직한다, 을 겸직하고, 을 겸직하기, 을 겸직하였으며, 을 겸직하였, 을 겸직하는, 를 겸직하였, 을 겸직하다가, 를 겸직하고, 이 겸직한다"
승계,470,6,12,17,"를 승계하게, 을 승계하였, 를 승계했다, 을 승계하게, 를 승계한다, 이 승계하였, 을 승계하고, 을 승계했다, 가 승계했다, 가 승계하였, 을 승계하여, 를 승계하였, 을 승계하는, 을 승계한다, 을 승계하지, 를 승계하여, 를 승계하는"
육박,470,4,14,12,"에 육박하는, 에 육박하고, 에 육박했다, 에 육박한다, 에 육박할정도, 에 육박하였, 에 육박하며, 에 육박하자, 에 육박했던, 에 육박하여, 에 육박하기, 에 육박했고"
대패,469,9,16,23,"에 대패하고, 은 대패하여, 은 대패하였, 에서 대패했다, 에게 대패하고, 에게 대패하였, 에게 대패하여, 은 대패하고, 으로 대패하였, 에서 대패하여, 에게 대패했다, 에서 대패하였, 이 대패하자, 에 대패하였, 로 대패했다, 에서 대패하고, 로 대패하며, 에 대패했다, 로 대패하였, 에 대패하여, 로 대패하면서, 로 대패했고, 에서 대패하자"
커버,469,8,18,21,"을 커버하는, 을 커버하고, 을 커버하기, 을 커버했다, 을 커버하였, 을 커버한곡, 를 커버하는, 을 커버하여, 을 커버할수, 를 커버하고, 를 커버한곡, 를 커버하여, 를 커버하며, 를 커버했다, 를 커버하였, 이 커버했다, 를 커버한다, 로 커버했다, 를 커버하기, 을 커버한다, 가 커버하여"
규제,468,4,10,13,"을 규제하고, 을 규제하는, 를 규제하는, 을 규제하기, 으로 규제하고, 을 규제했다, 를 규제한다, 을 규제할수, 을 규제한다, 를 규제하기, 를 규제하고, 으로 규제하는, 를 규제할수"
교전,468,8,19,19,"과 교전하여, 과 교전하다, 와 교전하여, 와 교전했다, 과 교전하고, 에서 교전하였, 와 교전하였, 과 교전하였, 에서 교전했다, 과 교전하면서, 과 교전했다, 과 교전하는, 과 교전하기, 과 교전하였으나, 와 교전하고, 과 교전하지, 과 교전할수, 과 교전한다, 과 교전하던"
와,467,15,1,9,"이 와해, 에 와해, 가 와해, 를 와해, 은 와해, 을 와해, 으로 와해, 의 와해, 는 와해"
미,467,15,17,12,"를 미워하, 는 미해군, 가 미하, 의 미하는, 을 미워하, 을 미워했, 의 미한다, 를 미워했, 는 미해군의, 은 미해군의, 를 미워한, 의 미하"
짐작,466,6,7,11,"을 짐작하게, 을 짐작할수, 를 짐작하게, 에서 짐작할수, 를 짐작할수, 을 짐작해볼, 을 짐작하고, 으로 짐작한다, 도 짐작할수, 으로 짐작할수, 으로 짐작하고"
요약,465,6,11,17,"를 요약하는, 을 요약하면, 로 요약할수, 를 요약했다, 으로 요약할수, 를 요약하면, 를 요약한것, 을 요약했다, 을 요약하여, 을 요약하고, 을 요약한것, 을 요약한다, 을 요약하는, 로 요약하였, 를 요약한다, 을 요약하자면, 를 요약하고"
노력,465,12,15,13,"에 노력했다, 으로 노력했다, 에 노력하고, 에 노력하였, 으로 노력한다, 에 노력하는, 에 노력하였으나, 도 노력하였, 에 노력하여, 에 노력하였으며, 으로 노력하는, 도 노력하고, 으로 노력하고"
소속,465,4,12,14,"에 소속하는, 에 소속해,, 에 소속하였, 가 소속하는, 에 소속한다, 에 소속했다, 에 소속해있, 에 소속했던, 에 소속하고, 에 소속하며, 에 소속하여, 가 소속해있, 에 소속하게, 이 소속하는"
축출,463,5,12,15,"을 축출하고, 를 축출했다, 을 축출했다, 를 축출하고, 에서 축출하고, 을 축출하려는, 를 축출하였, 을 축출하였, 에서 축출하는, 을 축출하기, 를 축출하기, 을 축출하는, 를 축출하는, 에서 축출했다, 을 축출하려"
점유,462,7,15,16,"를 점유하고, 으로 점유하고, 가 점유하는, 을 점유했다, 이 점유하고, 을 점유하였, 을 점유하고, 을 점유하는, 가 점유하고, 를 점유하는, 을 점유하지, 을 점유하게, 을 점유하여, 를 점유했다, 를 점유할수, 만 점유하며"
출입,462,12,15,20,"을 출입하는, 에 출입하며, 이 출입할수, 도 출입하며, 는 출입할수, 이 출입하는, 에 출입하였, 에 출입하지, 에 출입하던, 에 출입하면서, 에 출입하게, 에 출입하는, 에 출입하고, 에 출입하여, 으로 출입하는, 으로 출입하고자, 만 출입할수, 도 출입하여, 에 출입할수, 은 출입할수"
출산,461,7,17,13,"을 출산했다, 을 출산하였, 를 출산하였, 를 출산하는, 를 출산한다, 를 출산하고, 를 출산했다, 을 출산한다, 를 출산하게, 를 출산하여, 를 출산한것, 을 출산하고, 를 출산한후"
훌륭,461,18,23,14,"도 훌륭하게, 을 훌륭하게, 가 훌륭하고, 이 훌륭하게, 를 훌륭하게, 는 훌륭하다, 에서 훌륭한활약, 이 훌륭하고, 가 훌륭하게, 의 훌륭함을, 이 훌륭하다, 의 훌륭한활약, 는 훌륭한유학자, 에서 훌륭하게"
주창,459,6,13,18,"을 주창하기, 를 주창하며, 을 주창하여, 를 주창하는, 을 주창하였, 을 주창하고, 를 주창하면서, 을 주창하는, 을 주창했던, 을 주창하면서, 를 주창하였, 을 주창하며, 를 주창했다, 을 주창하였으며, 을 주창했다, 를 주창하여, 를 주창하고, 를 주창하던"
투표,459,12,15,22,"에 투표하는, 에 투표할수, 이 투표하여, 에게 투표하는, 가 투표하는, 에게 투표할수, 로 투표하였, 이 투표하는, 에서 투표하는, 에게 투표하였, 에 투표했다, 이 투표할수, 에 투표하였, 에서 투표할수, 만 투표할수, 으로 투표하였, 로 투표했다, 에 투표한것, 으로 투표하는, 에 투표하기, 이 투표했다, 에서 투표한다"
낙,458,10,1,9,"로 낙하, 이 낙하, 의 낙하, 는 낙하, 에서 낙하, 가 낙하, 으로 낙하, 은 낙하, 에 낙하"
총칭,457,2,4,6,"를 총칭하는, 을 총칭하여, 을 총칭하는, 을 총칭한다, 를 총칭한다, 를 총칭하여"
직,457,12,8,10,"의 직함, 의 직할, 의 직할령, 가 직할, 의 직할영지, 이 직할, 의 직할식민지, 를 직할, 의 직할부대, 의 직하"
전담,457,6,12,14,"을 전담하는, 을 전담하였, 를 전담하는, 을 전담하고, 를 전담하기, 를 전담하게, 을 전담하게, 를 전담한다, 을 전담한다, 을 전담하기, 을 전담했다, 를 전담하고, 를 전담하였, 을 전담하여"
카,456,13,7,9,"과 카리브해, 와 카리브해, 은 카리브해, 는 카리브해, 에 카리브해, 의 카리브해, 이 카리브해, 나 카하라구, 와 카즈하"
단순,456,20,21,18,"는 단순하고, 를 단순하게, 을 단순하게, 는 단순하지만, 가 단순하고, 는 단순하게, 은 단순하지만, 으로 단순하고, 의 단순함을, 이 단순하고, 의 단순한형태, 으로 단순하게, 은 단순하고, 은 단순하게, 이 단순하게, 이 단순하며, 의 단순하고, 은 단순하다"
익숙,454,10,13,16,"에 익숙하지, 에 익숙해지, 가 익숙하지, 이 익숙하지, 도 익숙해지, 에 익숙하여, 에 익숙하고, 에 익숙했다, 에 익숙해졌다, 에 익숙한사람, 에게 익숙하지, 는 익숙하지, 에 익숙해있, 에 익숙해져있, 에 익숙했던, 에 익숙하다"
탈취,453,8,13,17,"을 탈취하여, 를 탈취하고, 를 탈취하여, 을 탈취한다, 을 탈취했다, 를 탈취하였, 을 탈취하기, 을 탈취하였, 을 탈취하려는, 를 탈취하는, 를 탈취하려는, 를 탈취하기, 을 탈취하는, 를 탈취하려, 를 탈취했다, 을 탈취하고, 를 탈취할수"
수교,452,8,12,17,"과 수교하였, 과 수교한이후, 과 수교하면서, 과 수교했다, 과 수교하지, 에 수교하였, 과 수교하는, 으로 수교하였, 와 수교하였, 과 수교하여, 도 수교하였, 과 수교하였으며, 과 수교하고, 에 수교했다, 과 수교하였으나, 에 수교하였으며, 와 수교했다"
기도,452,12,27,23,"을 기도하였으나, 을 기도하여, 을 기도하기, 을 기도하였, 을 기도했다, 를 기도하였, 을 기도했다는, 을 기도한것, 를 기도한다, 을 기도하는, 을 기도하게, 을 기도한다, 을 기도하고, 이 기도했다, 에게 기도하는, 에서 기도하는, 에서 기도하던, 을 기도하다가, 를 기도했다, 을 기도하다, 을 기도했으나실패, 으로 기도하나이, 을 기도했고"
추서,452,4,4,4,"을 추서하였, 을 추서했다, 를 추서했다, 을 추서하였으며"
파기,450,3,10,9,"을 파기한다, 을 파기하고, 를 파기하고, 을 파기하였, 을 파기하는, 을 파기하여, 을 파기하면서, 을 파기했다, 을 파기할수"
강행,450,2,15,17,"을 강행한다, 을 강행했고, 을 강행했다, 을 강행하고, 를 강행하여, 를 강행하였, 을 강행하여, 을 강행하자, 을 강행하였, 를 강행했다, 을 강행하기, 를 강행한다, 을 강행하겠, 을 강행하는, 를 강행했고, 를 강행한것, 를 강행하는"
횡단,449,6,9,14,"를 횡단하고, 을 횡단하는, 을 횡단하고, 로 횡단하는, 를 횡단하여, 을 횡단하여, 를 횡단하는, 으로 횡단할수, 가 횡단하고, 를 횡단한다, 으로 횡단하는, 를 횡단할수, 을 횡단한다, 로 횡단하고"
입수,446,12,17,17,"를 입수하고, 을 입수했다, 를 입수했다, 을 입수하여, 를 입수하여, 를 입수하는, 를 입수하기, 을 입수하였, 를 입수하였, 를 입수한다, 을 입수하는, 을 입수하고, 을 입수할수, 를 입수하게, 으로 입수할수, 를 입수할수, 에서 입수할수"
재생,446,10,11,15,"을 재생할수, 도 재생할수, 를 재생한다, 을 재생하는, 를 재생하기, 를 재생할수, 를 재생하여, 를 재생하는, 으로 재생할수, 을 재생하고, 을 재생한다, 에서 재생할수, 을 재생하기, 로 재생하는, 를 재생하고"
막론,445,2,1,2,"을 막론하고, 를 막론하고"
건조,445,16,32,20,"의 건조한기후, 의 건조한지역, 는 건조하고, 을 건조하는, 을 건조하였, 은 건조하고, 을 건조하여, 가 건조하고, 를 건조하는, 을 건조하게, 을 건조하고, 이 건조해지, 의 건조한공기, 를 건조했다, 을 건조했다, 는 건조한기후, 을 건조할계획, 을 건조하기, 의 건조한관목, 의 건조한저지대"
절단,445,5,12,13,"를 절단하는, 을 절단하고, 을 절단하여, 을 절단하는, 를 절단하며, 를 절단하여, 을 절단하며, 을 절단한다, 를 절단했다, 를 절단하고, 를 절단한다, 으로 절단하고, 으로 절단하여"
운,445,13,3,13,"으로 운하, 는 운하, 의 운해, 의 운하, 에 운하, 과 운하, 이 운하, 와 운하, 은 운하, 가 운하, 에서 운하, 루 운하, 로 운하"
불리,444,15,25,18,"에게 불리한것, 에 불리하게, 이 불리해지, 에게 불리하게, 에게 불리한증거, 가 불리하게, 가 불리해지, 에게 불리한내용, 의 불리함을, 에 불리하다, 에서 불리하게, 는 불리하다, 가 불리하다고, 을 불리하게, 이 불리하게, 에게 불리한진술, 에게 불리한증언, 를 불리하게"
채취,444,6,11,17,"을 채취할수, 를 채취하기, 를 채취하여, 에서 채취한다, 을 채취하기, 을 채취하여, 을 채취하고, 를 채취하고, 을 채취하는, 를 채취하는, 에서 채취한시료, 을 채취하였, 를 채취한다, 를 채취할수, 에서 채취하는, 을 채취한다, 을 채취했다"
집착,443,8,9,13,"에 집착하지, 에 집착하기, 에 집착하는, 도 집착하지, 에 집착하여, 에 집착하게, 에게 집착하는, 만 집착하는, 에 집착하며, 에 집착한다, 에 집착하고, 에 집착했다, 으로 집착하는"
대치,443,10,16,22,"과 대치하며, 이 대치하고, 과 대치하고, 과 대치하던, 과 대치했다, 과 대치한다, 와 대치하고, 과 대치하게, 와 대치하였, 과 대치하였, 을 대치하는, 와 대치한다, 과 대치하는, 와 대치했다, 와 대치하게, 을 대치하여, 이 대치하는, 과 대치하여, 와 대치하는, 를 대치하여, 와 대치하여, 로 대치하는"
성취,442,7,14,17,"을 성취하고, 을 성취하기, 을 성취하게, 를 성취하기, 을 성취하여, 을 성취하지, 를 성취할수, 을 성취하는, 을 성취할수, 를 성취하는, 을 성취했다, 을 성취한다, 을 성취한후, 을 성취하였, 를 성취하고, 를 성취하게, 를 성취한다"
주로,441,9,12,10,"을 주로하고, 을 주로하였, 을 주로하는, 를 주로하는, 을 주로하여, 을 주로한다, 을 주로하며, 을 주로했다, 를 주로하고, 을 주로하였으며"
선종,441,7,13,16,"로 선종하였, 에서 선종했다, 에 선종하였, 가 선종하였, 가 선종한후, 가 선종하자, 가 선종하고, 이 선종하자, 으로 선종하였, 에 선종하였으며, 가 선종한지, 에서 선종하였, 가 선종하기, 가 선종하면서, 에 선종했다, 에 선종한이후"
불참,440,11,17,19,"에 불참하였, 에 불참했다, 로 불참했다, 에 불참하는, 에 불참하여, 은 불참하였, 는 불참했다, 는 불참하였, 에 불참하기, 으로 불참하였, 이 불참한가운데, 에 불참하게, 은 불참했다, 에 불참하면서, 에 불참하고, 로 불참하였, 에 불참했던, 에 불참했고, 에 불참함에"
환영,439,9,12,14,"을 환영하는, 을 환영했다, 을 환영하기, 를 환영하는, 를 환영하고, 을 환영하고, 을 환영한다, 를 환영하였, 를 환영했다, 으로 환영했다, 을 환영하였, 을 환영하며, 을 환영하지, 를 환영하며"
출력,438,5,7,13,"를 출력하는, 을 출력하는, 로 출력한다, 를 출력할수, 로 출력할수, 로 출력하는, 를 출력한다, 에 출력하는, 을 출력한다, 에 출력한다, 을 출력할수, 를 출력하기, 에 출력할수"
선임,438,8,13,17,"로 선임했다, 을 선임하고, 로 선임하였, 으로 선임하고, 으로 선임했다, 을 선임하여, 으로 선임하였, 를 선임하여, 를 선임할수, 을 선임했다, 을 선임하였, 를 선임하였, 을 선임한다, 을 선임할수, 으로 선임하여, 를 선임했다, 를 선임하는"
각색,435,7,11,18,"를 각색한영화, 을 각색한작품, 으로 각색하여, 을 각색하여, 을 각색한것, 로 각색하여, 를 각색한것, 을 각색하였, 으로 각색한것, 를 각색하여, 을 각색한《, 으로 각색하였, 으로 각색했다, 을 각색했다, 을 각색한영화, 가 각색하였, 를 각색한작품, 가 각색하고"
한정,435,7,13,20,"에 한정한다, 에 한정하면, 만 한정하지, 에 한정하여, 로 한정하고, 으로 한정하였, 으로 한정하고, 에 한정하는, 을 한정하는, 에 한정하고, 로 한정하면, 을 한정하여, 만 한정하여, 으로 한정했다, 에 한정하지, 를 한정하는, 으로 한정하여, 로 한정하는, 로 한정하여, 만 한정하는"
환승,435,13,12,14,"에서 환승해야한다, 로 환승하여, 으로 환승하는, 의 환승할인이, 에서 환승하는, 는 환승할인이, 으로 환승할수, 로 환승하는, 과 환승할수, 로 환승할수, 와 환승할수, 이 환승하는, 에서 환승할수, 의 환승할인은"
규명,432,4,13,16,"을 규명하는, 를 규명하는, 을 규명하고, 을 규명하였, 를 규명하기, 을 규명하려는, 를 규명하였, 을 규명하여, 을 규명하려고, 을 규명할수, 을 규명했다, 을 규명하기, 를 규명하고, 을 규명하고자, 를 규명하여, 을 규명한공로"
오픈,432,9,13,16,"이 오픈했다, 을 오픈하였, 가 오픈하였, 을 오픈하여, 을 오픈했다, 을 오픈하였으며, 을 오픈하고, 를 오픈하였, 를 오픈했다, 에 오픈했다, 를 오픈하고, 이 오픈하였, 를 오픈하여, 을 오픈한다, 에 오픈하였, 를 오픈한다"
훼손,426,3,17,17,"를 훼손하고, 을 훼손하는, 를 훼손했다며, 를 훼손하거나, 를 훼손했다, 를 훼손한혐의, 을 훼손하고, 을 훼손하기, 를 훼손하는, 을 훼손했다고, 를 훼손하였, 을 훼손하지, 을 훼손할수, 를 훼손했다고, 을 훼손했다, 를 훼손하지, 를 훼손했다는"
검증,426,5,10,13,"를 검증하는, 를 검증하기, 을 검증할수, 을 검증한다, 을 검증하고, 을 검증하는, 을 검증했다, 을 검증하였, 를 검증하였, 을 검증하기, 를 검증할수, 를 검증한다, 으로 검증할수"
분비,426,7,10,13,"을 분비하는, 를 분비한다, 을 분비하고, 을 분비한다, 을 분비하며, 을 분비하여, 이 분비하는, 을 분비하는데, 을 분비하기, 를 분비하여, 를 분비하는, 가 분비하는, 에서 분비하는"
운전,422,10,16,21,"가 운전하던, 을 운전하는, 를 운전하고, 가 운전하는, 를 운전하는, 에서 운전하는, 이 운전하던, 를 운전하던, 로 운전하는, 이 운전하는, 가 운전했던, 를 운전하기, 을 운전할수, 를 운전할수, 를 운전하여, 을 운전하고, 으로 운전하는, 로 운전할수, 를 운전한다, 으로 운전하고, 이 운전한다"
뾰족,422,12,9,12,"이 뾰족하다, 은 뾰족하게, 이 뾰족하고, 는 뾰족하다, 을 뾰족하게, 이 뾰족하게, 이 뾰족하며, 은 뾰족하다, 은 뾰족하고, 가 뾰족하고, 는 뾰족하고, 가 뾰족하게"
조각,422,7,9,13,"을 조각하였으며, 를 조각하여, 를 조각하는, 을 조각하는, 으로 조각하였, 을 조각하였, 을 조각하여, 을 조각한것, 을 조각해놓, 을 조각했다, 을 조각하고, 를 조각하였, 를 조각하고"
특수,421,14,14,7,"은 특수한경우, 의 특수한경우, 의 특수한예, 는 특수한경우, 의 특수한형태, 의 특수한지위, 의 특수한상황"
당연,421,9,11,16,"은 당연하다, 은 당연하다고, 이 당연하다고, 은 당연한것, 은 당연한일, 은 당연하게, 는 당연한것, 은 당연했다, 는 당연하게, 을 당연한것, 은 당연하지만, 을 당연하게, 은 당연하고, 이 당연한것, 이 당연하게, 이 당연하다"
안내,421,10,11,17,"를 안내하고, 을 안내해주, 을 안내하고, 가 안내하기, 로 안내하고, 을 안내하는, 으로 안내하는, 를 안내하는, 을 안내했다, 으로 안내하고, 로 안내한다, 으로 안내한다, 로 안내하는, 를 안내한다, 을 안내한다, 을 안내하기, 를 안내해주"
불문,419,2,2,3,"를 불문하고, 을 불문하고, 을 불문한다"
환산,419,4,8,8,"으로 환산하면, 으로 환산하여, 로 환산하는, 으로 환산하는, 로 환산하면, 로 환산할수, 로 환산하여, 으로 환산한것"
선사,418,5,10,13,"을 선사한다, 을 선사하는, 를 선사하는, 을 선사하고, 을 선사하였, 를 선사했다, 을 선사했다, 을 선사하기, 을 선사해주, 를 선사한다, 을 선사하며, 를 선사하였, 이 선사하는"
천,417,12,4,12,"으로 천하, 의 천하, 는 천하, 이 천하, 을 천하, 가 천하, 은 천하, 로 천하, 에 천하, 의 천한가지, 를 천하, 에서 천하"
박탈,417,3,12,10,"을 박탈하고, 을 박탈하여, 을 박탈했다, 를 박탈하였, 을 박탈하였, 을 박탈하기, 을 박탈하는, 를 박탈했다, 를 박탈하고, 를 박탈하는"
감상,417,8,9,13,"을 감상할수, 을 감상하며, 에서 감상할수, 로 감상할수, 를 감상하고, 을 감상하는, 를 감상할수, 을 감상하기, 을 감상할때, 를 감상하는, 를 감상한다, 을 감상하고, 도 감상할수"
라고,416,10,9,10,"을 라고하자, 를 라고하자, 를 라고할때, 을 라고하면, 를 라고하면, 을 라고할때, 부터 라고한다, 를 라고하고, 을 라고하고, 을 라고한다"
회수,416,8,12,16,"을 회수하였, 으로 회수하는, 를 회수하여, 을 회수하여, 를 회수하고, 을 회수했다, 을 회수하는, 를 회수하는, 을 회수하기, 을 회수하지, 을 회수하고, 를 회수하기, 을 회수할수, 을 회수한다, 를 회수하였, 를 회수했다"
비행,415,13,16,19,"을 비행하는, 을 비행하고, 를 비행한다, 으로 비행했다, 를 비행하는, 로 비행하는, 을 비행하던, 을 비행할수, 으로 비행하는, 를 비행했다, 에서 비행하는, 를 비행할수, 로 비행하며, 로 비행한다, 로 비행할수, 을 비행했다, 으로 비행할수, 를 비행하며, 도 비행했다"
대행,415,4,11,15,"을 대행하게, 을 대행한다, 을 대행하는, 를 대행하고, 를 대행하는, 을 대행했다, 을 대행하여, 을 대행하고, 를 대행한다, 를 대행하기, 을 대행하였, 를 대행하였, 를 대행하게, 를 대행했다, 을 대행해주"
충,414,3,1,3,"에 충실하, 을 충실하, 를 충실하"
응원,414,7,12,14,"을 응원하는, 을 응원하고, 을 응원하기, 이 응원하는, 를 응원하는, 를 응원하고, 를 응원하기, 를 응원하러, 를 응원해주, 을 응원해주, 을 응원한다, 를 응원한다, 를 응원해!, 라고 응원했다"
장비,413,9,14,12,"을 장비하여, 을 장비하고, 를 장비하여, 를 장비하고, 를 장비했다, 을 장비한다, 을 장비했다, 를 장비할수, 를 장비하였, 를 장비하는, 를 장비한다, 에 장비하고"
봉쇄,412,3,8,14,"을 봉쇄하고, 를 봉쇄했다, 을 봉쇄하는, 을 봉쇄하였, 을 봉쇄하기, 를 봉쇄하고, 를 봉쇄하였, 를 봉쇄하여, 를 봉쇄하는, 을 봉쇄했다, 를 봉쇄하라, 으로 봉쇄하고, 을 봉쇄하여, 를 봉쇄하기"
고정,412,5,13,19,"를 고정하는, 을 고정하는, 를 고정하여, 으로 고정하고, 를 고정한다, 을 고정하고, 에 고정하고, 을 고정하여, 에 고정할수, 에 고정하기, 을 고정하기, 으로 고정하는, 를 고정할수, 를 고정하기, 를 고정하지, 를 고정하고, 에 고정하는, 로 고정하고, 에 고정한다"
침투,411,11,13,18,"로 침투한다, 에 침투해있, 에 침투하는, 에 침투하기, 에 침투하여, 이 침투하여, 로 침투하여, 으로 침투하는, 으로 침투한다, 에 침투하고, 에 침투한다, 에 침투하였, 으로 침투하여, 에 침투했다, 이 침투하지, 에 침투할수, 로 침투하는, 에 침투하지"
집전,411,5,11,15,"를 집전했다, 을 집전하였, 를 집전하였, 를 집전하는, 를 집전하고, 를 집전할수, 를 집전할때, 를 집전하기, 가 집전하는, 이 집전하는, 를 집전한다, 을 집전하는, 가 집전한79, 가 집전한미사, 가 집전한24"
준수,410,13,10,10,"을 준수하는, 을 준수한다, 를 준수하는, 을 준수하기, 의 준수한활약, 의 준수한성적, 를 준수하기, 에서 준수한성적, 에서 준수한활약, 을 준수했다"
설,410,9,5,9,"을 설하, 를 설한, 에서 설하, 를 설하, 을 설한, 을 설한다, 에서 설한, 로 설하, 고 설하"
대결,409,9,15,19,"와 대결하고, 과 대결하는, 과 대결한다, 와 대결하지만, 와 대결한다, 와 대결하는, 와 대결하여, 와 대결하기, 와 대결하였, 와 대결했다, 와 대결하게, 이 대결하는, 과 대결하여, 과 대결하기, 과 대결하게, 와 대결했지만, 로 대결하는, 에서 대결하는, 으로 대결한국내"
석권,407,6,13,14,"을 석권했다, 를 석권하는, 을 석권하는, 를 석권하였, 에 석권했다, 도 석권했다, 를 석권했고, 를 석권하며, 를 석권하고, 을 석권하고, 를 석권했다, 을 석권하며, 을 석권하였, 을 석권했고"
귀중,406,11,6,5,"에 귀중한자료, 의 귀중한자료, 으로 귀중한자료, 에서 귀중한자료, 도 귀중한자료"
습득,406,8,13,14,"을 습득하고, 를 습득하는, 를 습득하고, 을 습득하여, 을 습득했다, 을 습득하기, 을 습득하는, 을 습득하였, 을 습득하게, 을 습득할수, 를 습득할수, 를 습득했다, 을 습득한다, 를 습득하여"
숭배,406,7,12,14,"을 숭배하는, 으로 숭배하는, 을 숭배하였, 이 숭배하는, 를 숭배하는, 를 숭배하였, 를 숭배하고, 을 숭배하기, 을 숭배했다, 을 숭배한다, 을 숭배하고, 를 숭배하여, 을 숭배하여, 에서 숭배하는"
충당,404,6,12,21,"을 충당한다, 을 충당했다, 을 충당하기, 를 충당하기, 에 충당하는, 을 충당하였, 를 충당했다, 으로 충당하였, 으로 충당했다, 를 충당하는, 를 충당할수, 으로 충당한다, 에 충당하였, 으로 충당하기, 을 충당할수, 으로 충당하는, 을 충당하는, 에 충당하기, 를 충당하고, 을 충당하지, 을 충당하고"
선도,400,5,8,9,"를 선도하는, 을 선도하고, 를 선도하고, 을 선도했다, 을 선도하는, 를 선도하며, 을 선도하였, 를 선도하였, 을 선도하기"
순회,399,3,9,12,"을 순회했다, 을 순회하며, 를 순회하였, 를 순회했다, 를 순회하며, 을 순회하는, 을 순회하고, 을 순회하면서, 을 순회하였, 를 순회하는, 를 순회하면서, 을 순회하기"
개교,399,8,10,15,"에 개교하였으며, 가 개교하였, 가 개교했다, 에서 개교하였, 를 개교하였, 에 개교하였, 를 개교하고, 으로 개교하였, 로 개교하였, 를 개교했다, 로 개교하여, 로 개교했다, 에 개교하여, 에 개교했다, 으로 개교했다"
경고,399,9,13,17,"을 경고하였, 를 경고했다, 에게 경고하기, 을 경고한다, 을 경고하는, 을 경고했다, 을 경고하기, 을 경고하고, 를 경고하는, 에게 경고하는, 를 경고하고, 고 경고했다, 이라고 경고했다, 라고 경고했다, 을 경고하며, 에게 경고했다, 에게 경고한다"
명백,398,14,16,17,"은 명백하다, 이 명백해졌다, 은 명백하게, 를 명백하게, 으로 명백하게, 을 명백하게, 이 명백하다, 는 명백하게, 이 명백하게, 이 명백해지, 은 명백한사실, 가 명백하게, 이 명백한경우, 은 명백했다, 이 명백하므로, 이 명백하고, 에서 명백하게"
열린,398,3,6,5,"에서 열린하계올림픽, 에서 열린한화이글스, 에서 열린하계유니버시아드, 에서 열린한신타이거스, 에서 열린한화와"
가난,397,16,28,21,"는 가난한사람, 은 가난한사람, 이 가난하여, 에서 가난하게, 은 가난하고, 으로 가난한사람, 는 가난한자, 이 가난한사람, 에서 가난한사람, 의 가난한집안, 을 가난한사람, 는 가난하고, 의 가난한사람, 와 가난한자, 이 가난하고, 와 가난한사람, 가 가난한사람, 의 가난한지역, 과 가난한사람, 의 가난한가정, 을 가난하게"
체류,396,7,12,11,"에 체류하던, 에 체류하고, 에 체류하는, 에서 체류하며, 에 체류할수, 에 체류하면서, 에 체류하며, 에 체류하였, 에 체류하게, 에 체류하다가, 에 체류했다"
낙선,395,10,14,13,"로 낙선하고, 로 낙선했다, 에서 낙선하였, 는 낙선했다, 는 낙선하였, 에서 낙선했다, 로 낙선하였, 에서 낙선하고, 으로 낙선하였, 도 낙선하였, 에게 낙선하였, 로 낙선했고, 이 낙선했다"
은거,394,7,11,14,"에 은거하면서, 에 은거하여, 에 은거하였, 에 은거했다, 에 은거하며, 에 은거하고, 에 은거하던, 에서 은거하였, 에 은거하다가, 로 은거하였, 가 은거하면서, 가 은거함에, 가 은거하자, 에서 은거하며"
요절,393,9,9,19,"로 요절하였, 로 요절하고, 가 요절하면서, 로 요절하여, 가 요절하였, 으로 요절하였, 는 요절하였, 로 요절했다, 가 요절하자, 에 요절하여, 으로 요절했다, 에 요절하고, 가 요절하여, 에 요절하였, 에 요절했다, 가 요절하고, 은 요절하였, 가 요절했기, 은 요절했다"
우회,393,7,8,13,"를 우회하는, 를 우회하여, 을 우회하여, 를 우회한다, 으로 우회하는, 을 우회하기, 을 우회하는, 으로 우회하여, 를 우회할수, 로 우회하여, 을 우회하고, 을 우회할수, 를 우회하기"
제휴,393,7,9,11,"과 제휴하여, 과 제휴했다, 과 제휴하는, 와 제휴하였, 와 제휴하고, 와 제휴하여, 와 제휴하는, 과 제휴하였, 과 제휴하고, 가 제휴하여, 와 제휴했다"
우,392,11,6,12,"는 우한, 이 우한, 와 우하, 과 우한, 은 우한, 의 우한, 에 우한, 으로 우한, 에서 우한, 와 우한, 가 우한, 에서 우하"
징수,392,6,11,18,"을 징수할수, 를 징수하고, 를 징수하였, 을 징수하고, 를 징수하는, 을 징수하는, 을 징수하였, 를 징수하기, 를 징수한다, 을 징수한다, 을 징수하며, 을 징수하기, 를 징수하여, 을 징수하여, 를 징수할수, 을 징수했다, 를 징수했다, 을 징수하지"
선물,390,8,14,16,"을 선물하였, 를 선물하였, 을 선물하기, 를 선물하고, 을 선물하고, 을 선물하는, 를 선물했다, 에게 선물하였, 를 선물해주, 을 선물했다, 를 선물하는, 을 선물한다, 를 선물한다, 에게 선물했다, 에게 선물하기, 에게 선물하고"
득표,389,3,11,11,"를 득표하였, 를 득표하여, 를 득표하며, 를 득표하는, 을 득표한정당, 를 득표했다, 를 득표하면서, 을 득표한후보, 를 득표했고, 을 득표한자, 나 득표하며"
발췌,389,4,5,8,"에서 발췌한것, 를 발췌하여, 에서 발췌한내용, 에서 발췌하여, 을 발췌하여, 을 발췌한것, 에서 발췌하였, 에서 발췌했다"
급속,389,14,13,16,"의 급속한증가, 에 급속하게, 의 급속한발전, 이 급속하게, 가 급속하게, 의 급속한성장, 는 급속하게, 으로 급속하게, 의 급속한팽창, 의 급속한경제, 은 급속하게, 로 급속하게, 부터 급속하게, 의 급속한확장, 의 급속한확산, 을 급속하게"
곤란,387,10,22,16,"는 곤란하다, 를 곤란하게, 가 곤란하다는, 가 곤란하다, 가 곤란하여, 이 곤란하다, 가 곤란하게, 이 곤란한경우, 은 곤란하다, 을 곤란하게, 이 곤란하고, 이 곤란하게, 이 곤란하다고, 이 곤란하기, 이 곤란해지, 가 곤란해지"
준공,386,5,5,10,"을 준공하였, 을 준공하여, 를 준공하였, 를 준공했다, 에 준공했다, 에 준공하였, 을 준공하였으며, 을 준공하고, 을 준공했다, 에 준공하여"
탐색,385,3,12,14,"을 탐색하는, 을 탐색하고, 를 탐색한다, 를 탐색하는, 을 탐색하였, 을 탐색하기, 를 탐색하기, 를 탐색했다, 을 탐색했다, 를 탐색하고, 을 탐색할수, 을 탐색한다, 를 탐색하여, 를 탐색할수"
위임,385,8,12,19,"에 위임하는, 을 위임하였, 에게 위임하였, 를 위임하는, 을 위임하여, 를 위임했다, 에 위임하고, 에 위임하여, 을 위임하고, 에게 위임했다, 을 위임하는, 에게 위임하고, 에 위임하였, 을 위임한다, 을 위임했다, 를 위임하였, 에 위임했다, 에게 위임할수, 이 위임하는"
후,383,13,3,10,"가 후한, 은 후한, 에 후한, 에서 후한, 는 후한, 으로 후한, 을 후하게, 를 후하게, 과 후한, 이 후한"
보강,383,4,8,14,"을 보강하여, 을 보강하기, 를 보강하였, 를 보강하여, 을 보강하는, 을 보강하고, 를 보강하기, 을 보강하였, 을 보강했다, 를 보강했다, 를 보강하고, 를 보강하는, 으로 보강하였, 을 보강한다"
출가,383,11,14,16,"에게 출가한딸, 에 출가하여, 으로 출가하였, 에서 출가하여, 는 출가하여, 에게 출가했다, 로 출가하였, 에게 출가했는데, 에게 출가하여, 로 출가하여, 에게 출가한누이, 로 출가했다, 에게 출가하였, 은 출가하여, 에 출가하였, 으로 출가하여"
군림,382,9,16,18,"으로 군림하며, 로 군림하는, 에 군림하는, 로 군림했을, 으로 군림하였, 로 군림하였, 로 군림하고, 으로 군림하고, 에서 군림하는, 으로 군림하게, 로 군림하게, 로 군림하면서, 로 군림했던, 으로 군림했다, 로 군림하던, 으로 군림하던, 로 군림했다, 으로 군림하는"
재학,382,8,12,13,"에 재학했다, 에 재학하던, 에 재학할때, 이 재학하고, 에 재학하면서, 에 재학하고, 에 재학하는, 에 재학했지만, 에 재학하며, 에 재학했고, 에 재학하였, 이 재학하는, 에 재학할당시"
흡사,381,5,13,15,"과 흡사하게, 와 흡사하다, 과 흡사하다는, 과 흡사하다고, 와 흡사하지만, 과 흡사하지만, 과 흡사하다, 와 흡사하게, 과 흡사하며, 와 흡사하며, 과 흡사한것, 이 흡사하다, 와 흡사하다는, 와 흡사하여, 도 흡사하다"
유력,378,12,22,13,"이 유력하다, 가 유력하다, 이 유력하게, 이 유력했다, 이 유력해지, 의 유력한후계자, 의 유력한후보, 의 유력한가문, 의 유력한귀족, 의 유력한용의자, 을 유력한용의자, 이 유력하다고, 이 유력하지만"
착안,376,5,6,7,"에 착안하여, 에서 착안한것, 에서 착안하여, 에서 착안하였, 에 착안해,, 에서 착안했다, 에 착안한것"
불가피,376,11,13,18,"이 불가피하게, 이 불가피했다, 이 불가피하였, 을 불가피하게, 이 불가피해졌다, 가 불가피하게, 는 불가피하게, 은 불가피했다, 이 불가피하다는, 가 불가피하다는, 은 불가피하다고, 이 불가피해지, 가 불가피하다, 이 불가피한상황, 이 불가피하다고, 이 불가피하다, 은 불가피하게, 은 불가피하다"
출석,375,7,14,12,"에 출석하였, 에 출석하기, 에 출석하여, 에 출석하는, 에 출석하지, 에 출석하고, 으로 출석하여, 에 출석하면서, 에 출석했다, 으로 출석했다, 으로 출석하였, 에 출석할수"
취약,375,13,22,15,"에 취약하다는, 에 취약하다, 이 취약했던, 에 취약하기, 에 취약해지, 에 취약하며, 에 취약했다, 이 취약하여, 에 취약할수, 에 취약하게, 이 취약하다는, 에 취약하여, 에 취약하고, 에 취약한것, 이 취약할수"
협의,374,11,12,18,"와 협의하여, 과 협의하여, 을 협의하였, 를 협의했다, 를 협의하였, 를 협의하기, 와 협의하고, 과 협의하기, 가 협의하여, 를 협의하는, 의 협의하에, 과 협의하고, 을 협의하고, 을 협의했다, 로 협의했다, 을 협의하는, 을 협의하기, 이 협의하여"
멸,374,4,7,9,"을 멸했다, 을 멸하, 을 멸할, 를 멸한후, 를 멸하, 를 멸했다, 을 멸해, 이 멸하, 를 멸할"
규합,373,4,6,7,"을 규합하여, 을 규합하였, 를 규합하고, 을 규합하고, 을 규합하기, 을 규합하는, 를 규합하여"
부응,373,1,7,7,"에 부응하여, 에 부응하고, 에 부응하는, 에 부응할수, 에 부응하지, 에 부응하기, 에 부응했다"
용서,373,8,13,18,"을 용서할수, 를 용서했다, 를 용서할수, 를 용서하였, 를 용서해주, 는 용서하지, 을 용서하고, 을 용서하지, 를 용서하지, 은 용서하지, 를 용서하시, 을 용서하시, 를 용서하고, 을 용서해주, 를 용서하는, 을 용서해달, 을 용서하였, 도 용서하지"
통솔,371,5,11,14,"를 통솔하는, 을 통솔했다, 을 통솔하는, 을 통솔하던, 을 통솔하며, 을 통솔하고, 을 통솔하여, 을 통솔하게, 을 통솔하기, 를 통솔하게, 을 통솔하였, 를 통솔하고, 가 통솔하는, 를 통솔하였"
보급,371,8,11,16,"를 보급하는, 을 보급하는, 을 보급하였, 에 보급하였, 을 보급하기, 을 보급하고, 를 보급하기, 을 보급했다, 를 보급하고, 를 보급하여, 를 보급하였, 에 보급하는, 에 보급하고, 를 보급했다, 에 보급하기, 을 보급하여"
절감,371,2,10,12,"을 절감하고, 을 절감하여, 을 절감할수, 을 절감하게, 을 절감했다, 을 절감하였, 를 절감하고, 를 절감할수, 을 절감하는, 을 절감하기, 을 절감한다, 를 절감하는"
분기,371,10,7,15,"가 분기하는, 에서 분기하는, 이 분기하는, 이 분기하고, 에서 분기하여, 으로 분기하여, 에서 분기한다, 이 분기한다, 이 분기하며, 과 분기하여, 으로 분기하는, 으로 분기한다, 에서 분기하며, 가 분기한다, 에서 분기하고"
개혁,370,4,14,13,"를 개혁하고, 를 개혁하고자, 을 개혁하고, 을 개혁하였, 를 개혁하여, 를 개혁하였, 를 개혁하기, 를 개혁했다, 을 개혁하여, 를 개혁하는, 을 개혁하는, 을 개혁하기, 을 개혁했다"
성행,369,7,13,20,"이 성행하였, 가 성행한다, 이 성행하게, 에서 성행하던, 가 성행하였, 이 성행하고, 이 성행하여, 가 성행했다, 도 성행하고, 에 성행했던, 가 성행하는, 이 성행하면서, 이 성행했다, 가 성행하고, 가 성행하여, 가 성행하게, 에서 성행하였, 이 성행하던, 도 성행하였, 에 성행하였"
예고,366,3,10,10,"을 예고했다, 을 예고하였, 을 예고하는, 를 예고하는, 을 예고하고, 를 예고했다, 을 예고한것, 을 예고하며, 을 예고한다, 를 예고하였"
타당,365,7,8,11,"이 타당하다는, 이 타당하다, 은 타당하지, 으로 타당하다고, 이 타당하다고, 이 타당할것, 가 타당하다, 이 타당하고, 이 타당하지, 이 타당한것, 은 타당하다"
간직,365,8,11,10,"를 간직하고, 을 간직하였, 을 간직하고, 을 간직하는, 도 간직하고, 을 간직한곳, 를 간직하였, 을 간직한채, 에 간직하고, 을 간직할뿐"
제창,363,7,13,11,"을 제창하였, 를 제창하였, 을 제창했다, 를 제창했다, 를 제창하고, 을 제창하는, 을 제창하여, 을 제창하며, 을 제창한것, 를 제창하는, 을 제창하고"
구속,363,4,12,12,"로 구속하였, 를 구속하였, 을 구속하였, 을 구속하고, 으로 구속했다, 를 구속하는, 을 구속하는, 로 구속했다, 을 구속했다, 를 구속하고, 를 구속했다, 을 구속하기"
상상,363,10,15,20,"을 상상해보, 은 상상하기, 을 상상하여, 을 상상한다, 를 상상할수, 는 상상할수, 을 상상할수, 을 상상하는, 를 상상하는, 는 상상하기, 을 상상하게, 은 상상할수, 가 상상하는, 을 상상하면서, 을 상상했다, 을 상상하며, 가 상상했던, 를 상상하며, 을 상상하라, 를 상상했다"
혼동,362,8,10,15,"와 혼동하는, 와 혼동하기, 과 혼동하지, 와 혼동해서는, 와 혼동하여, 을 혼동한것, 과 혼동할수, 와 혼동하지, 을 혼동하는, 를 혼동하여, 을 혼동하여, 과 혼동하는, 과 혼동해서는, 를 혼동하는, 과 혼동하기"
분명히,362,2,10,14,"을 분명히하기, 를 분명히하기, 을 분명히해야한다, 을 분명히했다, 를 분명히하는, 을 분명히하고, 을 분명히한다, 를 분명히하고, 를 분명히하였, 를 분명히했다, 을 분명히하였, 을 분명히하는, 을 분명히하여, 을 분명히했고"
축소,362,6,12,19,"로 축소하였, 을 축소하는, 를 축소하였, 를 축소하고, 으로 축소하여, 을 축소하기, 을 축소하고, 을 축소하여, 을 축소하면서, 으로 축소하는, 를 축소하는, 으로 축소하였, 을 축소하였, 으로 축소했다, 로 축소하여, 로 축소하고, 을 축소했다, 으로 축소하고, 를 축소하여"
컴백,362,4,6,8,"로 컴백했다, 에 컴백했다, 으로 컴백했다, 에 컴백하였, 로 컴백하였, 으로 컴백하였, 로 컴백하여, 에서 컴백하였"
주요,361,15,33,19,"에서 주요하게, 의 주요한특징, 을 주요하게, 의 주요한부분, 에서 주요한역할, 의 주요하천, 이 주요하게, 에 주요한영향, 에 주요한역할, 의 주요한생산지, 에서 주요한주, 의 주요한역할, 이 주요하다, 의 주요한요소, 의 주요한목적, 의 주요한원인, 의 주요한차이점, 의 주요한문제, 의 주요한서식지"
발언,361,9,11,12,"라고 발언하는, 라고 발언하여, 라고 발언하였, 고 발언하였, 고 발언하여, 라고 발언하기, 라고 발언했다, 고 발언했다, 이라고 발언했다, 라고 발언하며, 에서 발언하는, 라고 발언한것"
조장,361,3,14,14,"을 조장하고, 을 조장하는, 을 조장하여, 를 조장하는, 을 조장하였, 을 조장하기, 를 조장하였, 을 조장했다, 를 조장하고, 을 조장할수, 을 조장하지, 를 조장했다, 을 조장하며, 을 조장한다"
자세,360,16,12,18,"가 자세하게, 를 자세하게, 을 자세하게, 의 자세한내용, 은 자세하게, 에서 자세하게, 는 자세하게, 의 자세한사항, 도 자세하게, 으로 자세하게, 에 자세하게, 이 자세하게, 의 자세한설명, 의 자세한정보, 의 자세한행적, 의 자세한것, 는 자세한기록, 의 자세한생애"
산출,357,5,10,13,"을 산출한다, 를 산출할수, 를 산출하는, 를 산출한다, 을 산출하는, 을 산출하고, 를 산출했다, 을 산출하여, 를 산출하고, 을 산출하기, 를 산출하였, 을 산출하였, 를 산출하여"
통보,357,6,13,16,"을 통보하였, 을 통보했다, 에 통보했다, 에 통보하였, 을 통보하고, 에 통보하여, 를 통보하고, 를 통보했다, 에 통보하고, 을 통보하는, 를 통보하였, 에 통보하지, 을 통보하면서, 을 통보한다, 에게 통보했다, 에 통보한다"
사,356,15,10,16,"를 사하, 을 사하, 의 사해, 와 사하, 으로 사하, 에 사하, 은 사해, 를 사해, 에 사해, 의 사하, 는 사하, 과 사하, 은 사하, 는 사해, 이 사하, 야 사바하"
순수,355,16,15,16,"는 순수하게, 는 순수한형태, 을 순수하게, 은 순수하게, 의 순수함을, 이 순수하게, 의 순수하고, 는 순수하고, 에서 순수하게, 의 순수한마음, 의 순수한사랑, 의 순수함과, 가 순수하게, 의 순수함에, 이 순수하고, 은 순수하고"
격려,354,3,11,15,"를 격려한다, 을 격려하고, 을 격려하여, 를 격려하고, 을 격려했다, 를 격려했다, 을 격려하였, 을 격려하기, 을 격려하는, 를 격려하였, 를 격려하기, 를 격려하는, 를 격려하며, 을 격려한다, 를 격려해주"
해명,354,9,9,14,"라고 해명했다, 고 해명하였, 를 해명하는, 을 해명하는, 라고 해명하였, 고 해명했다, 를 해명하고, 을 해명하고, 을 해명하기, 이라고 해명하였, 를 해명하기, 을 해명하였, 을 해명했다, 이라고 해명했다"
전무,354,5,14,15,"은 전무하다, 은 전무하지만, 이 전무하였, 이 전무한상황, 은 전무했다, 는 전무하다, 도 전무하며, 이 전무하고, 이 전무했다, 이 전무했던, 은 전무하며, 은 전무한상태, 이 전무하다, 이 전무한상태, 가 전무하다"
개방,354,10,13,18,"를 개방하였, 을 개방하였, 을 개방하여, 를 개방하게, 으로 개방하는, 에게 개방하는, 를 개방하고, 에게 개방하였, 을 개방하는, 에 개방하였, 을 개방하고, 를 개방했다, 를 개방하는, 를 개방하여, 까지 개방한다, 을 개방했다, 를 개방하기, 에게 개방했다"
치,353,8,3,4,"를 치하, 의 치하, 을 치하, 는 치하야"
예,353,9,1,9,"에 예하, 과 예하, 와 예하, 의 예하, 는 예하, 은 예하, 를 예하, 을 예하, 으로 예하"
억압,352,3,12,10,"를 억압하였, 을 억압하였, 를 억압하는, 을 억압했다, 을 억압하는, 을 억압하고, 를 억압하고, 을 억압하기, 를 억압하기, 을 억압하여"
탄핵,351,4,14,12,"를 탄핵하였, 를 탄핵하는, 을 탄핵하기, 을 탄핵했다, 를 탄핵하여, 을 탄핵하였, 를 탄핵하고, 을 탄핵하여, 을 탄핵하고, 를 탄핵했다, 을 탄핵하는, 을 탄핵하다가"
근접,351,13,18,14,"에 근접하는, 에 근접하며, 에 근접해있, 에 근접한다, 에 근접하고, 에 근접하였, 와 근접해있, 에 근접하면서, 에 근접하게, 에 근접한것, 에 근접하기, 에 근접하여, 에 근접했다, 과 근접해있"
호출,351,7,11,14,"을 호출한다, 를 호출하는, 를 호출하여, 를 호출하면, 을 호출하여, 를 호출할때, 을 호출할수, 을 호출하는, 를 호출할수, 를 호출한다, 를 호출하기, 를 호출하고, 를 호출함으로써, 을 호출할때"
진단,351,6,9,14,"으로 진단할수, 으로 진단하고, 로 진단할수, 를 진단하고, 을 진단할수, 을 진단할때, 을 진단하고, 으로 진단한다, 를 진단하는, 을 진단하기, 를 진단할수, 를 진단하기, 을 진단하는, 고 진단했다"
대입,350,5,7,8,"을 대입하면, 에 대입하면, 에 대입해보, 를 대입하여, 에 대입하여, 를 대입하면, 에 대입하고, 을 대입하여"
특정,348,20,45,20,"을 특정하는, 의 특정한위치, 을 특정할수, 는 특정한종류, 을 특정하지, 을 특정하여, 를 특정할수, 을 특정하고, 는 특정한조건, 를 특정하는, 의 특정한부분, 은 특정한상황, 를 특정하기, 는 특정한경우, 은 특정한종류, 의 특정한영역, 으로 특정할수, 의 특정한형태, 은 특정한조건, 이 특정한구역"
매진,348,3,12,12,"에 매진하는, 에 매진하고, 에 매진하였, 에 매진하게, 에 매진하면서, 에 매진하여, 에 매진했다, 에 매진한다, 에 매진할수, 에 매진하기, 에 매진하던, 에 매진하며"
테스트,348,5,11,10,"을 테스트해보, 을 테스트했다, 를 테스트하기, 을 테스트하는, 을 테스트한다, 을 테스트하기, 을 테스트하고, 를 테스트하는, 을 테스트할수, 를 테스트하고"
저렴,347,15,17,20,"이 저렴하고, 으로 저렴한가격, 은 저렴한가격, 를 저렴하게, 는 저렴한가격, 이 저렴하기, 이 저렴하다, 보다 저렴하다, 을 저렴한가격, 으로 저렴하게, 이 저렴해지, 보다 저렴하고, 을 저렴하게, 은 저렴하고, 를 저렴한가격, 보다 저렴하게, 과 저렴한가격, 보다 저렴한가격, 으로 저렴하고, 으로 저렴한비용"
함락,347,5,14,13,"을 함락하였, 를 함락하여, 를 함락하고, 을 함락하고, 을 함락하지, 를 함락하였, 를 함락했다, 를 함락하는, 을 함락했다, 을 함락하여, 을 함락하자, 을 함락하는, 을 함락한후"
투여,346,7,18,21,"을 투여하여, 을 투여하는, 를 투여한다, 를 투여하는, 를 투여하면, 을 투여한다, 에 투여하여, 로 투여한다, 를 투여할수, 를 투여하고, 을 투여했을, 을 투여할경우, 를 투여하여, 을 투여할수, 을 투여하면, 을 투여하기, 에 투여하는, 으로 투여한다, 을 투여하고, 를 투여함으로써, 으로 투여할수"
산재,346,4,5,9,"가 산재해있, 에 산재하고, 에 산재해있, 에 산재하여, 가 산재하고, 이 산재해있, 에 산재하는, 이 산재한다, 이 산재하고"
해지,346,2,8,7,"을 해지하였, 을 해지하고, 을 해지하여, 을 해지했고, 을 해지했다, 을 해지할수, 을 해지하면서"
주입,345,6,12,14,"를 주입하여, 에 주입하여, 을 주입하고, 를 주입하면, 을 주입하는, 을 주입한다, 를 주입하고, 에 주입한다, 을 주입하면, 를 주입한다, 에 주입하는, 를 주입하는, 을 주입하기, 을 주입하여"
능통,345,3,11,14,"에 능통했다, 에 능통하였, 에 능통하고, 에 능통하게, 도 능통하다, 에 능통하며, 에 능통하다, 에 능통했던, 에 능통하여, 도 능통하였, 를 능통하게, 에 능통하지, 에 능통하였으며, 에 능통했으며,"
위탁,345,7,10,17,"를 위탁하는, 에 위탁하는, 에게 위탁하여, 에 위탁한다, 에 위탁하고, 을 위탁했다, 에 위탁하여, 를 위탁하고, 에 위탁하였, 을 위탁하였, 을 위탁하고, 가 위탁하는, 를 위탁했던, 을 위탁하는, 에 위탁할수, 이 위탁하는, 이 위탁해제,"
따라,344,6,22,18,"을 따라하는, 를 따라하고, 에 따라하나의, 에 따라한국의, 에 따라해산하, 를 따라하는, 을 따라한다, 에 따라한번, 에 따라해산되, 을 따라할수, 를 따라하기, 을 따라하기, 에 따라하루에, 에 따라해체되, 에 따라해당지역, 을 따라하고, 에 따라한카쿠, 에 따라해당경기"
조롱,343,5,10,14,"를 조롱하고, 를 조롱하였, 을 조롱하며, 을 조롱하기, 을 조롱하는, 를 조롱하기, 를 조롱하며, 을 조롱하였, 를 조롱하는, 을 조롱했다, 를 조롱했다, 를 조롱한다, 을 조롱한다, 을 조롱하고"
지진,343,8,2,9,"에서 지진해일, 의 지진해일, 에 지진해일, 은 지진해일, 이 지진해일, 는 지진해일, 으로 지진해일, 과 지진해일, 에 지진하였"
어떠,342,23,48,20,"에 어떠한영향, 은 어떠한것, 는 어떠한형태, 은 어떠한형태, 는 어떠한상황, 의 어떠한것, 이 어떠한형태, 이 어떠했는지, 은 어떠한경우, 이 어떠한방식, 는 어떠한경우, 가 어떠했는지, 는 어떠한조치, 가 어떠한것, 는 어떠한것, 에 어떠한형태, 는 어떠한일, 가 어떠한이유, 이 어떠한것, 은 어떠한가?"
번창,342,13,14,16,"가 번창하였, 에 번창하였, 로 번창하였, 에서 번창하였, 이 번창하였, 으로 번창하였, 로서 번창하였, 이 번창하여, 이 번창하고, 로 번창했다, 로서 번창했다, 으로서 번창했다, 으로 번창했다, 로서 번창했고, 으로서 번창하였, 로서 번창하고"
능숙,341,11,9,11,"를 능숙하게, 에 능숙하며, 는 능숙하게, 에 능숙하고, 을 능숙하게, 도 능숙하다, 에 능숙하다, 도 능숙하게, 에 능숙했다, 에 능숙하지, 이 능숙해지"
의식,340,7,10,12,"를 의식한것, 을 의식하는, 를 의식하여, 을 의식하여, 을 의식하고, 을 의식하면서, 를 의식하고, 을 의식하지, 을 의식한것, 을 의식하게, 를 의식하지, 를 의식하게"
하락,339,11,18,22,"이 하락하기, 이 하락하여, 이 하락하였, 로 하락하였, 으로 하락하였, 으로 하락했다, 로 하락했다, 가 하락했다, 가 하락하고, 가 하락하였, 이 하락하면, 가 하락하여, 가 하락하기, 이 하락했다, 이 하락하고, 이 하락하는, 이 하락하자, 까지 하락했다, 까지 하락하였, 이 하락했고, 가 하락한다, 에서 하락하였"
복용,339,7,21,14,"를 복용하는, 를 복용하고, 을 복용하면, 을 복용하게, 을 복용한사실, 을 복용하기, 을 복용하지, 을 복용한것, 을 복용하는, 을 복용하여, 을 복용하고, 에 복용하는, 으로 복용하는, 를 복용하면"
협조,338,9,17,13,"의 협조하에, 에 협조하지, 에 협조하는, 과 협조하여, 에 협조해줄, 에 협조하기, 에 협조하였, 에 협조하여, 에 협조했다, 에 협조하고, 에 협조할것, 에 협조한행적, 와 협조하여"
자명,338,11,10,11,"은 자명하게, 의 자명하지, 는 자명하지, 는 자명하다, 은 자명하다, 이 자명하지, 은 자명한일, 는 자명하게, 이 자명하다, 은 자명하지, 으로 자명하지"
복종,337,7,15,18,"에 복종하여, 에 복종하고, 에 복종하며, 에 복종하는, 에게 복종하는, 에 복종하게, 에 복종하기, 에게 복종하고, 에 복종하도록, 에 복종했다, 에게 복종하여, 에게 복종할것, 에게 복종하도록, 에 복종할것, 에 복종하지, 에게 복종하지, 에 복종하였, 에게 복종하게"
정지,337,11,18,18,"을 정지하였, 이 정지해있, 을 정지하고, 는 정지해있, 을 정지하는, 가 정지해있, 에 정지해있, 을 정지했다, 으로 정지해있, 에서 정지해있, 을 정지한다, 이 정지하고, 가 정지하는, 을 정지할수, 가 정지하고, 를 정지하고, 를 정지하였, 를 정지해여객"
소중,337,15,10,9,"의 소중함을, 에 소중한자료, 에게 소중한것, 을 소중하게, 보다 소중한것, 를 소중하게, 의 소중한친구, 의 소중한사람, 의 소중함과"
호위,337,8,12,14,"을 호위했다, 을 호위하는, 을 호위하기, 를 호위하여, 를 호위하는, 를 호위하기, 를 호위하던, 을 호위하고, 를 호위했다, 을 호위하던, 를 호위하였, 을 호위하여, 을 호위하였, 를 호위하고"
순,337,9,2,7,"의 순양함, 에 순양함, 는 순양함, 와 순양함, 은 순양함, 과 순양함, 의 순양전함"
사직,336,10,9,14,"에 사직하였, 에서 사직하고, 을 사직했다, 을 사직하고, 로 사직하고, 으로 사직하였, 에 사직하고, 을 사직하는, 에 사직했다, 으로 사직하고, 을 사직하였, 를 사직하고, 로 사직하였, 로 사직했다"
밀집,336,3,5,11,"이 밀집한곳, 이 밀집해있, 이 밀집한지역, 에 밀집해있, 에 밀집하여, 이 밀집하고, 가 밀집해있, 가 밀집한지역, 가 밀집하여, 이 밀집하여, 가 밀집한곳"
응용,335,7,11,11,"을 응용하는, 에 응용하는, 에 응용하였, 를 응용하는, 을 응용하여, 에 응용하여, 를 응용하여, 에 응용할수, 에 응용하고, 을 응용하였, 을 응용한것"
양보,335,9,18,18,"를 양보하지, 를 양보하였, 를 양보하고, 에게 양보했다, 에게 양보한다, 에게 양보하고, 에게 양보하는, 도 양보하지, 에 양보하는, 을 양보하였, 에게 양보하였, 을 양보하지, 를 양보하는, 를 양보했다, 를 양보하게, 을 양보하는, 을 양보했다, 을 양보하고"
잠입,334,5,10,13,"에 잠입하여, 으로 잠입하여, 에 잠입하였, 에 잠입했다, 에 잠입해있, 에 잠입한다, 에 잠입하기, 로 잠입하였, 로 잠입하여, 로 잠입한다, 에 잠입했을, 에 잠입하는, 에 잠입하고"
치열,334,14,25,13,"의 치열한경쟁, 이 치열하게, 이 치열해지, 에서 치열한전투, 에 치열한전투, 을 치열하게, 과 치열하게, 의 치열한전투, 도 치열하게, 이 치열했다, 과 치열한전투, 이 치열하다, 에서 치열하게"
불편,333,14,23,15,"을 불편하게, 의 불편한관계, 이 불편하여, 의 불편함을, 이 불편하다, 가 불편하다, 이 불편하고, 과 불편한관계, 에 불편함을, 를 불편하게, 에 불편함이, 이 불편하다는, 의 불편한진실, 이 불편함을, 이 불편한사람"
민감,333,12,16,11,"도 민감하게, 에 민감하다, 에 민감하게, 에 민감하기, 에 민감하지, 을 민감하게, 에 민감하고, 에 민감한것, 에 민감하며, 에 민감하여, 를 민감하게"
발급,331,11,14,20,"을 발급하는, 를 발급하지, 를 발급하고, 을 발급하기, 을 발급할수, 을 발급하였, 을 발급하고, 을 발급해주, 를 발급하였, 를 발급하기, 에서 발급하는, 에게 발급하는, 를 발급하는, 를 발급하여, 를 발급해주, 을 발급한다, 를 발급할수, 를 발급했다, 를 발급한다, 을 발급했다"
간략,331,12,4,13,"으로 간략하게, 에 간략하게, 을 간략하게, 가 간략하게, 만 간략하게, 는 간략하게, 이 간략하게, 의 간략한역사, 로 간략하게, 를 간략하게, 에서 간략하게, 은 간략하게, 의 간략한특징"
집결,330,8,12,14,"에 집결하였, 에 집결하게, 에 집결하고, 에 집결하여, 에 집결했다, 이 집결하여, 으로 집결하여, 이 집결하였, 에 집결하는, 이 집결하는, 으로 집결했다, 에 집결해있, 이 집결하고, 에 집결했고"
착각,330,8,11,14,"로 착각하기, 으로 착각하여, 으로 착각한것, 로 착각하는, 으로 착각하였, 로 착각하여, 로 착각하고, 으로 착각하는, 으로 착각한다, 으로 착각하고, 으로 착각할수, 으로 착각하기, 으로 착각하게, 로 착각했다"
취직,329,5,13,11,"으로 취직했다, 로 취직했다, 로 취직하였, 에 취직하여, 에 취직하였, 에 취직했다, 에 취직하게, 에 취직한다, 로 취직한다, 으로 취직하였, 에 취직하고"
변호,328,4,16,13,"을 변호하였, 을 변호하고, 을 변호하는, 을 변호하여, 을 변호하기, 를 변호하는, 를 변호하기, 를 변호하였, 를 변호한다, 을 변호했다, 를 변호하고, 를 변호하며, 를 변호했다"
용감,328,10,7,9,"는 용감하게, 에서 용감하게, 은 용감하게, 가 용감하게, 은 용감한자, 는 용감하고, 는 용감했다, 의 용감한라디오, 와 용감한녀석"
서비스,327,9,10,14,"를 서비스하는, 을 서비스하는, 을 서비스하고, 로 서비스하고, 에서 서비스하는, 이 서비스하는, 으로 서비스하고, 가 서비스하는, 을 서비스한다, 을 서비스하기, 에서 서비스하고, 에서 서비스했던, 를 서비스하고, 를 서비스하기"
안,327,10,19,16,"를 안하고, 은 안하고, 을 안하면, 을 안타까워했, 을 안타까워하, 도 안하고, 은 안한다, 를 안하는, 을 안하고, 을 안하는, 를 안치한, 도 안했다, 도 안하는, 을 안한다, 도 안해본, 는 안하고"
대단,326,12,17,13,"이 대단하였, 은 대단했다, 가 대단하였, 가 대단하다, 는 대단하다, 이 대단하다, 이 대단하여, 가 대단했다, 는 대단해(, 이 대단해!, 은 대단하다, 가 대단해!, 의 대단한라디오"
대기,325,9,12,14,"에 대기하고, 이 대기하고, 에서 대기하는, 에서 대기하다가, 가 대기하고, 에서 대기한다, 에서 대기하고, 로 대기했다, 에서 대기하였, 에서 대기하던, 에서 대기했다, 에서 대기할수, 에서 대기하며, 로 대기했지만"
구제,325,5,10,10,"을 구제하기, 을 구제하는, 을 구제하고자, 을 구제하였, 를 구제하는, 을 구제하고, 을 구제할것, 을 구제하여, 를 구제하기, 를 구제할수"
신봉,324,5,11,11,"를 신봉하는, 을 신봉하는, 를 신봉하였, 을 신봉하고, 을 신봉했다, 를 신봉하고, 를 신봉한다, 을 신봉했던, 이 신봉하는, 을 신봉하여, 을 신봉하였"
개막,323,7,8,11,"이 개막하였, 에서 개막했다, 에서 개막하였, 가 개막하였, 가 개막했다, 에 개막하였, 에 개막하여, 에 개막하였으며, 이 개막하기, 에 개막하게, 에 개막하고"
정당,323,12,16,21,"를 정당하게, 은 정당하다고, 은 정당하다, 가 정당한이유, 이 정당하다고, 을 정당하게, 는 정당하다, 이 정당하다, 의 정당한권리, 이 정당하다는, 가 정당하다고, 이 정당하고, 의 정당한계승자, 는 정당한사유, 이 정당한이유, 이 정당하게, 이 정당한사유, 에 정당한이유, 은 정당하고, 은 정당한것, 가 정당한사유"
되게,322,2,12,12,"이 되게하는, 가 되게한다, 가 되게하였, 가 되게하는, 이 되게하였, 가 되게했다, 이 되게하소서, 이 되게하고, 이 되게했다, 이 되게한다, 이 되게하기, 가 되게해달"
이관,322,6,7,14,"으로 이관하였, 로 이관하였, 에 이관하여, 로 이관하여, 로 이관하고, 에 이관하고, 으로 이관하고, 으로 이관하여, 으로 이관했다, 를 이관하여, 에 이관했다, 로 이관했다, 을 이관하여, 을 이관하였"
주의,322,8,13,11,"에 주의하자, 에 주의할필요, 에 주의하여야, 에 주의한다, 도 주의해야한다, 에 주의해야한다, 을 주의하라, 을 주의해야한다, 에 주의하라, 에 주의해야하, 에 주의할것"
붕어,321,6,10,11,"가 붕어하였, 이 붕어하고, 로 붕어하였, 로 붕어하자, 가 붕어하자, 가 붕어하고, 이 붕어한뒤, 에서 붕어하였, 이 붕어하자, 에 붕어하였, 이 붕어하면서"
투신,320,5,9,8,"에서 투신하여, 에 투신하였, 에 투신하기, 에 투신한다, 에 투신했다, 에 투신하게, 에 투신하여, 에 투신하고"
진지,320,15,3,8,"가 진지하게, 를 진지하게, 이 진지하게, 는 진지하게, 은 진지하게, 도 진지하게, 을 진지하게, 에 진지하게"
표출,320,5,13,14,"을 표출한다, 을 표출했다, 을 표출하는, 을 표출하고, 을 표출하기, 를 표출하고, 을 표출하였, 를 표출하기, 를 표출하는, 을 표출하며, 을 표출하지, 를 표출했다, 를 표출한다, 으로 표출하는"
폐기,320,6,9,10,"을 폐기하고, 을 폐기하였, 를 폐기하기, 을 폐기했다, 를 폐기했다, 을 폐기하는, 를 폐기하고, 을 폐기할것, 을 폐기하기, 를 폐기하는"
소통,320,7,9,12,"와 소통할수, 과 소통하고, 과 소통할수, 로 소통하는, 으로 소통하는, 으로 소통할수, 과 소통하기, 과 소통하는, 와 소통하는, 와 소통하고, 과 소통하며, 과 소통한다"
유인,319,5,12,16,"으로 유인하여, 을 유인하여, 을 유인하기, 로 유인하여, 을 유인하는, 를 유인하기, 으로 유인하는, 를 유인하는, 을 유인한다, 를 유인하여, 으로 유인한뒤, 을 유인하였, 를 유인하고, 을 유인하고, 으로 유인했다, 으로 유인하고"
자행,318,6,15,10,"을 자행하여, 을 자행했다는, 를 자행하였, 을 자행하였, 을 자행했다, 를 자행했다, 를 자행하는, 을 자행하고, 을 자행하는, 를 자행하고"
증오,318,5,10,11,"를 증오하는, 을 증오하게, 을 증오하는, 를 증오하고, 을 증오한다, 를 증오하여, 를 증오하게, 를 증오한다, 을 증오하며, 을 증오하고, 를 증오한남자"
기권,318,10,7,12,"은 기권했다, 은 기권하였, 에서 기권했다, 는 기권하였, 에 기권함에, 에 기권했다, 에 기권하였, 에 기권하여, 이 기권함에, 는 기권했다, 로 기권했다, 가 기권함에"
기생,316,5,7,6,"에 기생하는, 에 기생하며, 이 기생하는, 에 기생한다, 에 기생하고, 에 기생하여"
거대,314,18,45,18,"이 거대하게, 가 거대하고, 로 거대한경제, 은 거대하게, 에 거대한영향, 은 거대하고, 는 거대한규모, 에 거대하게, 을 거대하게, 는 거대하고, 의 거대한산, 의 거대하고, 의 거대한크기, 의 거대한규모, 의 거대한바위, 의 거대한야구, 에 거대하고, 와 거대한복숭아"
고소,314,6,16,13,"을 고소하겠, 를 고소하였, 를 고소했다, 로 고소했다, 에 고소하였, 에 고소했다, 로 고소하였, 으로 고소했다, 의 고소한19, 을 고소하였, 을 고소했다, 을 고소하는, 으로 고소하였"
염려,314,2,6,8,"을 염려하여, 를 염려하여, 을 염려하는, 을 염려하였, 을 염려하고, 를 염려하는, 을 염려했다, 을 염려하며"
고집,313,3,13,12,"을 고집하고, 을 고집했다, 을 고집하여, 을 고집하였, 을 고집하며, 를 고집했다, 를 고집하였, 를 고집하고, 을 고집하는, 을 고집하지, 를 고집하는, 을 고집한다"
취재,311,6,10,15,"를 취재하기, 을 취재하고, 를 취재하여, 을 취재했다, 을 취재하러, 을 취재하여, 을 취재하는, 을 취재하던, 을 취재하였, 을 취재하기, 를 취재하는, 를 취재하던, 를 취재하고, 를 취재하러, 를 취재하였"
천도,310,6,13,15,"으로 천도했다, 로 천도하고, 으로 천도하였, 로 천도하면서, 로 천도했다, 으로 천도한후, 으로 천도하고, 으로 천도하여, 으로 천도하는, 으로 천도하면서, 으로 천도하자, 로 천도하였, 으로 천도할때, 으로 천도하기, 로 천도한후"
독려,309,2,8,13,"을 독려하기, 을 독려하고, 을 독려하였, 를 독려하며, 를 독려했다, 을 독려했다, 을 독려하는, 을 독려하며, 를 독려하는, 를 독려하기, 를 독려하였, 을 독려하여, 를 독려하여"
해임,309,6,7,10,"을 해임하였, 를 해임하였, 에서 해임하고, 를 해임하고, 을 해임하고, 을 해임했다, 를 해임했다, 에서 해임하였, 를 해임할수, 에서 해임했다"
사사,307,6,9,10,"을 사사했다, 를 사사하고, 에게 사사하였, 를 사사했다, 을 사사하고, 을 사사하였, 를 사사하여, 에게 사사하여, 를 사사하였, 에게 사사했다"
위장,307,5,11,10,"로 위장하고, 을 위장하여, 을 위장하기, 으로 위장하고, 으로 위장하여, 로 위장하여, 로 위장한채, 처럼 위장했다, 을 위장하고, 처럼 위장하여"
번식,306,10,7,12,"에서 번식하는, 에서 번식하고, 에서 번식하며, 으로 번식하며, 에서 번식한다, 가 번식하는, 으로 번식한다, 가 번식하고, 으로 번식하는, 에 번식한다, 로 번식한다, 에서 번식하기"
가져야,303,5,10,10,"을 가져야한다, 를 가져야한다, 을 가져야하고, 이 가져야하는, 을 가져야하는, 를 가져야한다고주장, 을 가져야하며, 을 가져야한다는것, 을 가져야한다고주장, 를 가져야하며"
속출,303,3,9,12,"도 속출했다, 이 속출하여, 이 속출하였, 이 속출했다, 가 속출했고, 가 속출하였, 가 속출하는, 가 속출했다, 가 속출하고, 이 속출하고, 가 속출하자, 가 속출하여"
절약,303,2,8,9,"을 절약하는, 을 절약하기, 를 절약하는, 을 절약할수, 를 절약할수, 를 절약하기, 을 절약하고, 를 절약하고, 을 절약하여"
책봉,303,5,13,13,"로 책봉하였, 으로 책봉하였, 으로 책봉하는, 로 책봉하는, 로 책봉하려, 로 책봉했다, 로 책봉하고, 으로 책봉하고, 로 책봉하여, 으로 책봉했다, 에 책봉하였, 에 책봉하고, 으로 책봉하여"
열중,302,3,11,12,"에 열중하였, 에 열중하면서, 에 열중하고, 에 열중한다, 에 열중하게, 에 열중하여, 만 열중하는, 에 열중하던, 에 열중하기, 에 열중하는, 에 열중했다, 에 열중하며"
공포,302,8,10,10,"을 공포했다, 을 공포하여, 을 공포하고, 을 공포하였, 를 공포하였, 를 공포하여, 은 공포한날, 에 공포하였, 를 공포했다, 을 공포한다"
연방,302,6,3,2,"의 연방하원의원, 의 연방하원의장"
반납,302,6,13,11,"을 반납하였, 를 반납하였, 를 반납했다, 을 반납하면서, 을 반납하고, 를 반납하고, 로 반납하겠, 로 반납할것, 을 반납했다, 를 반납하는, 에 반납했다"
공표,301,9,13,11,"을 공표하여, 을 공표하였, 를 공표했다, 을 공표했다, 을 공표한다, 에 공표하였, 를 공표하였, 을 공표한혐의, 을 공표하는, 을 공표하고, 을 공표하지"
고민,300,9,14,16,"를 고민하던, 을 고민하던, 를 고민하는, 을 고민하다가, 을 고민한다, 에 고민하고, 이 고민하고, 을 고민하고, 로 고민하고, 를 고민했다, 을 고민하는, 에 고민하던, 를 고민하기, 에 고민하는, 를 고민하고, 으로 고민하는"
종군,300,6,10,10,"에 종군하였, 에 종군하여, 에 종군하고, 으로 종군하였, 으로 종군하여, 도 종군하였, 에 종군했다, 으로 종군했다, 에서 종군했다, 에서 종군하였"
퇴,300,1,2,2,"은 퇴한, 은 퇴함"
입상,299,4,10,12,"에 입상하여, 에 입상했다, 에 입상하였, 에 입상했고, 에 입상하면서, 에 입상하는, 에서 입상하였, 에 입상하였으며, 에 입상하며, 에서 입상하여, 에서 입상했다, 로 입상하였"
거,298,6,5,8,"서 거하, 의 거해, 의 거한, 에 거하, 의 거함, 은 거한, 은 거하, 은 거했"
유혹,297,4,9,12,"을 유혹하는, 를 유혹하기, 를 유혹하는, 을 유혹하여, 를 유혹하려고, 을 유혹한다, 를 유혹하고, 을 유혹하기, 을 유혹하고, 를 유혹하여, 를 유혹하려, 를 유혹한다"
선동,296,4,11,10,"을 선동하여, 을 선동하는, 을 선동하였, 을 선동했다, 을 선동하기, 을 선동하고, 를 선동하는, 을 선동했다는, 를 선동하여, 을 선동한혐의"
새,295,14,3,13,"이 새해, 을 새해, 의 새해, 으로 새해, 에서 새해, 과 새해, 에 새해, 는 새해, 가 새해, 와 새해, 에게 새해, 은 새해, 부터 새해"
필적,295,3,6,5,"에 필적하는, 에 필적한다, 에 필적할정도, 에 필적할만, 에 필적할만큼"
변형,294,5,12,15,"를 변형한것, 로 변형하여, 를 변형하여, 로 변형한다, 을 변형하여, 을 변형한것, 로 변형하는, 을 변형하는, 으로 변형할수, 으로 변형한다, 를 변형하는, 으로 변형하는, 으로 변형하여, 로 변형할수, 을 변형할수"
위대,294,17,32,20,"의 위대한승리, 의 위대한지도자, 의 위대한업적, 의 위대한시인, 의 위대한유산, 과 위대한탄생, 의 위대함을, 의 위대함은, 의 위대한힘, 의 위대함과, 의 위대한스승, 의 위대한작품, 의 위대한도전, 은 위대하다, 는 위대하시, 의 위대한조국, 의 위대함에, 의 위대한선수, 의 위대한모험, 가 위대하지"
타개,292,2,6,6,"을 타개하기, 를 타개하기, 을 타개하는, 을 타개하고, 을 타개하고자, 를 타개하고자"
봉사,292,10,11,13,"에게 봉사하는, 에 봉사하고, 에 봉사하는, 로 봉사했다, 으로 봉사하고, 으로 봉사하는, 에 봉사하기, 로 봉사하였, 에서 봉사하는, 으로 봉사하였, 에 봉사하였, 에 봉사할수, 으로 봉사했다"
기묘,291,7,4,3,"의 기묘한모험, 의 기묘한이야기, 의 기묘한여행"
확신,291,7,11,12,"을 확신할수, 으로 확신하고, 을 확신하였, 를 확신하게, 을 확신했다, 을 확신하게, 는 확신할수, 을 확신하고, 을 확신한다, 을 확신하는, 를 확신하고, 을 확신하며"
입국,290,6,14,11,"에 입국하였, 에 입국했다, 에 입국할때, 에 입국할수, 에 입국하는, 으로 입국하였, 에 입국하여, 에 입국하기, 에 입국하지, 으로 입국하는, 에서 입국하는"
청산,290,2,8,8,"을 청산하고, 를 청산하고, 를 청산하는, 을 청산하기, 을 청산하는, 를 청산했다, 를 청산하기, 을 청산했다"
거론,290,6,13,11,"을 거론하며, 를 거론하며, 을 거론한다, 을 거론하지, 을 거론하는, 를 거론하고, 을 거론하면서, 를 거론하면서, 를 거론했다, 을 거론하였, 을 거론했다"
부유,290,16,28,17,"로 부유한사람, 는 부유한상인, 의 부유한가정, 의 부유한상인, 의 부유하고, 을 부유하게, 의 부유한귀족, 은 부유하고, 의 부유한집안, 는 부유한집안, 으로 부유하고, 에서 부유한상인, 에 부유하는, 이 부유하고, 은 부유한사람, 의 부유한가문, 는 부유하고"
정박,290,6,10,10,"에 정박해있, 에 정박하였, 가 정박할수, 에 정박했다, 에 정박하고, 이 정박할수, 에 정박하는, 이 정박해있, 에 정박하여, 가 정박해있"
인솔,289,4,3,7,"을 인솔하여, 가 인솔하는, 을 인솔하고, 를 인솔하고, 를 인솔하여, 이 인솔하는, 을 인솔하는"
봉안,289,3,9,11,"을 봉안하는, 에 봉안하고, 에 봉안하였, 를 봉안하고, 을 봉안하고, 를 봉안하였, 을 봉안하였, 를 봉안하기, 에 봉안하기, 을 봉안하기, 를 봉안하는"
연락,288,10,12,14,"에게 연락했다, 에게 연락하여, 과 연락하며, 에 연락하는, 과 연락하는, 에 연락하여, 과 연락하여, 와 연락하여, 에게 연락하고, 와 연락하는, 로 연락하고, 에 연락했다, 를 연락하는, 에 연락하기"
호응,288,9,8,8,"이 호응하여, 에 호응하는, 에 호응하지, 에 호응하여, 에 호응하기, 에 호응하고, 에 호응하였, 에 호응했다"
전속,288,5,5,11,"에 전속했다, 에 전속하여, 으로 전속하여, 로 전속함, 으로 전속하였, 에 전속하였, 로 전속하였, 으로 전속하고, 로 전속하고, 가 전속하였, 대로 전속하였"
모면,287,4,8,12,"을 모면할수, 은 모면하였, 을 모면하기, 를 모면하였, 를 모면할수, 를 모면하고, 을 모면하고, 을 모면하였, 를 모면한다, 을 모면했다, 를 모면하기, 를 모면했다"
양,286,15,4,11,"는 양전하, 은 양전하, 의 양전하, 에 양해, 가 양전하, 에 양전하, 을 양해, 의 양해, 에게 양해, 이 양전하, 과 양해"
침범,286,8,15,12,"을 침범하지, 을 침범하여, 를 침범하는, 를 침범하였, 을 침범하였, 을 침범하자, 를 침범하고, 을 침범하고, 을 침범하는, 를 침범하여, 을 침범했다, 를 침범하지"
자,286,14,5,12,"이 자해, 의 자연재해, 이나 자연재해, 는 자연재해, 가 자해, 은 자연재해, 의 자해, 은 자해, 는 자해, 에서 자해, 의 자매함, 가 자하"
진술,285,12,10,10,"을 진술하였, 고 진술했다, 고 진술하였, 을 진술했다, 라고 진술했다, 라고 진술하였, 으로 진술하였, 을 진술하는, 을 진술하고, 을 진술할수"
수사,285,7,15,13,"을 수사하기, 를 수사하는, 을 수사해온, 을 수사하였, 을 수사했다, 을 수사하여, 을 수사하는, 을 수사하고, 을 수사하던, 을 수사했던, 을 수사하면서, 을 수사한다, 를 수사하고"
쟁취,285,3,11,14,"를 쟁취하기, 을 쟁취하기, 을 쟁취하는, 을 쟁취하여, 을 쟁취했다, 를 쟁취하고, 를 쟁취하였, 를 쟁취했다, 을 쟁취하려는, 을 쟁취하였, 를 쟁취하며, 을 쟁취한다, 를 쟁취하는, 을 쟁취할수"
정립,284,6,9,9,"을 정립하였, 을 정립하기, 를 정립하기, 를 정립하는, 을 정립하는, 를 정립하였, 을 정립했다, 를 정립하고, 을 정립하고"
상세,284,16,8,10,"의 상세한내용, 에서 상세하게, 로 상세하게, 을 상세하게, 가 상세하게, 이 상세하게, 를 상세하게, 에 상세하게, 도 상세하게, 으로 상세하게"
되풀이,284,6,10,13,"을 되풀이하였, 을 되풀이했다, 을 되풀이하여, 을 되풀이하고, 을 되풀이하는, 를 되풀이하여, 을 되풀이하며, 을 되풀이한다, 을 되풀이하지, 를 되풀이하지, 를 되풀이하였, 를 되풀이하는, 를 되풀이하고"
칠,283,7,15,12,"으로 칠해졌다, 을 칠하는, 으로 칠하는, 을 칠하, 으로 칠했다, 으로 칠하여, 를 칠한, 를 칠하, 을 칠할수, 으로 칠할수, 으로 칠한, 으로 칠하고"
간파,283,3,8,9,"을 간파하였, 을 간파하고, 을 간파하는, 을 간파했다, 를 간파하고, 을 간파할수, 을 간파하여, 를 간파하는, 을 간파한다"
신축,283,5,8,13,"을 신축하여, 에 신축하여, 을 신축하였, 을 신축하는, 을 신축하면서, 를 신축하여, 를 신축하고, 을 신축했다, 를 신축하면서, 을 신축하기, 를 신축하였, 을 신축하고, 를 신축하는"
수신,282,7,10,11,"을 수신하기, 을 수신하고, 를 수신하는, 를 수신하여, 를 수신하고, 을 수신할수, 을 수신하는, 를 수신할수, 를 수신하기, 를 수신한다, 을 수신하여"
업로드,282,6,12,17,"을 업로드하였, 을 업로드했다, 에 업로드할수, 을 업로드할수, 를 업로드했다, 에 업로드하고, 에 업로드하였, 를 업로드하고, 을 업로드하는, 에 업로드했다, 를 업로드할수, 을 업로드하여, 을 업로드하며, 를 업로드하는, 을 업로드한다, 을 업로드하고, 에 업로드하는"
협상,282,7,11,14,"을 협상하는, 과 협상하여, 와 협상하여, 를 협상하는, 을 협상할수, 을 협상했다, 을 협상하였, 을 협상하기, 을 협상하고, 를 협상하기, 과 협상하였, 과 협상하는, 과 협상하고, 과 협상하기"
괴,282,9,3,10,"가 괴한, 이 괴한, 에서 괴한, 에 괴로워했, 로 괴로워하, 에 괴한, 에 괴로워하, 의 괴한, 으로 괴로워하, 는 괴한"
보증,281,5,9,10,"를 보증하는, 을 보증하지, 을 보증하고, 을 보증하였, 을 보증할수, 을 보증하기, 를 보증하였, 을 보증하는, 을 보증한다, 를 보증하기"
복수,281,6,12,10,"에게 복수하기, 에게 복수하고, 에 복수하기, 에게 복수하는, 을 복수하기, 에게 복수하려, 에게 복수하겠, 에게 복수할것, 에게 복수하려고, 에게 복수하려는"
의결,280,6,8,11,"을 의결했다, 을 의결하였, 로 의결하였, 을 의결하고, 를 의결했다, 을 의결하는, 으로 의결한다, 를 의결하였, 을 의결하여, 로 의결했다, 을 의결했고"
정교,280,15,10,13,"의 정교함과, 을 정교하게, 는 정교하게, 이 정교하게, 이 정교하고, 를 정교하게, 가 정교하게, 으로 정교하게, 은 정교하게, 는 정교하고, 에 정교하게, 로 정교하게, 이 정교한반면"
분분,280,3,7,4,"이 분분하다, 이 분분하지만, 이 분분했다, 이 분분하였"
굴,280,3,2,3,"도 굴하, 에 굴하, 는 굴하지"
즈음,279,3,3,5,"에 즈음하여, 을 즈음하여, 를 즈음하여, 에 즈음해,, 에 즈음해서는"
맞,277,3,1,3,"를 맞이해, 을 맞이해, 로 맞이해"
발착,277,6,4,10,"에서 발착한다, 에서 발착하는, 가 발착하고, 가 발착하는, 이 발착한다, 을 발착하는, 가 발착한다, 에 발착하는, 에 발착한다, 이 발착하는"
피력,276,2,8,9,"를 피력했다, 을 피력했다, 를 피력하였, 을 피력하였, 을 피력하며, 을 피력한다, 을 피력하기, 을 피력하고, 을 피력하는"
체험,276,7,12,10,"를 체험할수, 을 체험할수, 를 체험하는, 를 체험하고, 을 체험한다, 을 체험하는, 을 체험하게, 을 체험하고, 를 체험하였, 를 체험했다"
대동,275,4,5,4,"을 대동하여, 을 대동하고, 를 대동하고, 를 대동하여"
축적,275,6,11,13,"을 축적할수, 을 축적했다, 을 축적하여, 을 축적하는, 를 축적했다, 를 축적하기, 을 축적하고, 를 축적할수, 을 축적하였, 를 축적하였, 를 축적하여, 를 축적하는, 를 축적하고"
포획,275,8,11,14,"를 포획하는, 을 포획하고, 을 포획하였, 를 포획하였, 를 포획하기, 을 포획하기, 을 포획할수, 를 포획하여, 를 포획하고, 을 포획하는, 를 포획한다, 을 포획하여, 를 포획할수, 를 포획했다"
가득,275,6,15,15,"로 가득하다, 로 가득했고, 가 가득하다, 이 가득하고, 이 가득하며, 이 가득했다, 로 가득했다, 이 가득한집, 으로 가득하며, 로 가득하며, 으로 가득했다, 이 가득하다, 으로 가득하다, 이 가득하여, 이 가득한들판"
헌신,275,6,12,12,"을 헌신하였, 에 헌신하는, 에 헌신하고, 에 헌신했다, 에 헌신하였, 에 헌신하여, 에게 헌신하는, 에 헌신하기, 에 헌신했던, 에 헌신하며, 에 헌신하게, 에 헌신한공로"
알현,275,2,10,11,"을 알현하고, 을 알현하여, 를 알현하여, 를 알현하는, 을 알현하는, 을 알현하기, 를 알현하였, 를 알현했다, 를 알현하기, 을 알현하였, 를 알현하고"
탐사,274,3,10,10,"를 탐사하는, 을 탐사하였, 을 탐사하고, 을 탐사하기, 을 탐사하는, 을 탐사하여, 을 탐사했다, 를 탐사하고, 를 탐사하기, 를 탐사했다"
왕성,274,14,7,17,"이 왕성하게, 도 왕성하다, 도 왕성하게, 가 왕성하게, 이 왕성하여, 에서 왕성한활동, 을 왕성하게, 이 왕성하다, 으로 왕성한활동, 로 왕성하게, 로 왕성한활동, 도 왕성한활동, 이 왕성하고, 의 왕성한활동, 으로 왕성하게, 에서 왕성하게, 이 왕성하며"
사과,272,13,13,16,"으로 사과하고, 에게 사과하고, 에게 사과했고, 에게 사과했다, 에게 사과하는, 에 사과하였, 에 사과했다, 으로 사과했다, 을 사과했다, 에게 사과하며, 을 사과하고, 에게 사과하였, 에게 사과한다, 를 사과하고, 으로 사과하였, 을 사과한다"
발산,272,10,11,14,"이 발산하는, 를 발산하고, 를 발산한다, 가 발산하는, 로 발산한다, 를 발산하는, 로 발산하는, 을 발산하는, 을 발산하며, 을 발산한다, 을 발산하여, 에서 발산하는, 은 발산한다, 는 발산한다"
토로,271,3,9,9,"을 토로하기, 을 토로했다, 을 토로하였, 을 토로하는, 고 토로했다, 을 토로한다, 을 토로했고, 을 토로하며, 을 토로하고"
강타,270,6,12,11,"을 강타하여, 를 강타하여, 를 강타했다, 을 강타하고, 을 강타했다, 를 강타하고, 를 강타하였, 를 강타했고, 를 강타하는, 을 강타했고, 을 강타하였"
굴복,270,7,9,8,"에 굴복하지, 에 굴복하여, 에 굴복하고, 에 굴복하는, 에 굴복했다, 에 굴복하였, 도 굴복하지, 에게 굴복하지"
증진,270,2,7,8,"을 증진하는, 을 증진하고, 를 증진하는, 을 증진하기, 를 증진하고, 를 증진하기, 를 증진하며, 을 증진하며"
열렬,269,12,9,6,"의 열렬한지지자, 의 열렬한지지, 를 열렬하게, 의 열렬한추종, 의 열렬한환영, 의 열렬한팬"
상정,266,7,10,13,"을 상정하여, 을 상정하였, 을 상정하고, 에 상정하였, 를 상정하고, 을 상정했다, 을 상정할수, 를 상정하여, 를 상정할수, 을 상정하지, 을 상정하는, 을 상정한다, 으로 상정하고"
심취,266,3,9,9,"에 심취했다, 에 심취하고, 에 심취하였, 에 심취하여, 에 심취하기, 에 심취했던, 에 심취하게, 에 심취해있, 에 심취했고"
장애,265,2,7,9,"을 장애하는, 를 장애하는, 을 장애함으로써, 을 장애하여, 를 장애하고, 을 장애하고, 를 장애한다, 을 장애한다, 를 장애하지"
기소,264,8,12,11,"로 기소했다, 로 기소하고, 를 기소하였, 을 기소하고, 을 기소하였, 을 기소했다, 로 기소하였, 으로 기소하였, 을 기소하는, 를 기소하는, 를 기소했다"
학습,264,8,12,13,"를 학습하는, 을 학습하였, 을 학습하는, 를 학습하고, 을 학습하고, 을 학습하게, 을 학습한다, 으로 학습하는, 을 학습할수, 으로 학습할수, 을 학습하기, 를 학습하기, 를 학습할수"
대화,262,9,10,14,"과 대화할때, 과 대화하는, 로 대화할수, 과 대화하면서, 과 대화하고, 와 대화할수, 로 대화하는, 로 대화한다, 으로 대화하는, 과 대화할수, 와 대화하기, 이 대화하는, 와 대화할때, 와 대화하는"
수복,262,5,15,12,"을 수복하였, 를 수복하기, 를 수복하고, 이 수복하였, 을 수복하고, 을 수복하기, 를 수복하였, 를 수복했다, 을 수복했다, 을 수복하여, 을 수복하는, 을 수복한공"
실험,262,7,12,11,"을 실험하는, 을 실험하여, 을 실험하고, 을 실험했다, 을 실험하기, 를 실험하고, 를 실험하는, 을 실험하였, 를 실험하기, 를 실험했다, 을 실험할수"
응답,262,9,11,13,"에 응답하여, 고 응답했다, 에 응답한다, 에 응답하기, 에 응답하는, 으로 응답했다, 에 응답하였, 에 응답할수, 에 응답하지, 에 응답했다, 는 응답하지, 로 응답하는, 에 응답하고"
해독,261,5,7,10,"를 해독하는, 를 해독하기, 를 해독하였, 를 해독할수, 를 해독하여, 을 해독할수, 를 해독하고, 을 해독하여, 을 해독하는, 을 해독하기"
인도,260,14,14,14,"으로 인도하는, 로 인도했다, 를 인도하는, 를 인도한다, 에 인도하였, 로 인도한다, 로 인도하는, 를 인도하기, 를 인도했다, 으로 인도한다, 에 인도했다, 를 인도하여, 를 인도하였, 와 인도하는"
회고,259,8,9,11,"을 회고하는, 라고 회고했다, 고 회고했다, 라고 회고하였, 를 회고하며, 을 회고했다, 고 회고하였, 을 회고하면서, 을 회고하며, 를 회고했다, 을 회고하였"
만회,259,3,11,11,"를 만회하기, 을 만회하는, 을 만회하기, 를 만회하고, 을 만회했다, 을 만회하였, 를 만회하고자, 을 만회했지만, 을 만회했고, 를 만회하려, 을 만회하고"
억울,259,12,6,10,"가 억울하게, 이 억울하게, 에 억울하게, 의 억울한죽음, 의 억울함을, 이 억울함을, 는 억울하게, 으로 억울하게, 에서 억울하게, 로 억울하게"
아닌가,259,3,3,5,"이 아닌가하는, 은 아닌가하는, 이 아닌가한다, 이 아닌가하고, 가 아닌가하는"
호투,259,5,10,10,"으로 호투하며, 으로 호투하였, 으로 호투하고, 으로 호투했다, 으로 호투했지만, 으로 호투하면서, 으로 호투했고, 으로 호투하는, 으로 호투하여, 으로 호투하였으나"
배척,258,4,8,8,"을 배척하는, 을 배척하였, 를 배척하기, 를 배척하고, 을 배척하여, 를 배척하는, 을 배척하고, 를 배척하였"
가열,258,9,11,13,"에서 가열하여, 에서 가열하면, 을 가열하여, 를 가열하면, 을 가열하면, 을 가열하고, 로 가열하여, 로 가열하면, 으로 가열하면, 를 가열하여, 을 가열하는, 으로 가열하여, 를 가열하는"
폭격,258,4,10,12,"을 폭격하여, 를 폭격하였, 를 폭격했다, 를 폭격하고, 를 폭격하는, 을 폭격하는, 을 폭격했다, 을 폭격하였, 를 폭격하기, 을 폭격하고, 을 폭격하기, 을 폭격하며"
멀리,258,3,10,13,"을 멀리하고, 을 멀리하는, 를 멀리하는, 를 멀리하였, 을 멀리할것, 을 멀리하였, 를 멀리하고, 를 멀리하게, 을 멀리하기, 을 멀리했다, 를 멀리하며, 를 멀리했다, 를 멀리한다"
도래,257,6,20,14,"가 도래하였, 가 도래하여, 가 도래했다, 가 도래하고, 이 도래하기, 가 도래하게, 가 도래하면서, 에 도래하는, 에 도래하여, 이 도래하여, 가 도래할것, 가 도래하기, 가 도래한것, 가 도래하자"
우선,257,6,9,12,"을 우선하는, 에 우선하여, 에 우선하는, 에 우선한다, 을 우선하여, 를 우선하여, 보다 우선한다, 보다 우선하는, 을 우선하기, 을 우선하고, 보다 우선하여, 를 우선하는"
감수,257,7,15,13,"을 감수해야하, 을 감수하는, 을 감수하고, 을 감수하였, 을 감수하면서, 을 감수하며, 를 감수하고, 을 감수하기, 을 감수해야했, 을 감수하지, 을 감수한다, 을 감수해야한다, 을 감수할수"
중재,257,6,10,13,"를 중재했다, 을 중재했다, 을 중재하려, 을 중재하는, 를 중재하여, 의 중재하에, 를 중재하는, 을 중재하였, 를 중재하기, 을 중재하고, 을 중재하여, 을 중재하기, 을 중재한다"
증득,257,4,11,11,"을 증득하게, 를 증득하는, 을 증득하기, 를 증득하게, 을 증득한상태, 을 증득하여, 을 증득하지, 를 증득한상태, 를 증득한성자, 을 증득하는, 을 증득하였"
탈피,256,4,11,10,"에서 탈피하고자, 을 탈피하여, 에서 탈피하여, 을 탈피하고, 을 탈피하지, 를 탈피하기, 를 탈피하여, 에서 탈피하는, 에서 탈피하기, 를 탈피하고"
간섭,256,9,8,8,"에 간섭하지, 에 간섭하고, 에 간섭하였, 에 간섭하는, 에 간섭할수, 에 간섭하여, 에 간섭한사실, 에 간섭하기"
탈바꿈,256,2,9,9,"로 탈바꿈하여, 으로 탈바꿈하였, 로 탈바꿈하게, 로 탈바꿈하였, 로 탈바꿈했다, 으로 탈바꿈했다, 로 탈바꿈하고, 로 탈바꿈하는, 으로 탈바꿈하는"
어시스트,256,1,7,7,"을 어시스트하며, 을 어시스트하면서, 을 어시스트했다, 을 어시스트하여, 을 어시스트하는, 을 어시스트했고, 을 어시스트하였"
명확히,254,2,9,11,"을 명확히하기, 를 명확히하기, 을 명확히했다, 을 명확히하는, 을 명확히하였, 를 명확히하였, 을 명확히하고, 를 명확히하는, 를 명확히했다, 을 명확히하여, 를 명확히하고"
등용,254,6,12,10,"을 등용하여, 를 등용하여, 를 등용할것, 을 등용하였, 을 등용했다, 를 등용하는, 을 등용하고, 를 등용하였, 을 등용하는, 를 등용하고"
거쳐야,254,2,6,8,"를 거쳐야한다, 를 거쳐야하며, 을 거쳐야한다, 를 거쳐야했다, 을 거쳐야했다, 를 거쳐야하는, 을 거쳐야하는, 을 거쳐야하며"
보전,254,3,8,9,"을 보전하고, 를 보전하고, 를 보전할수, 을 보전하기, 을 보전하는, 을 보전할수, 를 보전하기, 를 보전하는, 을 보전하였"
모니터링,254,3,8,12,"을 모니터링하고, 을 모니터링하기, 를 모니터링하는, 를 모니터링하고, 를 모니터링한다, 을 모니터링할수, 을 모니터링한다, 으로 모니터링하고, 을 모니터링하는, 를 모니터링할수, 를 모니터링하기, 으로 모니터링할수"
주선,253,4,11,12,"을 주선했다, 을 주선하기, 을 주선하는, 을 주선하고, 을 주선해주, 를 주선하는, 을 주선한다, 을 주선하였, 를 주선해주, 을 주선하여, 를 주선하였, 를 주선하며"
일관,253,5,10,13,"으로 일관했다, 로 일관했다, 로 일관하였, 로 일관하는, 으로 일관하였, 로 일관하며, 을 일관하는, 으로 일관하고, 로 일관하여, 로 일관하고, 으로 일관하는, 으로 일관하여, 으로 일관하며"
접수,253,8,11,11,"를 접수하여, 를 접수하고, 를 접수하는, 을 접수하였, 을 접수하는, 을 접수했다, 을 접수하고, 을 접수한다, 을 접수하여, 를 접수하였, 를 접수했다"
연,251,12,4,12,"만 연해, 의 연해, 의 연하, 에 연해, 을 연하, 이 연하, 를 연하, 는 연해, 보다 연하, 는 연하, 이 연해, 와 연하"
상경,251,7,7,8,"으로 상경하여, 로 상경한다, 에 상경하여, 로 상경하여, 로 상경했다, 이 상경하여, 로 상경하였, 에 상경했다"
풍자,251,3,8,11,"을 풍자한것, 를 풍자하는, 를 풍자하기, 을 풍자하기, 를 풍자하고, 을 풍자한다, 을 풍자하는, 을 풍자했다, 을 풍자하고, 를 풍자하여, 를 풍자했다"
가맹,251,5,8,12,"이 가맹하고, 에 가맹하지, 에 가맹하였, 가 가맹하고, 에 가맹하고, 에 가맹했다, 에 가맹하여, 에 가맹했으며애칭, 에 가맹하면서, 도 가맹하고, 는 가맹하지, 에 가맹했으며약칭"
운송,249,6,10,9,"을 운송하는, 을 운송하였, 을 운송했다, 로 운송하는, 을 운송하기, 을 운송할수, 를 운송하기, 를 운송하는, 으로 운송하는"
선전,249,13,12,12,"를 선전하기, 을 선전하는, 을 선전했다, 을 선전하기, 를 선전하는, 을 선전하였, 으로 선전했다, 을 선전하고, 으로 선전하는, 를 선전했다, 에서 선전했다, 로 선전했다"
다운로드,249,6,7,12,"로 다운로드할수, 을 다운로드할수, 을 다운로드하여, 으로 다운로드할수, 로 다운로드하여, 를 다운로드할수, 을 다운로드하기, 을 다운로드하는, 을 다운로드하고, 에서 다운로드할수, 를 다운로드하여, 를 다운로드하고"
입장,248,8,11,15,"에 입장할때, 에 입장한다, 에 입장하고, 에 입장했다, 이 입장하였, 로 입장할수, 에 입장할수, 이 입장했다, 에 입장하는, 에 입장하였, 이 입장하여, 만 입장할수, 이 입장하는, 이 입장할때, 에 입장하기"
극심,248,14,28,16,"가 극심하였, 의 극심한반대, 이 극심해지, 이 극심하여, 가 극심하여, 의 극심한반발, 이 극심했다, 의 극심한부진, 가 극심했던, 가 극심해지, 이 극심하게, 로 극심한부진, 이 극심하였, 가 극심하게, 가 극심했다, 에 극심한피해"
추산,248,5,9,7,"으로 추산한다, 로 추산하였, 으로 추산했다, 로 추산하고, 으로 추산하고, 로 추산했다, 으로 추산하였"
발의,247,6,9,9,"을 발의하고, 을 발의했다, 을 발의하였, 을 발의했고, 을 발의하여, 을 발의함으로써, 이 발의하여, 을 발의할수, 을 발의하였으나"
반포,247,6,7,9,"에 반포하였, 를 반포하여, 을 반포하고, 을 반포하였, 을 반포하여, 을 반포했다, 을 반포하였으며, 를 반포하고, 를 반포하였"
퇴역,247,10,10,14,"가 퇴역하였, 에서 퇴역했다, 으로 퇴역하였, 로 퇴역했다, 에서 퇴역하여, 으로 퇴역했다, 에 퇴역했다, 에서 퇴역하였, 이 퇴역하였, 이 퇴역했다, 는 퇴역하였, 에 퇴역하여, 에 퇴역하였, 에 퇴역하고"
천명,246,6,8,9,"을 천명하였, 를 천명하고, 를 천명하였, 을 천명하고, 을 천명했다, 을 천명한것, 를 천명했다, 을 천명하는, 을 천명하며"
통행,246,10,5,7,"를 통행하는, 이 통행할수, 을 통행하는, 은 통행할수, 는 통행할수, 만 통행할수, 이 통행하는"
검출,245,6,7,10,"를 검출하기, 을 검출하는, 를 검출하는, 를 검출한다, 을 검출한다, 을 검출할수, 를 검출하여, 을 검출하기, 으로 검출할수, 를 검출할수"
의도,245,11,10,16,"가 의도하지, 이 의도하는, 가 의도한대로, 이 의도하지, 을 의도한것, 가 의도하는, 을 의도하고, 을 의도하지, 가 의도했던, 를 의도한것, 을 의도하는, 을 의도했다, 이 의도한것, 의 의도하지, 가 의도한것, 은 의도하지"
단념,244,5,7,6,"을 단념하고, 를 단념하고, 을 단념하였, 을 단념하게, 을 단념했다, 를 단념했다"
각,243,11,2,11,"에서 각하, 을 각하, 이 각하, 는 각하, 로 각하, 으로 각하, 은 각하, 를 각하, 가 각하, 의 각하, 에 각하"
견지,241,2,9,11,"를 견지하고, 을 견지하고, 를 견지했다, 을 견지하였, 을 견지하는, 를 견지하였, 을 견지했다, 을 견지하면서, 를 견지하는, 을 견지하며, 을 견지한다"
칭송,241,8,9,9,"을 칭송했다, 을 칭송하기, 을 칭송하는, 을 칭송하며, 를 칭송하는, 을 칭송하고, 을 칭송하여, 을 칭송하였, 를 칭송하였"
송출,241,8,10,12,"에서 송출하는, 을 송출하고, 를 송출하고, 을 송출하는, 을 송출하였, 으로 송출하고, 을 송출하기, 에 송출하는, 를 송출하는, 를 송출했다, 을 송출한다, 을 송출했다"
증언,240,11,10,11,"고 증언하였, 고 증언했다, 을 증언하고, 라고 증언했다, 라고 증언하였, 을 증언한다, 고 증언한바, 에서 증언했다, 을 증언하는, 을 증언하였, 을 증언했다"
경과,240,4,16,12,"이 경과하면, 이 경과한후, 이 경과하여, 이 경과하고, 이 경과하지, 을 경과하지, 이 경과한뒤, 이 경과함에, 을 경과하면, 이 경과할때, 이 경과했을, 이 경과하면서"
초빙,239,7,7,8,"를 초빙하여, 을 초빙하여, 로 초빙하여, 을 초빙하였, 으로 초빙하여, 로 초빙했다, 로 초빙하였, 를 초빙했다"
무리,239,15,2,9,"가 무리하게, 는 무리하게, 을 무리하게, 에 무리하게, 를 무리하게, 의 무리한요구, 이 무리하게, 에서 무리하게, 으로 무리하게"
점검,238,3,9,9,"을 점검하고, 을 점검하며, 을 점검하는, 를 점검하고, 을 점검하였, 을 점검한다, 을 점검하기, 를 점검하는, 을 점검했다"
느슨,237,14,4,12,"를 느슨하게, 로 느슨하게, 으로 느슨하게, 가 느슨하게, 이 느슨해지, 는 느슨하게, 을 느슨하게, 은 느슨하게, 에 느슨하게, 가 느슨해지, 과 느슨하게, 이 느슨하게"
압,236,8,3,11,"의 압하지, 는 압하지, 은 압하지야, 는 압하지야, 에 압하지, 이 압하지야, 에 압하지야, 은 압하지, 이 압하지, 가 압하지, 와 압하지"
생생,236,13,6,5,"에 생생하게, 를 생생하게, 을 생생하게, 이 생생하게, 의 생생한모습"
종착,236,3,9,9,"에 종착하는, 에서 종착한다, 에서 종착하는, 에서 종착하고, 에 종착한다, 에 종착하게, 에서 종착하였, 에 종착하였, 에서 종착했다"
공고히,235,2,7,10,"을 공고히하고, 을 공고히하는, 를 공고히하는, 을 공고히하였, 를 공고히하였, 를 공고히하고, 를 공고히하기, 를 공고히했다, 을 공고히했다, 을 공고히하기"
판별,235,4,9,11,"를 판별할수, 을 판별할수, 를 판별하는, 을 판별한다, 을 판별하기, 을 판별하는, 을 판별하여, 를 판별하기, 을 판별하고, 를 판별한다三性門, 를 판별한다假"
모호,234,11,16,14,"은 모호하다, 을 모호하게, 이 모호해지, 이 모호하여, 이 모호하고, 의 모호한대상, 이 모호하다, 가 모호해졌다, 의 모호함을, 를 모호하게, 가 모호하다, 가 모호해지, 는 모호하게, 는 모호하다"
상소,234,6,6,9,"을 상소하였, 이 상소하여, 가 상소하여, 을 상소했다, 을 상소하여, 을 상소하였으나, 에게 상소하여, 을 상소하고, 를 상소하였"
건전,233,11,8,6,"의 건전한발전, 의 건전하지, 의 건전한발달, 의 건전한육성, 이 건전하게, 의 건전한성장"
패러디,233,4,12,13,"을 패러디하여, 를 패러디한', 를 패러디하여, 를 패러디한것, 을 패러디한것, 을 패러디한', 를 패러디했다, 을 패러디하였, 을 패러디하는, 를 패러디하였, 을 패러디했다, 을 패러디했으며,, 를 패러디했으며,"
안전,232,17,15,13,"에서 안전하게, 으로 안전하다, 으로 안전한것, 의 안전한생활, 에서 안전한가?, 이 안전하다는, 을 안전한곳, 에게 안전하지, 에 안전하다, 를 안전한곳, 에 안전한것, 의 안전하고, 은 안전한것"
대피,232,11,15,10,"이 대피하는, 이 대피하였, 으로 대피했다, 이 대피하고, 으로 대피하였, 로 대피하였, 로 대피하는, 이 대피했다, 로 대피했다, 을 대피하는"
액세스,232,7,7,8,"에 액세스하는, 에 액세스할수, 에 액세스하여, 에 액세스하기, 에 액세스하고, 으로 액세스할수, 에서 액세스할수, 만 액세스할수"
통폐합,231,6,7,8,"으로 통폐합하였, 을 통폐합하여, 를 통폐합하여, 로 통폐합하였, 을 통폐합하면서, 에 통폐합했다, 을 통폐합했다, 을 통폐합했다가"
유의,231,9,12,9,"에 유의해야한다, 에 유의하여야, 에 유의하는, 에 유의하여, 에 유의할필요, 을 유의해야한다, 에 유의하자, 에 유의하라, 이 유의하게"
평균,230,5,5,7,"를 평균하였, 를 평균하여, 을 평균하여, 을 평균하였, 를 평균하면서, 를 평균하고, 를 평균하는"
합동,230,7,3,5,"으로 합동하였, 으로 합동하고, 에 합동하였, 이 합동하여, 과 합동하여"
강제,229,11,16,10,"을 강제하여, 을 강제하지, 을 강제하는, 를 강제하는, 을 강제하고, 을 강제할수, 를 강제해산하, 을 강제하기, 를 강제할수, 으로 강제하는"
요격,229,7,7,11,"을 요격하는, 을 요격했다, 을 요격하기, 를 요격하는, 을 요격할수, 를 요격했다, 를 요격할수, 를 요격하기, 을 요격한다, 을 요격하고, 에서 요격하는"
단축,229,5,9,10,"으로 단축할수, 을 단축하여, 을 단축하기, 을 단축하였, 을 단축하는, 을 단축하고, 으로 단축하였, 을 단축할수, 로 단축하였, 으로 단축하여"
창시,228,5,9,9,"을 창시했다, 을 창시한것, 가 창시하였, 을 창시하였, 을 창시하여, 을 창시하고, 를 창시했다, 를 창시하였, 를 창시하여"
은폐,228,4,10,9,"을 은폐하고, 을 은폐하기, 을 은폐하려, 을 은폐하려는, 를 은폐하는, 을 은폐했다, 을 은폐하는, 를 은폐하기, 를 은폐하고"
타계,227,7,8,8,"로 타계했다, 에 타계하였, 로 타계하였, 에 타계할때, 으로 타계하였, 으로 타계했다, 에 타계했다, 에서 타계했다"
공,227,12,6,10,"은 공해, 와 공해, 는 공해, 에 공해, 에서 공해, 과 공해, 의 공해, 이 공해, 으로 공해, 에 공하는"
결탁,227,4,6,4,"와 결탁하여, 과 결탁하여, 와 결탁하고, 과 결탁하고"
발병,226,10,11,13,"이 발병하였, 에게 발병하는, 이 발병하여, 에서 발병한다, 이 발병할수, 으로 발병하는, 에 발병한다, 이 발병했다, 에 발병하는, 이 발병한다, 에서 발병하는, 이 발병하는, 도 발병할수"
겨냥,225,2,6,7,"을 겨냥하여, 을 겨냥한것, 를 겨냥하여, 을 겨냥하는, 을 겨냥하고, 을 겨냥하기, 를 겨냥한것"
부적절,225,13,13,14,"은 부적절하다, 이 부적절하다는, 이 부적절하다고, 를 부적절하게, 을 부적절하게, 는 부적절하다고, 은 부적절하며, 은 부적절하다는, 의 부적절한관계, 은 부적절하다고, 는 부적절하다는, 의 부적절한발언, 에 부적절한내용, 이 부적절하게"
창업,225,8,8,11,"를 창업했다, 를 창업하였, 을 창업하였, 가 창업했다, 을 창업하여, 를 창업하여, 을 창업한대한민국, 가 창업하였, 을 창업했다, 으로 창업하였, 를 창업하고"
불복,223,4,7,6,"에 불복하고, 에 불복하여, 에 불복해항소, 에 불복하며, 에 불복하는, 에 불복해무"
개점,222,7,6,8,"으로 개점하였, 에 개점했다, 에 개점하였, 에 개점하였으나, 을 개점하였, 에 개점하였으며, 을 개점했다, 를 개점했다"
등단,219,4,6,8,"에 등단하였, 에 등단했다, 로 등단하였, 로 등단했다, 으로 등단했다, 으로 등단하였, 도 등단하였, 으로 등단했으며,"
투구,219,9,10,9,"을 투구하는, 으로 투구하였, 를 투구하였, 을 투구하였, 을 투구하여, 을 투구하고, 의 투구한이닝, 의 투구한회, 에서 투구하였"
수비,217,5,6,10,"을 수비하는, 를 수비하던, 을 수비하고, 을 수비했다, 을 수비하던, 를 수비하고, 을 수비하기, 를 수비하기, 을 수비하였, 를 수비하는"
항거,216,3,9,9,"에 항거하는, 에 항거하여, 에 항거하다가, 에 항거하다, 에 항거했던, 에 항거하며, 에 항거하고, 에 항거하였, 에 항거하기"
깨끗,216,16,6,8,"을 깨끗하게, 는 깨끗하고, 이 깨끗하게, 은 깨끗하고, 를 깨끗하게, 는 깨끗하게, 이 깨끗하고, 는 깨끗한물"
석방,216,5,10,11,"을 석방하는, 을 석방할것, 를 석방하는, 를 석방하였, 을 석방했다, 을 석방하기, 을 석방하고, 을 석방하였, 를 석방하고, 를 석방할것, 를 석방했다"
대회,216,1,4,4,"도 대회한국실업, 도 대회한국중, 도 대회한국초등, 도 대회한국여성"
클릭,215,2,7,5,"를 클릭할때, 을 클릭하여, 을 클릭하면, 를 클릭하면, 를 클릭하여"
숙청,215,4,9,10,"을 숙청하고, 을 숙청하였, 을 숙청하여, 을 숙청하는, 을 숙청했다, 을 숙청하기, 를 숙청하였, 를 숙청하는, 를 숙청하고, 를 숙청하기"
임신,215,11,24,12,"를 임신하고, 를 임신했을, 를 임신한상태, 가 임신하자, 를 임신한것, 를 임신하게, 이 임신했다는, 를 임신하였, 를 임신했다는, 를 임신했다고, 를 임신했다, 에 임신한암컷"
합세,215,7,4,8,"에 합세하여, 와 합세하여, 이 합세하여, 과 합세하여, 에 합세하였, 가 합세하여, 과 합세하였, 에 합세했다"
합작,215,8,3,5,"과 합작하여, 가 합작하여, 와 합작하여, 을 합작했다, 이 합작하여"
타도,215,2,6,6,"를 타도하기, 을 타도하고, 를 타도하고, 을 타도하는, 을 타도하기, 를 타도하는"
추증,215,5,5,10,"을 추증하고, 에 추증하고, 으로 추증하였, 에 추증하였, 를 추증하고, 로 추증하였, 으로 추증하고, 를 추증하였, 로 추증하고, 을 추증하였"
급습,215,5,8,8,"을 급습하여, 를 급습하여, 를 급습했다, 을 급습하고, 를 급습하였, 을 급습하였, 을 급습하는, 을 급습했다"
총애,215,6,9,11,"를 총애하여, 를 총애하였, 가 총애하던, 을 총애하여, 을 총애하였, 이 총애하던, 를 총애하고, 가 총애하는, 이 총애하는, 의 총애하는, 를 총애하게"
평평,213,12,11,11,"는 평평하고, 가 평평하고, 은 평평하고, 은 평평하다, 을 평평하게, 이 평평하게, 에 평평하게, 으로 평평하고, 를 평평하게, 는 평평하다, 이 평평하고"
상속,213,6,9,13,"을 상속하는, 을 상속했다, 을 상속하였, 을 상속한다, 을 상속하게, 를 상속하는, 를 상속하였, 을 상속하고, 이 상속하는, 가 상속하여, 가 상속했다, 를 상속했다, 이 상속하면서"
수색,213,3,11,11,"을 수색하였, 를 수색하는, 을 수색하고, 을 수색했다, 을 수색하여, 을 수색하던, 을 수색하기, 를 수색하던, 을 수색하는, 를 수색하기, 를 수색하여"
보수,213,6,8,12,"을 보수하여, 를 보수하고, 을 보수하고, 을 보수하기, 을 보수했다, 를 보수하여, 을 보수하였, 를 보수하였, 을 보수하는, 를 보수하는, 에 보수하였, 에 보수한것"
매개,212,5,4,5,"을 매개하는, 가 매개하는, 이 매개하는, 를 매개하는, 을 매개한다"
폐위,212,3,6,5,"을 폐위하고, 를 폐위하고, 를 폐위하여, 를 폐위했다, 을 폐위하여"
저조,212,12,17,12,"로 저조한성적, 이 저조하여, 이 저조하자, 의 저조한성적, 이 저조했던, 은 저조했다, 으로 저조한성적, 이 저조했다, 의 저조한기록, 는 저조한성적, 의 저조한시청, 는 저조했다"
시찰,212,2,11,8,"을 시찰했다, 을 시찰하고, 을 시찰하였, 를 시찰하고, 를 시찰하였, 를 시찰했다, 을 시찰하는, 을 시찰하기"
발령,212,5,7,8,"를 발령하여, 를 발령했다, 를 발령하였, 을 발령하였, 를 발령하는, 를 발령했고, 를 발령하고, 을 발령했다"
편안,212,16,6,10,"을 편안하게, 를 편안하게, 은 편안하게, 이 편안하게, 에서 편안하게, 가 편안하게, 의 편안함을, 에 편안하게, 의 편안함과, 과 편안함을"
감사,210,11,18,10,"에게 감사하는, 에 감사하며, 에게 감사하고, 에 감사하는, 을 감사하는, 에게 감사한다, 에 감사하고, 에 감사한다, 을 감사하고, 에게 감사하다"
해고,210,5,9,9,"를 해고하고, 을 해고하였, 을 해고하고, 를 해고하였, 을 해고했다, 를 해고했다, 을 해고하는, 를 해고한다, 를 해고하지"
철폐,210,2,7,10,"을 철폐하기, 를 철폐하는, 를 철폐하였, 을 철폐하고, 을 철폐하였, 를 철폐하고, 을 철폐하여, 을 철폐하는, 를 철폐하기, 을 철폐했다"
정밀,210,13,5,7,"에 정밀하게, 으로 정밀하게, 의 정밀한측정, 이 정밀하게, 를 정밀하게, 을 정밀하게, 로 정밀하게"
낭독,210,4,8,9,"을 낭독하였, 을 낭독하고, 를 낭독했다, 를 낭독하였, 을 낭독하는, 를 낭독하고, 을 낭독한다, 를 낭독하는, 을 낭독했다"
발현,210,9,10,12,"를 발현한다, 를 발현하고, 를 발현하지, 가 발현하는, 을 발현할수, 을 발현하여, 을 발현한다, 을 발현하는, 를 발현하는, 을 발현하고, 를 발현하여, 에서 발현하는"
충성,210,3,9,9,"에 충성하던, 에게 충성하는, 에 충성하지, 에 충성하고, 에 충성하는, 에 충성하였, 에게 충성하던, 에게 충성하고, 에 충성했다"
연속,209,13,13,7,"은 연속함수이, 는 연속함수이, 가 연속함수이, 의 연속함수, 의 연속함수에, 과 연속함수의, 의 연속함수의"
팽창,209,9,11,12,"이 팽창하면서, 이 팽창하여, 가 팽창하는, 가 팽창하고, 가 팽창하면서, 로 팽창하였, 으로 팽창하는, 가 팽창함에, 이 팽창하고, 이 팽창하는, 으로 팽창하여, 가 팽창하여"
제고,209,2,7,7,"을 제고하기, 을 제고하는, 을 제고하고, 를 제고하고, 를 제고하기, 을 제고할수, 를 제고하는"
발돋움,209,2,9,10,"로 발돋움하기, 으로 발돋움하게, 으로 발돋움하는, 으로 발돋움했다, 로 발돋움하였, 로 발돋움할수, 로 발돋움하고, 으로 발돋움하였, 로 발돋움했다, 로 발돋움하게"
도피,209,5,10,9,"으로 도피했다, 로 도피하여, 로 도피하고, 로 도피했다, 로 도피하였, 으로 도피했고, 으로 도피하는, 로 도피했고, 로 도피했다가"
치유,209,3,6,8,"을 치유할수, 를 치유할수, 을 치유하는, 을 치유하고, 을 치유하기, 를 치유하는, 를 치유하고, 를 치유하기"
폭행,208,4,10,10,"을 폭행하였, 를 폭행하는, 을 폭행하고, 를 폭행하여, 을 폭행하는, 을 폭행한사건, 을 폭행한혐의, 를 폭행한혐의, 을 폭행하여, 를 폭행하고"
다음,208,13,9,8,"는 다음해에, 은 다음해2, 은 다음해에, 부터 다음해2, 부터 다음해3, 부터 다음해1, 가 다음해에, 이 다음해에"
중대,208,12,18,7,"에 중대한위협, 에 중대한영향, 에 중대한역할, 에 중대한변화, 에 중대한기여, 의 중대한변화, 에서 중대한역할"
예견,207,4,9,10,"을 예견하였, 를 예견하였, 을 예견한것, 을 예견하고, 을 예견했다, 을 예견하는, 를 예견할수, 를 예견하고, 를 예견하는, 을 예견할수"
기고,207,6,11,11,"에 기고하는, 에 기고하고, 을 기고하기, 에 기고한', 에 기고하여, 에 기고한〈, 에 기고하였, 에 기고하기, 에 기고하면서, 을 기고하는, 라고 기고했다"
급감,207,6,9,13,"으로 급감하였, 이 급감하여, 이 급감했고, 이 급감하였, 이 급감하고, 가 급감하면서, 이 급감하면서, 이 급감하게, 가 급감하였, 가 급감하여, 으로 급감했다, 이 급감하자, 이 급감했다"
실각,207,8,12,10,"가 실각하면서, 이 실각하고, 가 실각하고, 로 실각했다, 가 실각하자, 이 실각한후, 가 실각한이후, 는 실각하고, 이 실각하자, 이 실각하면서"
열,207,7,4,4,"의 열한번, 의 열하, 의 열분해, 는 열하"
은밀,207,14,6,9,"의 은밀한매력, 에 은밀하게, 을 은밀하게, 의 은밀한사생활, 은 은밀하게, 를 은밀하게, 에서 은밀하게, 는 은밀하게, 의 은밀한관계"
선명,206,14,7,8,"에 선명하게, 이 선명하게, 가 선명하게, 를 선명하게, 을 선명하게, 이 선명하다, 이 선명하고, 이 선명하지"
협박,206,5,9,10,"을 협박하여, 을 협박하고, 를 협박하기, 을 협박하였, 을 협박했다, 를 협박하고, 를 협박하여, 를 협박하는, 을 협박하는, 를 협박한다"
예편,205,4,7,7,"로 예편하였, 으로 예편하였, 으로 예편한후, 으로 예편했다, 으로 예편하였으며, 으로 예편하여, 으로 예편한군인"
퇴임,205,10,11,12,"에서 퇴임하였, 가 퇴임하면서, 에서 퇴임했다, 에 퇴임하였, 에서 퇴임하고, 을 퇴임하고, 이 퇴임하고, 을 퇴임했다, 으로 퇴임했다, 에서 퇴임한후, 에서 퇴임한이후, 에 퇴임했다"
임대,205,8,10,12,"에 임대하여, 을 임대하여, 를 임대하여, 를 임대하는, 를 임대하고, 에 임대했다, 를 임대하기, 을 임대하는, 을 임대했다, 을 임대하였, 을 임대하고, 를 임대했다"
자제,205,5,10,11,"을 자제하고, 을 자제할것, 을 자제하였, 를 자제하고, 를 자제하는, 을 자제해달, 을 자제하기, 을 자제하라고, 을 자제했다, 을 자제하는, 를 자제해달"
협업,205,7,7,7,"와 협업하여, 과 협업하여, 과 협업하고, 가 협업하여, 과 협업하였, 와 협업했다, 와 협업하였"
침몰,205,9,14,12,"이 침몰하여, 에서 침몰하였, 에서 침몰했다, 가 침몰하여, 에 침몰하였, 가 침몰하였, 이 침몰하였, 이 침몰하고, 으로 침몰했다, 가 침몰하고, 이 침몰했다, 에 침몰했다"
출품,205,8,7,9,"을 출품하여, 에 출품하여, 에 출품했다, 을 출품하고, 을 출품하였, 를 출품하도록, 에 출품하기, 에 출품하였, 을 출품했다"
헌정,204,4,5,7,"에게 헌정했다, 에게 헌정하였, 를 헌정했다, 에게 헌정하기, 에게 헌정하는, 을 헌정하였, 을 헌정했다"
미국,204,15,21,7,"는 미국해군의, 에 미국해군의, 에 미국해군이, 은 미국해군이, 은 미국해군의, 은 미국해병대의, 는 미국해병대의"
출,204,10,2,10,"을 출하, 에 출하, 이 출하, 으로 출하, 로 출하, 를 출하, 도 출한, 의 출하, 에서 출하, 도 출하"
시인,204,5,9,9,"를 시인하였, 을 시인하는, 을 시인하고, 을 시인했다, 을 시인하였, 를 시인하고, 를 시인했다, 을 시인한것, 을 시인하면서"
가세,203,7,9,10,"에 가세하여, 도 가세하여, 까지 가세하여, 에 가세했다, 도 가세하였, 이 가세하여, 에 가세하였, 에 가세하면서, 이 가세하면서, 에 가세하고"
촉발,203,4,8,8,"을 촉발했다, 을 촉발하는, 를 촉발하는, 을 촉발한다, 을 촉발할수, 을 촉발하였, 을 촉발하여, 를 촉발했다"
탁월,202,15,20,14,"이 탁월하고, 에 탁월한재능, 에 탁월한능력, 이 탁월하며, 이 탁월하여, 에 탁월한효과, 에서 탁월한업적, 의 탁월한업적, 에 탁월한업적, 가 탁월하다, 의 탁월한능력, 이 탁월하다, 을 탁월하게, 도 탁월하다"
극찬,202,7,7,11,"라고 극찬하였, 를 극찬했다, 을 극찬했다, 을 극찬하였, 를 극찬하였, 라고 극찬했다, 고 극찬했다, 를 극찬하며, 을 극찬하는, 이라고 극찬했다, 고 극찬하였"
발동,202,7,12,12,"을 발동하여, 를 발동하여, 을 발동하였, 을 발동하고, 을 발동했다, 을 발동한다, 을 발동하는, 를 발동할수, 을 발동할수, 이 발동한다, 를 발동한다, 가 발동한다"
소모,202,2,11,12,"을 소모하는, 을 소모하여, 를 소모한다, 을 소모하고, 을 소모하게, 를 소모하여, 를 소모하고, 을 소모한다, 를 소모하는, 를 소모하지, 를 소모하며, 을 소모하며"
배상,202,5,11,8,"을 배상하라는, 을 배상하라고, 을 배상하도록, 을 배상하라, 를 배상하여야, 를 배상하는, 를 배상할책임, 를 배상한다"
전수,201,5,11,12,"을 전수했다, 을 전수해주, 을 전수하는, 에게 전수하였, 을 전수하였, 를 전수하였, 을 전수하여, 을 전수해준다, 을 전수하기, 를 전수하고, 을 전수하고, 을 전수한다"
각각,200,11,8,11,"은 각각하나의, 에 각각한개, 에 각각하나씩, 는 각각하나의, 이 각각하나씩, 을 각각하나씩, 에서 각각한번, 이 각각하나의, 에 각각한번, 을 각각하나의, 이 각각한돌"
패망,200,6,10,11,"이 패망하자, 이 패망한이후, 이 패망하고, 이 패망하기, 가 패망할때, 이 패망한후, 이 패망하면서, 가 패망하자, 가 패망하고, 가 패망하면서, 가 패망한후"
납부,200,7,17,11,"이 납부하는, 을 납부하였, 을 납부하고, 을 납부하지, 을 납부하는, 에 납부하고, 을 납부했다, 를 납부하는, 에 납부하는, 를 납부하지, 를 납부하고"
파병,200,5,9,10,"를 파병했다, 를 파병하여, 을 파병하여, 을 파병하였, 에 파병했다, 를 파병하였, 을 파병했다, 을 파병하기, 에 파병하였, 를 파병하기"
흑,199,10,6,7,"는 흑해, 와 흑해, 의 흑해연안, 은 흑해, 는 흑해,, 에서 흑해, 는 흑해연안"
용납,199,5,2,6,"을 용납할수, 를 용납하지, 를 용납할수, 을 용납하지, 도 용납하지, 은 용납할수"
가장,199,8,10,8,"으로 가장하여, 을 가장하고, 을 가장하여, 로 가장하여, 으로 가장하고, 을 가장하는, 를 가장하여, 를 가장하고"
통근,199,4,4,5,"으로 통근하는, 로 통근하는, 로 통근했다, 로 통근한다, 으로 통근했다"
타파,198,2,5,7,"을 타파하고, 를 타파하기, 을 타파하기, 를 타파하고, 을 타파하여, 를 타파하는, 을 타파하는"
당황,198,8,14,10,"은 당황하였, 는 당황한다, 에 당황하여, 는 당황했고, 을 당황하게, 은 당황하여, 를 당황하게, 는 당황하여, 도 당황하지, 에 당황하면서"
공모,198,10,8,6,"과 공모하여, 을 공모하여, 와 공모하여, 을 공모하고, 을 공모하였, 이 공모하여"
생포,198,3,8,10,"을 생포했다, 를 생포하였, 를 생포하는, 를 생포했다, 을 생포하고, 을 생포하였, 을 생포하는, 를 생포하고, 을 생포하여, 를 생포하여"
구가,197,2,11,7,"를 구가하는, 을 구가하고, 를 구가했다, 를 구가하였, 를 구가하고, 을 구가하는, 를 구가하던"
목도,197,3,6,8,"을 목도하였, 을 목도한다, 를 목도하였, 을 목도하였으며, 을 목도한그, 을 목도하고, 을 목도하게, 를 목도하였으며"
조우,196,7,10,11,"과 조우하였, 와 조우한다, 와 조우했다, 와 조우하여, 과 조우하게, 과 조우하여, 과 조우했다, 과 조우한다, 와 조우하였, 과 조우하고, 와 조우하게"
기습,196,7,7,9,"를 기습하여, 을 기습하여, 를 기습했다, 를 기습하였, 을 기습했다, 를 기습하고, 을 기습하였, 를 기습하는, 을 기습하는"
음,195,12,2,11,"는 음전하, 와 음전하, 의 음전하, 으로 음전하, 에 음전하, 은 음전하, 에서 음전하, 가 음전하, 이 음전하, 를 음해, 을 음해"
사수,195,3,9,12,"을 사수하고, 를 사수하였, 를 사수하고, 을 사수하기, 를 사수하라, 을 사수하는, 를 사수하기, 을 사수했다, 을 사수하라, 를 사수하라는, 를 사수하는, 을 사수하였"
고취,195,2,6,6,"을 고취하기, 을 고취하여, 을 고취하는, 을 고취하였, 을 고취했다, 을 고취하고"
당부,195,4,6,7,"을 당부하였, 을 당부한다, 를 당부했다, 을 당부하고, 을 당부했다, 고 당부했다, 을 당부하는"
포섭,195,5,8,9,"을 포섭하여, 을 포섭하고, 을 포섭하기, 를 포섭하여, 을 포섭하는, 을 포섭했다, 를 포섭한다, 를 포섭하기, 를 포섭하는"
배려,194,5,7,8,"을 배려하기, 을 배려하지, 을 배려하여, 을 배려하는, 를 배려하지, 을 배려하고, 를 배려하여, 를 배려하는"
치중,194,2,13,9,"에 치중했다, 에 치중하였, 에 치중하게, 에 치중하고, 에 치중하는, 에 치중하여, 에 치중한다, 만 치중했던, 만 치중하는"
친밀,194,10,8,7,"와 친밀한관계, 과 친밀한관계, 와 친밀한사이, 는 친밀한관계, 의 친밀한관계, 으로 친밀한관계, 과 친밀하게"
헌납,194,6,9,9,"을 헌납했다, 에 헌납하였, 을 헌납하고, 을 헌납하는, 을 헌납하였, 에 헌납했다, 을 헌납하며, 를 헌납하는, 을 헌납하여"
제의,193,5,11,6,"를 제의하였, 을 제의하는, 을 제의하였으나, 을 제의하였, 을 제의하기, 을 제의한다"
거의,193,10,4,4,"를 거의하지, 을 거의하지, 은 거의하지, 는 거의하지"
균일,192,11,6,10,"이 균일하고, 를 균일하게, 을 균일하게, 가 균일하게, 이 균일하게, 으로 균일하게, 이 균일하지, 은 균일하게, 에 균일하게, 로 균일하게"
융합,192,9,13,8,"와 융합하여, 을 융합하여, 가 융합하여, 이 융합하여, 을 융합하는, 를 융합하여, 과 융합하여, 를 융합하는"
동일시,192,5,11,11,"와 동일시하였, 와 동일시했다, 과 동일시했다, 과 동일시하는, 을 동일시하는, 과 동일시하고, 와 동일시하는, 과 동일시한다, 를 동일시하는, 와 동일시하고, 와 동일시한다"
소탕,192,2,6,8,"를 소탕하고, 를 소탕하였, 을 소탕하고, 을 소탕하였, 을 소탕하는, 을 소탕하기, 을 소탕했다, 를 소탕하는"
퇴치,192,2,6,7,"을 퇴치하고, 를 퇴치하는, 을 퇴치한다, 를 퇴치하고, 을 퇴치하기, 를 퇴치하기, 을 퇴치하는"
충전,191,6,8,9,"를 충전할수, 을 충전할수, 를 충전하는, 를 충전하고, 으로 충전할수, 에서 충전할수, 을 충전하는, 에 충전할수, 를 충전한다"
퇴사,191,9,7,11,"에서 퇴사하고, 에 퇴사하고, 를 퇴사하고, 를 퇴사했다, 를 퇴사하여, 를 퇴사하였, 을 퇴사하고, 에서 퇴사하였, 에서 퇴사했다, 를 퇴사한후, 에 퇴사하였"
물색,191,2,9,12,"를 물색하였, 을 물색하였, 를 물색하고, 를 물색하기, 를 물색하던, 를 물색하여, 를 물색하는, 를 물색했다, 을 물색하던, 을 물색하기, 을 물색하고, 을 물색하는"
중,191,12,9,4,"를 중지하, 을 중지하, 의 중순양함, 과 중하나이"
확고히,190,2,7,9,"를 확고히하고, 를 확고히하였, 를 확고히하기, 를 확고히했다, 을 확고히하였, 를 확고히하는, 을 확고히했다, 을 확고히하기, 을 확고히하는"
희생,190,4,10,9,"을 희생하고, 을 희생하는, 을 희생하여, 을 희생하면서, 을 희생하였, 를 희생하여, 를 희생하면서, 을 희생한다, 를 희생하는"
부양,190,4,5,8,"을 부양하는, 을 부양하기, 를 부양하기, 를 부양하는, 를 부양할수, 을 부양했다, 을 부양하고, 을 부양할수"
입양,190,7,10,11,"을 입양하여, 를 입양하는, 를 입양하여, 로 입양했다, 로 입양하였, 를 입양하였, 를 입양하고, 을 입양했다, 를 입양했다, 를 입양하기, 을 입양하였"
무성,190,7,10,9,"이 무성하다, 이 무성한곳, 이 무성하고, 이 무성하게, 만 무성할뿐, 이 무성하여, 가 무성하게, 이 무성했다, 이 무성한큰"
협재,190,3,6,5,"을 협재한다, 을 협재하는, 을 협재하지, 을 협재하기, 이 협재한다"
가공,189,9,10,8,"을 가공하는, 를 가공하는, 으로 가공하는, 를 가공하여, 으로 가공하여, 을 가공하여, 로 가공하여, 로 가공하는"
환원,189,6,9,12,"로 환원하였, 을 환원하였, 으로 환원하였, 에 환원하겠, 으로 환원하는, 로 환원했다, 에 환원하였, 에 환원하고, 로 환원할수, 로 환원하는, 으로 환원하여, 에 환원하는"
강구,189,2,11,8,"을 강구하여, 을 강구하고, 을 강구했다, 을 강구하였, 을 강구하는, 을 강구한다, 을 강구하게, 을 강구하기"
선별,189,5,7,8,"를 선별하고, 를 선별하여, 을 선별하여, 를 선별하는, 을 선별하고, 을 선별하는, 을 선별한다, 를 선별하기"
불명확,189,6,7,6,"는 불명확하지만, 는 불명확하다, 가 불명확하고, 이 불명확하다, 은 불명확하다, 도 불명확하다"
자유,189,10,1,9,"에서 자유한국당, 가 자유한국당, 이 자유한국당, 은 자유한국당, 로 자유한국당, 는 자유한국당, 과 자유한국당, 에 자유한국당, 도 자유한국당"
순교,189,7,8,7,"에서 순교했다, 로 순교하였, 에 순교하였, 으로 순교하였, 에서 순교하였, 에 순교한한국, 가 순교하던"
열거,188,6,11,10,"을 열거하였, 을 열거하면서, 을 열거한다, 을 열거하고, 을 열거하는, 를 열거하고, 을 열거했다, 을 열거하면, 에 열거하는, 에 열거한모두"
의탁,188,3,8,10,"에 의탁하여, 을 의탁한다, 을 의탁하였, 에게 의탁하고, 에게 의탁하였, 을 의탁했다, 에게 의탁했다, 을 의탁하고, 에게 의탁하여, 을 의탁하는"
복사,187,7,9,11,"을 복사하는, 을 복사하거나, 을 복사하여, 을 복사할수, 로 복사한다, 를 복사하여, 을 복사한다, 를 복사하는, 을 복사하고, 를 복사한다, 를 복사하고"
공감,187,11,11,10,"에 공감하지, 에 공감하여, 에 공감하는, 에 공감했다, 나 공감할수, 에 공감하면서, 가 공감할수, 이 공감할수, 에 공감하며, 에 공감하고"
가늠,187,2,4,7,"을 가늠하는, 를 가늠하는, 를 가늠할수, 을 가늠할수, 를 가늠하기, 을 가늠하기, 을 가늠해볼"
배반,187,5,10,6,"을 배반하고, 를 배반하고, 를 배반하는, 를 배반하여, 를 배반하지, 을 배반하는"
결장,187,11,9,11,"에 결장하였, 를 결장했다, 을 결장했고, 에 결장했다, 에 결장했고, 에 결장하게, 를 결장하게, 를 결장하였, 으로 결장하였, 을 결장하였, 는 결장했다"
관입,186,6,10,8,"을 관입하였, 을 관입하고, 에 관입한화강암, 이 관입해있, 을 관입한다, 이 관입하고, 를 관입한화강암, 으로 관입하고"
시상,186,11,10,11,"에서 시상한다, 을 시상한다, 가 시상하는, 을 시상했다, 에게 시상하는, 을 시상할때, 에서 시상하는, 을 시상하고, 에 시상하는, 부터 시상하기, 을 시상하는"
인쇄,185,7,10,10,"을 인쇄하는, 를 인쇄하여, 을 인쇄하여, 에 인쇄하는, 로 인쇄하여, 을 인쇄할수, 를 인쇄하기, 를 인쇄하고, 을 인쇄하고, 를 인쇄하는"
배열,185,6,10,13,"으로 배열하고, 를 배열하는, 으로 배열한것, 을 배열하여, 을 배열하는, 로 배열한다, 로 배열하고, 으로 배열한다, 으로 배열하여, 로 배열하여, 으로 배열하였, 으로 배열하는, 을 배열하고"
갈등,185,11,12,11,"과 갈등하게, 와 갈등하였, 과 갈등하던, 와 갈등하다가, 과 갈등하였, 와 갈등하게, 와 갈등하던, 과 갈등하다가, 에서 갈등하는, 에서 갈등한다, 에서 갈등하며"
섬세,185,14,10,9,"의 섬세하고, 이 섬세하게, 으로 섬세하게, 의 섬세한감정, 은 섬세하고, 을 섬세하게, 이 섬세하고, 를 섬세하게, 는 섬세하고"
태어났으며,185,1,1,1,에서 태어났으며할리우드에서
후회,185,6,11,9,"을 후회했다, 을 후회하며, 을 후회하고, 을 후회하였, 을 후회한다, 을 후회하지, 을 후회하는, 을 후회했다고, 에 후회하는"
주박,185,5,4,2,"이 주박한다, 가 주박하고"
순환,184,8,6,5,"이 순환하는, 으로 순환하는, 을 순환하는, 를 순환하는, 으로 순환하면서"
귀의,184,4,8,8,"에 귀의하여, 에 귀의하게, 에 귀의하는, 에 귀의하였, 에게 귀의하였, 에 귀의했다, 에 귀의하고, 께 귀의하오니"
내,184,9,4,10,"에서 내한공연, 으로 내한, 이 내한, 가 내한, 의 내해, 에 내한, 의 내구연한, 로 내한, 의 내한공연, 가 내구연한"
건축,184,7,11,8,"을 건축하였, 를 건축했다, 을 건축하기, 을 건축하는, 을 건축하고, 에 건축하였, 을 건축했다, 을 건축하여"
예약,183,6,8,7,"에 예약할수, 을 예약했다, 를 예약하고, 을 예약하세요, 을 예약하는, 을 예약할수, 을 예약하고"
분배,183,7,10,10,"을 분배하는, 를 분배하는, 으로 분배하는, 을 분배할때, 에게 분배하는, 에게 분배하였, 에게 분배하고, 을 분배하고, 를 분배하였, 에 분배하는"
종용,183,2,9,7,"를 종용하였, 을 종용하였, 을 종용하는, 을 종용했다, 을 종용한다, 을 종용했고, 를 종용했다"
원만,183,10,9,8,"를 원만하게, 가 원만하지, 과 원만한관계, 는 원만하지, 의 원만한관계, 을 원만하게, 이 원만하게, 이 원만해지"
임박,182,6,12,9,"이 임박하자, 가 임박했음, 이 임박했을, 이 임박한것, 에 임박하여, 이 임박했다고, 이 임박했다는, 이 임박했음, 가 임박하자"
거래,181,10,12,7,"과 거래하는, 를 거래하는, 을 거래하는, 을 거래할수, 를 거래하고, 와 거래하는, 으로 거래하는"
사양,181,7,7,8,"를 사양했다, 를 사양하였, 을 사양하였, 를 사양하고, 을 사양했다, 을 사양하고, 는 사양하였, 을 사양하는"
제대로,180,5,4,4,"을 제대로하지, 을 제대로할수, 도 제대로하지, 를 제대로하지"
복제,180,6,9,8,"를 복제하고, 를 복제한다, 을 복제하는, 를 복제하는, 를 복제하여, 을 복제하여, 를 복제할수, 을 복제할수"
양위,180,5,6,6,"에게 양위하였, 에게 양위하여, 에게 양위했다, 에게 양위하고, 를 양위하고, 이 양위하고"
내장,179,4,4,4,"를 내장하여, 을 내장하고, 를 내장하고, 을 내장하여"
신중,179,10,6,6,"을 신중하게, 는 신중하게, 이 신중하고, 를 신중하게, 은 신중하게, 에 신중하게"
적당,178,15,13,9,"에 적당하다, 는 적당하지, 이 적당하다, 가 적당하다, 이 적당하며, 은 적당하지, 에 적당하지, 가 적당하고, 가 적당하며"
어느,178,9,12,2,"의 어느하나에, 의 어느한쪽"
평등,178,15,10,11,"이 평등하게, 을 평등하게, 은 평등하게, 이 평등하다는, 를 평등하게, 에 평등하다, 가 평등하게, 에게 평등하게, 은 평등하다, 도 평등하게, 이 평등하고"
마다,178,3,3,6,"도 마다하지, 도 마다하고, 를 마다하지, 을 마다하고, 을 마다하지, 을 마다한사나이"
선회,177,5,9,10,"로 선회하였, 로 선회했다, 으로 선회하여, 을 선회한다, 를 선회하는, 을 선회하여, 으로 선회했다, 으로 선회하였, 을 선회하였, 으로 선회하게"
번복,177,3,9,6,"를 번복하고, 을 번복하고, 을 번복하였, 을 번복했다, 을 번복하여, 를 번복하였"
면제,177,3,10,9,"을 면제하는, 를 면제하였, 를 면제해주, 을 면제해주, 을 면제하여, 를 면제한다, 을 면제하거나, 를 면제하는, 을 면제하고"
고유,176,15,17,11,"를 고유하게, 의 고유한성질, 의 고유한특성, 의 고유한특징, 의 고유한이름, 의 고유한문화, 을 고유하게, 의 고유한전통, 에 고유하다, 에 고유하며, 에 고유한도마뱀붙이"
기피,176,4,8,8,"을 기피하는, 를 기피하는, 을 기피하고, 를 기피하였, 를 기피하고, 이 기피하는, 을 기피하기, 을 기피하게"
내통,176,3,6,8,"과 내통하고, 와 내통하고, 과 내통하여, 와 내통하여, 와 내통했다는, 와 내통하였, 과 내통하였, 과 내통했다는"
된다고,175,2,7,8,"이 된다고할수, 가 된다고한다, 이 된다고한다, 가 된다고하였, 가 된다고하는, 이 된다고하였, 가 된다고할수, 가 된다고하여"
잔인,175,15,10,9,"의 잔인함과, 의 잔인함을, 를 잔인하게, 을 잔인하게, 는 잔인하고, 이 잔인하게, 은 잔인하게, 은 잔인하고, 의 잔인함에"
오인,175,4,7,7,"으로 오인하고, 으로 오인하는, 로 오인하여, 으로 오인하여, 로 오인하고, 으로 오인하게, 로 오인하기"
추종,175,5,6,4,"을 추종하는, 을 추종하던, 를 추종하는, 을 추종하고"
모금,175,5,6,8,"를 모금했다, 을 모금하기, 을 모금하여, 을 모금하는, 을 모금했다, 을 모금하였, 를 모금하였, 를 모금하는"
매수,175,7,10,6,"를 매수하여, 을 매수하여, 을 매수하였, 을 매수하는, 를 매수하였, 을 매수하고"
온화,175,13,11,8,"이 온화하고, 가 온화하고, 으로 온화하고, 은 온화한편, 는 온화하고, 은 온화하며, 는 온화한기후, 은 온화하고"
번영,175,13,10,12,"로 번영하였, 는 번영하는, 이 번영하였, 으로 번영하였, 으로 번영했다, 로서 번영하였, 로서 번영했다, 로 번영했다, 의 번영하는, 에 번영하였, 이 번영하는, 가 번영하였"
게을리,175,3,5,8,"을 게을리하고, 을 게을리하지, 를 게을리하지, 을 게을리하는, 도 게을리하지, 를 게을리하여, 를 게을리하였, 을 게을리하여"
실망,174,5,11,8,"에 실망하여, 에 실망한그, 에 실망하고, 에 실망했다, 에 실망했고, 에 실망하였, 에 실망한다, 에게 실망하고"
연설,174,11,6,7,"에서 연설하는, 에게 연설하는, 로 연설했다, 에서 연설하였, 에서 연설하고, 에서 연설했다, 를 연설하였"
성숙,174,13,16,8,"으로 성숙해지, 에 성숙한다, 으로 성숙하기, 으로 성숙한다, 으로 성숙하는, 가 성숙하면, 으로 성숙해진다, 으로 성숙하게"
불허,174,4,8,7,"을 불허하는, 을 불허한다, 을 불허했다, 을 불허하였, 를 불허하고, 을 불허하고, 을 불허하겠"
맹활약,174,5,8,8,"에서 맹활약하며, 로 맹활약하며, 으로 맹활약했다, 에서 맹활약했다, 로 맹활약했다, 으로 맹활약하며, 로 맹활약하고, 도 맹활약하며"
희박,172,7,14,11,"은 희박하다, 가 희박했던, 이 희박하다, 가 희박하고, 가 희박한지역, 는 희박하다, 가 희박하다, 이 희박하고, 가 희박해지, 이 희박해지, 이 희박하다고"
주저,172,7,11,10,"를 주저하였, 을 주저했다, 을 주저하지, 을 주저하고, 도 주저하지, 를 주저하는, 을 주저하였, 를 주저하지, 을 주저하는, 를 주저했다"
합당,171,10,14,7,"이 합당하여, 과 합당하여, 과 합당하면서, 과 합당했다, 과 합당하였, 에 합당하지, 에 합당하게"
불가,171,6,8,7,"이 불가하며, 이 불가하고, 이 불가하다, 이 불가하다고, 이 불가하다는, 은 불가하다, 는 불가하다"
피난,170,6,11,8,"로 피난하는, 로 피난하였, 으로 피난하였, 으로 피난하여, 로 피난하여, 으로 피난하는, 에 피난해있, 로 피난했다"
공인,170,7,7,7,"가 공인하는, 을 공인하였, 를 공인하고, 을 공인하고, 를 공인하였, 에서 공인하는, 이 공인하고"
복직,170,3,5,8,"에 복직했다, 에 복직하였, 로 복직하였, 으로 복직했다, 로 복직하여, 으로 복직하였, 로 복직했다, 에 복직하여"
장,169,9,8,9,"는 장준하, 은 장준하, 의 장갑순양함, 로 장준하, 의 장해, 에 장해, 는 장기하, 은 장기하, 의 장갑함"
훈련,169,9,11,9,"에서 훈련하였, 에서 훈련하고, 를 훈련하는, 에서 훈련하기, 에서 훈련하는, 을 훈련하고, 에서 훈련했다, 을 훈련하기, 을 훈련하는"
자각,169,4,8,7,"을 자각하게, 을 자각하고, 를 자각하고, 을 자각하는, 은 자각하지, 을 자각하여, 을 자각하지"
유창,169,9,3,3,"을 유창하게, 를 유창하게, 가 유창하다"
보상,169,6,10,7,"을 보상하는, 을 보상하기, 를 보상해주, 을 보상하고, 를 보상하는, 를 보상하여야, 를 보상하기"
연마,168,3,9,9,"을 연마하고, 을 연마하며, 을 연마했다, 을 연마하는, 을 연마하던, 을 연마하기, 을 연마하였, 을 연마하여, 를 연마하는"
건강,168,15,14,9,"는 건강하고, 의 건강하고, 은 건강한사람, 를 건강하게, 의 건강한성장, 을 건강하게, 이 건강하게, 이 건강하고, 가 건강하게"
진정,168,12,12,7,"의 진정한후계자, 의 진정한의미, 의 진정한목적, 의 진정한가치, 의 진정한모습, 의 진정한정체, 의 진정한힘"
국제,167,2,2,1,의 국제하천
공천,167,4,8,6,"을 공천했다, 를 공천하였, 를 공천했다, 를 공천하지, 를 공천했고, 를 공천해내보냈"
왜곡,166,5,8,8,"를 왜곡하는, 을 왜곡하여, 을 왜곡하는, 을 왜곡하고, 를 왜곡하고, 을 왜곡한것, 를 왜곡하여, 을 왜곡하거나"
애도,166,3,6,5,"을 애도하는, 을 애도했다, 을 애도하기, 를 애도하는, 을 애도하였"
확고,166,13,11,8,"를 확고하게, 을 확고하게, 이 확고하게, 이 확고해졌다, 가 확고하게, 가 확고하지, 에 확고하게, 의 확고한지지자"
교묘,166,10,2,4,"을 교묘하게, 를 교묘하게, 은 교묘하게, 이 교묘하게"
비방,166,2,5,5,"을 비방하는, 을 비방하고, 를 비방하는, 를 비방하고, 을 비방하였"
변장,165,7,7,5,"로 변장하고, 으로 변장하고, 로 변장하여, 으로 변장하여, 로 변장한다"
남용,165,2,7,7,"을 남용하여, 를 남용하는, 을 남용하고, 을 남용하는, 를 남용하여, 을 남용한것, 을 남용했다"
일축,164,7,5,8,"을 일축했다, 고 일축했다, 를 일축하고, 로 일축했다, 를 일축했다, 을 일축하였, 라고 일축했다, 을 일축하고"
연대,164,7,7,5,"과 연대하여, 와 연대하여, 과 연대하기, 과 연대하는, 이 연대하여"
사별,163,5,6,10,"와 사별했다, 와 사별하였, 와 사별하고, 와 사별한후, 과 사별하였, 과 사별한후, 과 사별하고, 과 사별한뒤, 와 사별한뒤, 에 사별했다"
완만,163,13,10,11,"가 완만하다, 은 완만하고, 가 완만하게, 가 완만하고, 으로 완만한경사, 가 완만하여, 으로 완만하게, 를 완만하게, 이 완만하게, 의 완만한구릉, 는 완만하게"
추론,163,5,10,6,"을 추론할수, 을 추론하는, 으로 추론하는, 를 추론할수, 를 추론하는, 에서 추론할수"
불,163,8,5,7,"을 불하받, 의 불하, 에 불하, 에게 불하, 에 불안해하, 를 불하받, 으로 불하"
검거,163,3,7,8,"를 검거하였, 을 검거하였, 를 검거하기, 을 검거하기, 을 검거했다, 을 검거하여, 을 검거하는, 를 검거했다"
일기도,162,1,2,2,"이 일기도했다, 이 일기도하였"
공정,162,14,10,9,"을 공정하게, 를 공정하게, 이 공정하게, 가 공정하고, 가 공정하게, 이 공정하지, 이 공정하고, 의 공정한분배, 의 공정한행사"
영국,162,13,17,7,"는 영국해군이, 는 영국해군의, 은 영국해군의, 은 영국해군이, 에서 영국해군의, 과 영국해군의, 에 영국해군에"
귀순,162,5,10,9,"로 귀순하였, 에 귀순하였, 에게 귀순한다, 에게 귀순하였, 에 귀순했다, 에 귀순하여, 에게 귀순하여, 에게 귀순했다, 에 귀순한후"
중계,161,9,10,8,"를 중계하기, 을 중계하는, 를 중계하였, 를 중계하는, 으로 중계하였, 를 중계하고, 을 중계한다, 를 중계한다"
개항,161,8,8,7,"이 개항했다, 이 개항하였, 이 개항하면서, 으로 개항하였, 에 개항했다, 에 개항하였, 이 개항하기"
구형,161,2,4,4,"을 구형했다, 을 구형하고, 을 구형하였, 을 구형했고"
재촉,161,2,8,8,"을 재촉했다, 을 재촉하여, 을 재촉하는, 을 재촉하였, 를 재촉하는, 을 재촉한다, 을 재촉하자, 을 재촉하고"
노획,161,6,5,9,"를 노획했다, 을 노획하였, 을 노획하고, 를 노획하였, 를 노획하는, 을 노획하여, 를 노획하여, 을 노획했다, 을 노획하는"
다짐,159,3,7,8,"를 다짐한다, 로 다짐했다, 를 다짐하게, 를 다짐했다, 를 다짐하며, 를 다짐하고, 를 다짐하는, 를 다짐하였"
입교,159,4,3,4,"에 입교하여, 에 입교하였, 에 입교했다, 로 입교하여"
출사,159,5,5,4,"로 출사하여, 에 출사하여, 에 출사하였, 으로 출사하여"
정렬,158,6,9,7,"를 정렬할때, 를 정렬하는, 으로 정렬한다, 을 정렬하는, 으로 정렬하였, 으로 정렬할수, 로 정렬하였"
입지,158,4,6,8,"가 입지해있, 이 입지하고, 이 입지하는, 가 입지하고, 이 입지한다, 이 입지해있, 에 입지하고, 에 입지해있"
분쇄,158,4,6,7,"을 분쇄하고, 를 분쇄하고, 를 분쇄하는, 를 분쇄하기, 을 분쇄하기, 을 분쇄하였, 을 분쇄하는"
주조,158,8,8,11,"을 주조하였, 을 주조하는, 를 주조하여, 를 주조하고, 을 주조하여, 를 주조하였, 를 주조하는, 를 주조했다, 을 주조했다, 을 주조하기, 를 주조하기"
희미,158,11,7,10,"이 희미하게, 가 희미하게, 을 희미하게, 이 희미해지, 는 희미하게, 으로 희미하게, 도 희미하게, 에 희미하게, 은 희미하게, 에서 희미하게"
업그레이드,157,5,10,11,"로 업그레이드할수, 을 업그레이드할수, 를 업그레이드하여, 으로 업그레이드하는, 를 업그레이드할수, 으로 업그레이드할수, 로 업그레이드하는, 을 업그레이드하는, 를 업그레이드했다, 을 업그레이드하고, 까지 업그레이드할수"
중수,157,5,7,9,"를 중수하였, 를 중수하고, 에 중수하였, 을 중수하면서, 을 중수하고, 을 중수하였, 이 중수하였, 에 중수한것, 가 중수하였"
상회,156,2,7,5,"을 상회한다, 를 상회하는, 을 상회하는, 를 상회한다, 을 상회하고"
순응,156,2,8,7,"에 순응하는, 에 순응하지, 에 순응하여, 에 순응하게, 에 순응하고, 에 순응하며, 에 순응하기"
추존,156,4,9,6,"로 추존했다, 으로 추존하고, 으로 추존하였, 로 추존하였, 를 추존하고, 로 추존하고"
비준,155,5,8,6,"을 비준했다, 을 비준하였, 을 비준하는, 을 비준하고, 을 비준하지, 에 비준한이래"
망라,155,3,4,7,"을 망라한다, 을 망라하는, 를 망라하고, 를 망라하는, 을 망라하고, 을 망라하여, 를 망라하여"
겸비,155,4,7,7,"을 겸비하고, 을 겸비하여, 을 겸비한인물, 도 겸비하고, 을 겸비하였, 를 겸비하고, 을 겸비하는"
대접,155,5,10,9,"를 대접했다, 을 대접하는, 를 대접하는, 을 대접하며, 을 대접했다, 를 대접하고, 을 대접하였, 을 대접하기, 를 대접한다"
연습,155,8,11,9,"을 연습하는, 를 연습하고, 을 연습하고, 을 연습하였, 을 연습했다, 를 연습하는, 을 연습하기, 를 연습하기, 를 연습했다"
이민,155,3,4,5,"으로 이민하여, 으로 이민하였, 로 이민하였, 으로 이민하고, 로 이민하여"
축조,155,7,7,7,"을 축조하고, 을 축조하여, 을 축조하였, 를 축조하였, 을 축조했다, 을 축조하는, 으로 축조하였"
직통,155,5,5,4,"에 직통하는, 으로 직통하는, 을 직통하는, 까지 직통하는"
솔직,154,11,4,8,"을 솔직하게, 는 솔직하게, 를 솔직하게, 은 솔직하고, 에게 솔직하게, 에 솔직하고, 은 솔직하게, 도 솔직하게"
교제,154,7,8,7,"과 교제하였, 와 교제하였, 과 교제하는, 과 교제했다, 와 교제하기, 와 교제하고, 과 교제하고"
모욕,154,3,8,6,"을 모욕하는, 를 모욕하고, 을 모욕하였, 를 모욕하는, 을 모욕하고, 를 모욕했다는"
은신,154,6,8,6,"에 은신하며, 에 은신해있, 에 은신한다, 에 은신하고, 에 은신하여, 에서 은신한다"
분장,154,5,5,3,"를 분장하는, 로 분장하여, 를 분장하기"
낙향,153,4,3,6,"에 낙향하여, 으로 낙향하여, 으로 낙향하였, 으로 낙향했다, 로 낙향하였, 로 낙향하여"
발부,153,4,7,6,"을 발부하였, 을 발부했다, 을 발부하고, 을 발부하여, 을 발부할수, 이 발부한영장"
모의,153,6,7,5,"과 모의하여, 와 모의하여, 을 모의하고, 을 모의하였, 을 모의했다"
상쇄,152,3,6,8,"을 상쇄하기, 를 상쇄하는, 을 상쇄할수, 을 상쇄하는, 을 상쇄한다, 를 상쇄하기, 을 상쇄하고, 를 상쇄할수"
서거,152,7,9,8,"에서 서거하였, 가 서거하고, 가 서거하자, 로 서거하였, 에 서거했다, 이 서거하자, 에 서거하였, 에 서거한김성수"
정통,152,3,8,8,"에 정통했다, 에 정통하다, 에 정통하였, 도 정통했다, 에 정통하고, 에 정통하여, 에 정통하였으며, 도 정통하였"
외면,151,6,9,7,"를 외면하였, 를 외면하고, 을 외면하고, 를 외면하는, 을 외면하는, 을 외면한채, 을 외면할수"
답변,151,9,7,7,"고 답변하였, 고 답변했다, 라고 답변했다, 라고 답변하였, 이라고 답변했다, 에 답변하는, 에 답변하지"
연동,151,6,4,8,"과 연동하여, 과 연동할수, 와 연동할수, 에 연동하여, 과 연동하는, 와 연동하여, 와 연동하는, 을 연동하여"
따라야,150,6,7,5,"을 따라야한다, 을 따라야하는, 를 따라야한다, 에 따라야한다, 에 따라야하고"
거처,150,4,7,8,"이 거처하는, 에 거처하였, 가 거처하던, 이 거처하던, 가 거처하는, 에 거처하며, 에 거처하게, 에 거처하는"
원작,150,1,1,1,가 원작한일본
찬탈,149,2,9,6,"를 찬탈하여, 를 찬탈한후, 를 찬탈했다, 를 찬탈하고, 를 찬탈하였, 를 찬탈하자"
제대,149,9,7,6,"에 제대하였, 에 제대한후, 에서 제대한후, 에서 제대한뒤, 에 제대했다, 에서 제대한이후"
뒤,148,2,2,4,"을 뒤로하, 를 뒤로하, 를 뒤로한, 을 뒤로한"
판결,148,7,6,8,"고 판결했다, 으로 판결했다, 라고 판결했다, 을 판결하였, 로 판결하였, 을 판결했다, 로 판결했다, 고 판결하였"
구경,148,2,10,10,"을 구경하였, 을 구경할수, 을 구경하는, 를 구경하고, 를 구경하기, 을 구경하기, 을 구경하러, 를 구경하러, 을 구경하고, 를 구경하는"
폄,148,4,1,4,"을 폄하, 으로 폄하, 를 폄하, 로 폄하"
봉착,147,1,6,5,"에 봉착하게, 에 봉착했다, 에 봉착한다, 에 봉착하였, 에 봉착하고"
충실,147,11,14,8,"에 충실할것, 에 충실한것, 에 충실했다, 에 충실하기, 에 충실했던, 의 충실한부하, 의 충실한신하, 이 충실하게"
유익,147,10,11,4,"에 유익하다, 에게 유익하다, 이 유익한(, 의 유익한마음"
영업,147,11,8,8,"에서 영업하고, 까지 영업하고, 만 영업한다, 까지 영업한다, 를 영업하고, 이 영업하고, 까지 영업하며, 가 영업하고"
할양,147,4,12,8,"에게 할양하였, 에 할양했다, 에 할양하고, 에 할양한다, 를 할양하고, 에 할양하는, 를 할양하는, 에 할양하기"
세밀,147,13,5,5,"이 세밀하게, 을 세밀하게, 를 세밀하게, 으로 세밀하게, 까지 세밀하게"
구조,147,4,9,7,"을 구조하였, 을 구조하기, 을 구조했다, 를 구조하는, 을 구조하는, 를 구조했다, 를 구조하기"
도약,147,3,7,7,"로 도약하였, 로 도약하는, 으로 도약하기, 으로 도약하는, 로 도약하기, 로 도약했다, 로 도약하여"
조망,147,5,4,5,"을 조망할수, 에 조망할수, 를 조망할수, 을 조망하기, 를 조망하는"
숭상,147,2,7,8,"를 숭상하여, 를 숭상하였, 를 숭상하는, 을 숭상하는, 를 숭상하고, 을 숭상하여, 을 숭상하고, 을 숭상한다"
탐,147,2,3,4,"을 탐하는, 을 탐했, 를 탐하, 을 탐하"
승차,146,7,10,8,"를 승차할수, 에 승차할수, 로 승차할수, 에서 승차할수, 에 승차하는, 는 승차할수, 에서 승차해야한다, 에서 승차한다"
난,146,8,3,7,"는 난해, 이 난해, 의 난해, 도 난해, 은 난해, 의 난할, 가 난해"
감탄,146,8,10,6,"에 감탄했다, 에 감탄하여, 에 감탄하며, 에 감탄하였, 에 감탄한다, 에 감탄하고"
분화,146,7,12,8,"로 분화하는, 이 분화하였, 로 분화하여, 로 분화한다, 이 분화하여, 으로 분화할수, 로 분화할수, 으로 분화한다"
해군,146,4,3,2,"의 해군함정분류, 의 해군함선이름"
심의,145,3,6,6,"을 심의하기, 을 심의하고, 을 심의하는, 을 심의한다, 을 심의하여, 을 심의했다"
좌우,145,3,6,4,"을 좌우하는, 를 좌우하는, 를 좌우한다, 을 좌우한다"
가동,145,8,9,9,"를 가동하는, 을 가동하고, 를 가동하고, 을 가동하여, 를 가동하여, 를 가동했다, 을 가동하기, 을 가동하는, 를 가동하기"
수확,145,5,8,8,"에 수확하는, 를 수확하는, 에 수확한다, 을 수확하였, 을 수확하고, 을 수확하는, 을 수확했다, 를 수확하기"
격추,145,3,9,5,"를 격추하였, 를 격추하는, 를 격추했다, 를 격추했다고, 를 격추하고"
밋밋,145,4,4,6,"가 밋밋하다, 가 밋밋하고, 는 밋밋하며, 가 밋밋하며, 는 밋밋하다, 는 밋밋하고"
무기,144,14,6,9,"를 무기한연기, 을 무기한연기, 은 무기한연기, 가 무기한연기, 는 무기한연기, 로 무기한연기, 이 무기한연기, 으로 무기한연기, 에 무기한연기"
퇴직,144,11,9,10,"를 퇴직하고, 으로 퇴직하였, 에서 퇴직하고, 에 퇴직하였, 로 퇴직하였, 에서 퇴직하여, 에서 퇴직하였, 에서 퇴직했다, 에 퇴직했다, 을 퇴직하고"
근소,144,14,4,8,"는 근소한차이, 에 근소한차이, 에게 근소한차이, 를 근소한차이, 보다 근소하게, 의 근소한차이, 에서 근소한차이, 로 근소하게"
전역,144,8,8,8,"에 전역하였, 으로 전역했다, 로 전역하였, 에 전역했다, 으로 전역하였, 로 전역한다, 로 전역했다, 에 전역하여"
능,144,2,1,2,"에 능하, 도 능하"
표절,144,3,6,5,"을 표절했다고, 을 표절했다는, 를 표절했다는, 을 표절한것, 를 표절한것"
노,144,7,3,6,"가 노하, 이 노하, 에 노한, 와 노하, 에 노하, 나 노하"
경상남도,144,3,22,10,"는 경상남도함안군칠, 는 경상남도함양군함양읍, 은 경상남도함양군함양읍, 은 경상남도함안군칠, 는 경상남도함안군에, 는 경상남도하동군금남면, 는 경상남도하동군에, 는 경상남도하동군옥종면, 는 경상남도함양군안의면, 은 경상남도하동군화개면"
통신,143,8,7,7,"과 통신할수, 와 통신하는, 와 통신할수, 으로 통신할수, 과 통신하는, 와 통신하기, 와 통신한다"
전혀,143,4,2,4,"를 전혀하지, 을 전혀하지, 은 전혀하지, 는 전혀하지"
영향,143,1,2,2,"의 영향하에, 의 영향하에서"
종영,142,7,4,6,"로 종영하였, 에 종영하였, 으로 종영했다, 에 종영했다, 으로 종영하였, 으로 종영할예정"
주시,142,2,8,7,"를 주시하고, 을 주시하기, 을 주시하며, 을 주시했다, 을 주시하는, 을 주시하고, 을 주시하여도"
입적,141,5,7,5,"로 입적하여, 에서 입적하였, 에 입적하였, 로 입적하였, 로 입적하게"
입회,141,6,5,5,"에 입회하였, 에 입회하여, 에 입회하기, 의 입회하에, 에 입회했다"
독살,141,3,9,8,"를 독살하였, 를 독살하고, 를 독살했다는, 을 독살했다는, 을 독살하였, 을 독살하려, 를 독살한것, 를 독살했다고"
빽빽,141,8,2,5,"이 빽빽하게, 을 빽빽하게, 로 빽빽하게, 가 빽빽하게, 에 빽빽하게"
출항,140,8,4,9,"를 출항하여, 에서 출항했다, 을 출항했다, 를 출항했다, 으로 출항했다, 에 출항하여, 에서 출항하는, 에서 출항하여, 을 출항하여"
상영,140,8,9,10,"을 상영하는, 를 상영하기, 를 상영하고, 에서 상영하는, 를 상영하였, 를 상영했다, 를 상영하는, 을 상영한다, 을 상영했다, 에서 상영했다"
회유,140,4,7,7,"을 회유하기, 을 회유하는, 를 회유하기, 을 회유하여, 를 회유하여, 을 회유하고, 를 회유하는"
동거,140,5,8,4,"와 동거하였, 와 동거하고, 와 동거하는, 와 동거하게"
횡령,139,3,6,5,"을 횡령한혐의, 을 횡령하고, 을 횡령한것, 을 횡령하여, 을 횡령했다는"
미묘,139,13,4,8,"의 미묘한차이, 의 미묘한변화, 를 미묘하게, 는 미묘하게, 이 미묘하게, 은 미묘하게, 도 미묘하게, 가 미묘하게"
유추,139,5,7,6,"을 유추할수, 으로 유추할수, 를 유추할수, 을 유추하는, 에서 유추할수, 을 유추해볼"
배정,139,5,7,11,"을 배정하는, 를 배정하는, 을 배정하고, 에 배정한다, 을 배정했다, 로 배정하였, 을 배정하여, 를 배정했다, 를 배정하고, 을 배정한다, 으로 배정한다"
배양,139,5,7,7,"를 배양하는, 을 배양하여, 을 배양하고, 을 배양하기, 을 배양하는, 을 배양한다, 를 배양하여"
전복,139,2,7,6,"를 전복하고, 를 전복하는, 을 전복하려는, 를 전복하려는, 을 전복하고, 을 전복하려"
대리,139,3,8,5,"를 대리한다, 를 대리하는, 를 대리하여, 을 대리하여, 을 대리하는"
승낙,139,7,10,9,"를 승낙하였, 를 승낙했다, 을 승낙했다, 를 승낙하여, 을 승낙하고, 을 승낙하였, 를 승낙하고, 를 승낙한다, 을 승낙한다"
섬멸,138,2,6,8,"을 섬멸하여, 를 섬멸하기, 을 섬멸하고, 을 섬멸하였, 을 섬멸하는, 를 섬멸하는, 을 섬멸하기, 을 섬멸했다"
재편,138,4,7,9,"로 재편하였, 을 재편하여, 을 재편하였, 으로 재편했다, 으로 재편하였, 을 재편하고, 로 재편했다, 을 재편하는, 로 재편하여"
출정,138,6,6,8,"에 출정했다, 에 출정하였, 로 출정하였, 에 출정하여, 로 출정하여, 으로 출정하여, 으로 출정했다, 으로 출정하였"
양립,137,6,3,5,"과 양립할수, 이 양립하고, 와 양립할수, 는 양립할수, 이 양립할수"
성원,137,2,3,5,"을 성원하였, 을 성원하는, 을 성원하고, 를 성원하였, 를 성원하는"
심,137,8,2,5,"에서 심해, 의 심해, 이 심해, 는 심해, 은 심해"
답습,137,2,7,8,"를 답습하는, 을 답습하는, 을 답습한것, 을 답습하고, 을 답습하여, 을 답습하였, 를 답습하여, 를 답습하고"
기거,137,4,8,10,"에 기거하게, 에 기거하면서, 에서 기거하였, 에 기거하며, 이 기거하는, 에서 기거하며, 에 기거하였, 에 기거하던, 에 기거하는, 이 기거하던"
압수,137,5,5,7,"을 압수했다, 를 압수했다, 을 압수하였, 을 압수하여, 을 압수하고, 를 압수하고, 를 압수하였"
석패,136,5,6,7,"로 석패하여, 로 석패하였, 로 석패했다, 로 석패하며, 으로 석패했다, 으로 석패하며, 로 석패하면서"
공고,136,8,7,3,"을 공고하였, 을 공고하여, 를 공고하였"
출퇴근,136,3,2,3,"로 출퇴근하는, 으로 출퇴근하는, 에서 출퇴근한다"
우선시,136,3,9,5,"을 우선시하기, 을 우선시하는, 를 우선시하는, 을 우선시하여, 을 우선시하고"
조명,136,5,11,8,"을 조명하였, 를 조명하기, 를 조명하고, 을 조명하고, 을 조명했다, 을 조명하는, 를 조명하는, 을 조명한다"
수축,136,9,12,8,"이 수축하여, 이 수축할때, 이 수축하면서, 가 수축하여, 을 수축하고, 을 수축하였, 이 수축하는, 이 수축하면"
분열,136,9,12,11,"로 분열하였, 로 분열하고, 가 분열하는, 가 분열하여, 으로 분열하여, 이 분열하여, 로 분열하는, 가 분열할때, 이 분열하자, 로 분열하여, 로 분열했다"
예언,135,7,9,7,"을 예언하였, 을 예언한것, 을 예언하고, 을 예언했다, 을 예언하는, 를 예언하는, 을 예언한다"
위시,135,2,2,2,"을 위시하여, 를 위시하여"
단호,135,7,3,5,"는 단호하게, 을 단호하게, 를 단호하게, 에 단호하게, 은 단호하게"
배격,135,2,5,5,"을 배격하고, 를 배격하고, 를 배격하는, 을 배격하는, 을 배격하였"
반사,135,7,6,7,"을 반사할수, 을 반사하기, 을 반사하는, 을 반사하여, 를 반사하는, 을 반사한다, 을 반사하고"
중건,135,5,9,8,"가 중건하였, 을 중건하였, 을 중건하고, 을 중건할때, 을 중건하면서, 이 중건하였, 에 중건하였, 를 중건하였"
《,134,14,6,6,"는 《한서》, 와 《한서》, 의 《해리포터, 은 《해리포터, 는 《해리포터, 은 《한서》"
타격,134,4,8,7,"을 타격할수, 를 타격할수, 을 타격하는, 을 타격하기, 을 타격하였, 를 타격하는, 을 타격했다"
균등,134,11,2,7,"에 균등하게, 이 균등하게, 을 균등하게, 로 균등하게, 가 균등하게, 에게 균등하게, 를 균등하게"
축복,134,2,10,9,"를 축복하고, 을 축복하시, 을 축복하는, 를 축복하소서, 를 축복하시, 를 축복하시리, 을 축복하소서, 을 축복하고, 를 축복하는"
감금,133,3,6,6,"을 감금하고, 에 감금했다, 에 감금하였, 에 감금하고, 를 감금하고, 에 감금하는"
청원,133,4,7,6,"를 청원하는, 을 청원하였, 을 청원했다, 을 청원하는, 에게 청원하여, 를 청원하였"
휴대,133,5,9,6,"를 휴대하고, 을 휴대하고, 를 휴대한다, 을 휴대한다, 이 휴대하는, 을 휴대하여"
고생,133,6,13,8,"으로 고생했다, 으로 고생하였, 으로 고생하다가, 로 고생하는, 으로 고생하는, 으로 고생하던, 에 고생하는, 으로 고생하고"
단단,133,15,11,6,"을 단단하게, 는 단단하고, 이 단단해지, 이 단단하고, 를 단단하게, 은 단단하고"
자주,133,3,8,7,"을 자주하였, 를 자주한다, 을 자주한다, 을 자주했다, 을 자주하고, 을 자주하는, 를 자주하는"
보정,133,4,7,7,"를 보정하기, 를 보정할수, 을 보정하여, 를 보정하는, 을 보정하는, 을 보정하기, 를 보정해주"
보류,133,3,5,7,"을 보류하였, 을 보류했다, 을 보류하고, 을 보류하기, 를 보류하고, 을 보류하는, 를 보류했다"
찬,133,4,2,6,"가 찬한, 을 찬하, 가 찬하, 이 찬하, 를 찬하, 이 찬한"
엄밀,132,10,5,6,"는 엄밀하게, 으로 엄밀하게, 를 엄밀하게, 을 엄밀하게, 은 엄밀하게, 에 엄밀하게"
교정,132,5,8,8,"을 교정하는, 을 교정하고, 을 교정하기, 를 교정하여, 를 교정하기, 를 교정할수, 를 교정하는, 을 교정하여"
전망,132,4,6,4,"으로 전망했다, 으로 전망하고, 으로 전망하였, 을 전망할수"
아랑곳,132,4,1,4,"에 아랑곳하지, 도 아랑곳하지, 은 아랑곳하지, 는 아랑곳하지"
조율,132,5,8,6,"를 조율하는, 을 조율하고, 을 조율하는, 을 조율했다, 을 조율하기, 을 조율해서다시"
압축,132,6,9,8,"로 압축하여, 를 압축하여, 을 압축하여, 를 압축한다, 을 압축하는, 를 압축하고, 를 압축하는, 을 압축하고"
자자,132,1,6,6,"이 자자했고, 이 자자하였, 이 자자하다, 이 자자했다, 이 자자하던, 이 자자했던"
전학,131,3,3,3,"로 전학했다, 로 전학하여, 로 전학하였"
참배,131,6,8,7,"을 참배하고, 를 참배하고, 에 참배하고, 을 참배했다, 에 참배하는, 에 참배하러, 에 참배하였"
창안,131,6,8,6,"을 창안하였, 을 창안하여, 를 창안하여, 을 창안했다, 가 창안하였, 를 창안하였"
수수,131,5,8,6,"을 수수했다는, 을 수수한사실, 을 수수한혐의, 을 수수한것, 을 수수하였, 을 수수하고"
청소,131,2,6,5,"을 청소하고, 을 청소하는, 를 청소하고, 를 청소하는, 를 청소하기"
분개,131,6,7,6,"는 분개하여, 에 분개하여, 에 분개하였, 에 분개했다, 은 분개하여, 에 분개하고"
유쾌,131,7,6,6,"을 유쾌하게, 를 유쾌하게, 의 유쾌한장난, 의 유쾌한클래식, 와 유쾌한동료, 의 유쾌한만남"
확충,131,3,6,7,"을 확충하기, 을 확충했다, 을 확충하였, 를 확충하고, 을 확충하는, 을 확충하여, 을 확충하고"
삼,130,11,6,7,"는 삼한, 은 삼한, 가 삼한, 의 삼한, 는 삼한시대, 은 삼한시대, 을 삼가하"
판정,130,5,9,6,"을 판정하는, 를 판정할수, 를 판정하기, 를 판정하는, 으로 판정한다, 에서 판정한다)"
멸종,130,8,7,7,"에 멸종했다, 은 멸종했다, 에 멸종하였, 의 멸종한포유, 의 멸종한동물, 는 멸종했다, 은 멸종한종"
약혼,130,5,8,8,"와 약혼했다, 과 약혼했다, 와 약혼하게, 와 약혼하였, 과 약혼하였, 와 약혼하고, 와 약혼한사이, 과 약혼하였으나"
원망,129,2,10,9,"을 원망하여, 를 원망하였, 을 원망하는, 을 원망하였, 를 원망하고, 를 원망하며, 를 원망하는, 을 원망하고, 를 원망하여"
합산,129,4,6,5,"를 합산하여, 를 합산한다, 을 합산하여, 을 합산하면, 를 합산한결과"
영원,129,16,19,8,"의 영원한주석, 은 영원하지, 의 영원한사랑, 는 영원하다, 의 영원한총비, 은 영원하다, 의 영원한친구, 은 영원할거"
승선,129,6,10,7,"에 승선하였, 에 승선했다, 에 승선하고, 이 승선하고, 에 승선하지, 에 승선하여, 에 승선하기"
참작,129,4,4,3,"를 참작하여, 을 참작하여, 을 참작했다"
안치,129,3,6,7,"을 안치하였, 에 안치하였, 을 안치하는, 를 안치하고, 에 안치했다, 에 안치하고, 을 안치하고"
집요,128,7,3,5,"을 집요하게, 는 집요하게, 가 집요하게, 의 집요한공격, 를 집요하게"
대적,128,8,10,9,"에 대적하는, 과 대적하게, 에 대적하여, 에 대적할수, 와 대적하게, 에 대적하기, 과 대적하는, 을 대적하는, 에 대적할만"
지망,128,2,8,8,"를 지망하는, 를 지망하고, 를 지망하여, 를 지망했지만, 를 지망했다, 를 지망하였으나, 을 지망하고, 를 지망하게"
격돌,128,7,8,8,"와 격돌했다, 에서 격돌하였, 과 격돌하여, 에서 격돌했다, 와 격돌하게, 이 격돌하는, 와 격돌하여, 가 격돌했다"
샘플링,128,2,5,6,"를 샘플링했다, 를 샘플링하여, 를 샘플링한곡, 을 샘플링했다, 을 샘플링하여, 를 샘플링하였"
저명,127,11,14,8,"의 저명한수학자, 의 저명한인물, 의 저명한과학자, 이 저명하다, 의 저명한작가, 의 저명한학자, 이 저명한데,, 의 저명한지도자"
중용,127,3,6,7,"를 중용하였, 를 중용했다, 을 중용하여, 를 중용하여, 을 중용하였, 을 중용하는, 을 중용하지"
준용,127,3,5,7,"을 준용하여, 를 준용하여, 을 준용한다, 에 준용한다, 을 준용하도록, 을 준용하고, 를 준용한다"
단속,127,3,6,7,"을 단속하고, 을 단속하는, 을 단속하기, 을 단속하여, 를 단속하고, 를 단속하는, 을 단속하였"
천거,127,8,9,9,"으로 천거하였, 을 천거했다, 를 천거하였, 를 천거했다, 을 천거하였, 에 천거하였, 을 천거하여, 를 천거하여, 으로 천거하여"
비정,126,5,7,8,"으로 비정한것, 로 비정하는, 로 비정하고, 으로 비정하기, 으로 비정하는, 으로 비정하고, 으로 비정한다, 으로 비정했다"
용인,126,3,6,7,"을 용인했다, 을 용인하지, 을 용인하는, 을 용인하고, 을 용인하였, 를 용인하는, 을 용인할수"
간청,126,3,5,9,"에게 간청하여, 을 간청하여, 를 간청하는, 을 간청하는, 을 간청한다, 를 간청하였, 을 간청하였, 에게 간청했다, 을 간청했다"
지극,126,4,5,4,"이 지극하여, 이 지극하였, 이 지극했던, 이 지극하고"
경멸,126,2,8,8,"를 경멸했다, 를 경멸하고, 을 경멸하고, 을 경멸하였, 을 경멸했다, 을 경멸하는, 를 경멸하는, 을 경멸하며"
봉인,126,5,9,7,"을 봉인하고, 를 봉인하고, 를 봉인하는, 를 봉인한다, 을 봉인하는, 를 봉인하기, 을 봉인하기"
처단,126,4,8,7,"를 처단하기, 을 처단하기, 을 처단하는, 을 처단할것, 을 처단하고, 을 처단하였, 를 처단하는"
실재,126,8,3,8,"으로 실재하는, 는 실재하지, 에 실재하는, 은 실재하는, 가 실재하는, 는 실재하는, 의 실재하는, 을 실재하는"
촉,126,6,1,6,"은 촉한, 에 촉한, 는 촉한, 가 촉한, 이 촉한, 의 촉한"
과,126,7,3,4,"를 과하, 을 과하, 의 과부하, 에 과부하"
을,125,1,7,6,"만 을하는, 만 을할수, 만 을하고, 만 을한다, 만 을한정하, 만 을하였"
차별,125,4,4,5,"를 차별하는, 을 차별하는, 을 차별하지, 를 차별하지, 을 차별하고"
고사,125,8,5,5,"로 고사했다, 으로 고사했다, 를 고사했다, 에 고사했다, 을 고사했다"
자원,125,9,5,6,"에 자원했다, 에 자원하여, 에 자원하였, 을 자원하여, 이 자원하여, 를 자원하여"
직역,125,5,3,5,"를 직역하면, 을 직역하면, 은 직역하면, 로 직역하면, 는 직역하면"
울창,125,8,5,6,"는 울창한숲, 의 울창한숲, 이 울창하고, 은 울창한숲, 이 울창하여, 은 울창한산림"
성실,124,11,6,8,"과 성실함을, 는 성실하고, 에 성실하게, 을 성실하게, 는 성실하게, 의 성실함과, 를 성실하게, 은 성실하고"
난입,124,5,5,6,"에 난입하여, 에 난입하는, 로 난입하여, 에 난입하였, 이 난입하여, 가 난입하여"
유연,124,14,3,7,"를 유연하게, 에 유연하게, 을 유연하게, 는 유연하고, 이 유연하고, 은 유연하고, 도 유연하게"
왕래,124,9,13,6,"를 왕래하며, 을 왕래하면서, 을 왕래하며, 를 왕래할수, 을 왕래하는, 를 왕래하는"
담보,124,2,3,4,"을 담보하기, 을 담보하는, 을 담보할수, 를 담보하기"
이양,123,6,8,7,"로 이양하는, 을 이양하였, 을 이양하고, 을 이양하겠, 을 이양했다, 에 이양하고, 을 이양하는"
출국,123,5,6,7,"으로 출국하였, 로 출국하여, 로 출국하였, 으로 출국하여, 으로 출국했다, 으로 출국하기, 에서 출국하기"
설파,123,2,8,7,"을 설파하였, 을 설파하여, 을 설파했다, 을 설파하고, 을 설파하며, 을 설파하는, 을 설파하기"
과감,122,10,2,5,"를 과감하게, 을 과감하게, 은 과감하게, 는 과감하게, 에 과감하게"
온전,122,11,4,7,"이 온전하게, 를 온전하게, 가 온전하게, 을 온전하게, 이 온전한상태, 이 온전하지, 은 온전하게"
할애,122,3,7,7,"에 할애했다, 을 할애한다, 을 할애할수, 을 할애했다, 을 할애하여, 을 할애하는, 을 할애하고"
심사,122,7,6,6,"를 심사하는, 을 심사하고, 를 심사하여, 을 심사하여, 을 심사하는, 를 심사한다"
편곡,122,6,10,7,"으로 편곡하여, 을 편곡하여, 을 편곡하였, 으로 편곡하였, 가 편곡했다, 으로 편곡한것, 을 편곡했다"
발탁,122,6,8,8,"로 발탁하였, 으로 발탁하였, 를 발탁하여, 을 발탁했다, 로 발탁했다, 을 발탁하여, 으로 발탁했다, 로 발탁하여"
관계,122,6,6,6,"에 관계한다, 에 관계하는, 에 관계하고, 과 관계하여, 에 관계하지, 와 관계하여"
당도,122,4,8,5,"에 당도하였, 에 당도하여, 에 당도하기, 에 당도하자, 에 당도했다"
순찰,121,3,9,8,"를 순찰하던, 을 순찰하고, 을 순찰하며, 를 순찰하는, 을 순찰하는, 를 순찰하고, 을 순찰하던, 을 순찰하기"
해방,121,6,6,8,"를 해방하고, 을 해방하기, 를 해방하는, 을 해방하고, 를 해방하였, 을 해방하여, 을 해방하는, 을 해방하라"
재발,121,4,10,6,"이 재발하여, 이 재발하는, 이 재발했고, 이 재발하였, 이 재발하지, 이 재발하면서"
납작,121,11,4,9,"로 납작하고, 는 납작하고, 으로 납작하다, 을 납작하게, 로 납작하게, 은 납작하고, 에 납작하게, 으로 납작하며, 로 납작하며"
튼튼,120,12,6,5,"을 튼튼하게, 이 튼튼하고, 은 튼튼하고, 를 튼튼하게, 는 튼튼하고"
불안,120,13,14,5,"을 불안하게, 이 불안해지, 를 불안하게, 가 불안해지, 는 불안한모습"
발포,120,8,7,7,"을 발포하였, 이 발포하여, 를 발포하였, 을 발포했다, 에 발포하여, 을 발포하는, 을 발포하여"
이식,120,6,8,7,"로 이식하는, 에 이식하여, 을 이식하는, 으로 이식하는, 를 이식하는, 을 이식하여, 에 이식하는"
자축,120,2,4,4,"을 자축하였, 을 자축했다, 을 자축하는, 를 자축하는"
적나라,119,4,1,3,"이 적나라하게, 을 적나라하게, 를 적나라하게"
혐오,119,4,10,6,"을 혐오하는, 를 혐오하였, 을 혐오하고, 를 혐오하는, 를 혐오한다, 을 혐오하여"
파문,119,2,5,7,"를 파문하였, 를 파문했다, 를 파문하기, 를 파문하고, 을 파문하고, 을 파문하였, 를 파문하는"
사칭,119,2,4,7,"을 사칭하여, 을 사칭하는, 를 사칭하고, 를 사칭하며, 를 사칭하는, 을 사칭하고, 를 사칭하여"
리플,119,1,1,1,의 리플해주
어떻게,118,10,13,8,"을 어떻게해야하, 을 어떻게하면, 은 어떻게하면, 을 어떻게할것, 를 어떻게하면, 는 어떻게하면, 를 어떻게할것, 을 어떻게해석하"
묵살,118,2,3,5,"를 묵살하였, 을 묵살했다, 를 묵살하고, 을 묵살하고, 를 묵살했다"
만연,118,9,10,8,"가 만연했다, 가 만연하였, 이 만연해있, 가 만연하게, 이 만연하여, 가 만연해있, 이 만연했다, 가 만연하고"
제수,118,5,5,6,"을 제수하였, 에 제수하였, 를 제수하였, 를 제수하고, 에 제수하고, 을 제수하였으나"
비옥,117,11,11,7,"의 비옥한토지, 의 비옥한평야, 의 비옥한땅, 의 비옥한지역, 이 비옥하고, 을 비옥하게, 이 비옥하여"
조인,116,4,6,7,"에 조인했다, 에 조인하여, 을 조인하였, 에 조인하는, 을 조인했다, 에 조인하면서, 에 조인하였"
반비례,116,2,5,4,"에 반비례하므로, 에 반비례하는, 에 반비례한다, 에 반비례하여"
함의,116,2,4,5,"을 함의하며, 를 함의한다, 를 함의하는, 을 함의한다, 을 함의하는"
혼재,116,3,6,6,"가 혼재하고, 이 혼재하여, 이 혼재하고, 이 혼재하는, 이 혼재한다, 가 혼재하는"
납품,116,4,7,7,"를 납품하고, 에 납품하는, 에 납품하고, 를 납품하는, 에 납품했다, 에 납품하기, 을 납품하는"
선,116,9,6,7,"의 선함, 으로 선하, 을 선하, 의 선한마음, 과 선함, 의 선하심, 와 선하행지타"
약정,116,2,5,6,"로 약정하고, 을 약정하고, 을 약정함으로써, 로 약정하였, 로 약정한경우, 을 약정하는"
반성,115,8,7,7,"을 반성하고, 을 반성하게, 을 반성하지, 를 반성하는, 를 반성하고, 을 반성하며, 을 반성하는"
가미,115,2,7,5,"을 가미하여, 을 가미하고, 를 가미하여, 을 가미하는, 을 가미하였"
이륙,115,8,10,6,"에서 이륙하던, 에서 이륙하여, 에서 이륙하는, 에서 이륙했다, 을 이륙하여, 에 이륙하는"
복역,115,6,8,6,"에서 복역하던, 을 복역하고, 에서 복역했다, 에서 복역하였, 에서 복역하다가, 을 복역했다"
깔끔,115,13,2,6,"을 깔끔하게, 를 깔끔하게, 로 깔끔하게, 가 깔끔하게, 으로 깔끔하게, 은 깔끔하게"
악용,114,4,4,5,"을 악용하여, 를 악용하여, 을 악용하는, 를 악용하는, 을 악용한것"
회귀,114,3,8,6,"로 회귀했다, 로 회귀하는, 으로 회귀했다, 으로 회귀하였, 로 회귀하였, 으로 회귀하는"
행진,114,8,10,9,"으로 행진하는, 까지 행진하는, 를 행진하였, 으로 행진했다, 에서 행진하는, 까지 행진하였, 를 행진하는, 를 행진하며, 으로 행진하였"
지켜야,114,8,7,6,"을 지켜야하는, 를 지켜야하는, 를 지켜야한다, 을 지켜야한다, 를 지켜야했다, 가 지켜야할계율"
부적합,114,5,5,5,"에 부적합하다, 는 부적합하다, 는 부적합하다고, 에 부적합하다고, 에 부적합하다는"
아닐까,114,3,3,5,"이 아닐까하는, 이 아닐까하고, 이 아닐까한다, 가 아닐까하는, 은 아닐까하는"
완패,114,5,7,6,"로 완패하였, 으로 완패했다, 로 완패하며, 로 완패했다, 으로 완패하며, 에게 완패하였"
축성,114,7,9,6,"을 축성하고, 을 축성하였, 을 축성할때, 을 축성하여, 을 축성했다, 을 축성한다"
규율,114,3,4,2,"를 규율하는, 을 규율하는"
확실히,113,3,5,5,"을 확실히하였, 를 확실히하기, 을 확실히하기, 을 확실히했다, 을 확실히하는"
급사,113,6,8,8,"에 급사했다, 가 급사하자, 로 급사하였, 가 급사하면서, 에 급사하였, 에서 급사했다, 이 급사하자, 가 급사하고"
대한민국,112,7,5,4,"은 대한민국해군의, 은 대한민국해군이, 는 대한민국해군의, 은 대한민국해양수산부의"
수훈,112,1,2,2,"을 수훈하였, 을 수훈했다"
사육,111,4,7,6,"를 사육하는, 를 사육하고, 을 사육한다, 을 사육하는, 을 사육하고, 에서 사육하는"
의논,111,6,8,6,"을 의논하였, 를 의논하였, 와 의논하여, 을 의논한일, 을 의논하고, 을 의논하기"
전진,111,11,12,6,"으로 전진했다, 으로 전진하여, 로 전진하였, 로 전진하는, 로 전진하여, 으로 전진하는"
범람,111,6,7,7,"이 범람하였, 이 범람하여, 이 범람할때, 이 범람하면서, 이 범람하고, 가 범람하여, 가 범람하는"
시연,111,4,5,6,"을 시연했다, 을 시연하였, 를 시연하였, 를 시연했다, 을 시연하고, 을 시연하는"
난무,111,2,4,4,"이 난무하고, 가 난무하는, 이 난무하는, 이 난무했다"
농성,111,4,6,7,"에서 농성하는, 에서 농성하며, 이 농성하는, 에서 농성하고, 에서 농성하였, 에서 농성하던, 가 농성하고"
적,111,7,4,2,"이 적하, 의 적하"
격분,110,4,4,5,"에 격분하여, 에 격분한다, 는 격분하여, 에 격분하였, 은 격분하여"
취역,110,7,4,5,"에 취역했다, 에 취역하였, 이 취역했다, 에 취역하여, 부터 취역하여"
조용,110,13,8,7,"은 조용하고, 으로 조용하고, 는 조용하고, 이 조용하고, 의 조용한방문, 의 조용하고, 을 조용하게"
모델링,109,4,7,6,"을 모델링하는, 를 모델링하기, 을 모델링하고, 을 모델링하기, 를 모델링하는, 을 모델링할수"
공공연,108,9,3,6,"를 공공연하게, 을 공공연하게, 이 공공연하게, 가 공공연하게, 는 공공연하게, 은 공공연하게"
축구,108,3,2,2,"의 축구해설가, 의 축구해설위원"
참수,108,3,4,6,"을 참수하는, 을 참수했다, 을 참수하였, 을 참수하고, 를 참수하는, 를 참수했다"
완강,108,6,3,6,"을 완강하게, 이 완강하게, 은 완강하게, 의 완강한반대, 의 완강한저항, 를 완강하게"
나란히,108,3,6,4,"를 나란히하는, 를 나란히했다, 를 나란히하고, 를 나란히하며"
열람,107,6,4,5,"을 열람할수, 를 열람할수, 에서 열람할수, 이 열람할수, 로 열람할수"
단절,107,4,4,3,"를 단절하였, 를 단절하고, 를 단절했다"
이웃,107,11,5,6,"와 이웃하는, 과 이웃하고, 은 이웃하는, 의 이웃한두, 의 이웃하는, 와 이웃하고"
쇄도,107,7,9,7,"으로 쇄도하는, 가 쇄도했다, 으로 쇄도하여, 이 쇄도하자, 이 쇄도하였, 이 쇄도하여, 이 쇄도했다"
조립,107,7,8,5,"을 조립하는, 을 조립하고, 을 조립하여, 를 조립하는, 를 조립하고"
총명,107,5,3,5,"은 총명하고, 부터 총명하여, 는 총명하고, 부터 총명하고, 이 총명하고"
엄호,107,3,7,7,"을 엄호하기, 를 엄호하고, 을 엄호하는, 를 엄호하는, 를 엄호하기, 의 엄호하에, 을 엄호했다"
회부,106,2,6,5,"에 회부할것, 에 회부하였, 에 회부하여, 에 회부했다, 에 회부하는"
발송,106,6,8,7,"을 발송했다, 을 발송하였, 를 발송하였, 를 발송하는, 를 발송하여야, 를 발송했다, 을 발송하여"
치환,106,4,8,7,"으로 치환하여, 으로 치환하는, 로 치환하는, 로 치환하여, 로 치환하면, 로 치환한다, 로 치환한것"
출자,106,9,7,6,"가 출자하여, 이 출자하여, 을 출자했다, 을 출자하여, 이 출자하는, 을 출자하였"
호평,106,7,4,7,"라고 호평하였, 라고 호평했다, 고 호평했다, 을 호평하였, 를 호평했다, 을 호평했다, 고 호평하였"
영접,105,4,6,6,"을 영접하였, 을 영접하기, 을 영접하고, 를 영접하였, 를 영접하는, 을 영접하는"
여전,105,6,5,6,"은 여전했다, 는 여전하다, 은 여전하였, 는 여전했다, 도 여전하다, 은 여전하다"
말씀,105,6,4,6,"에게 말씀하셨, 께서 말씀하신, 께서 말씀하시, 에게 말씀하시, 께서 말씀하셨, 이 말씀하신"
홍,105,9,5,5,"가 홍해, 와 홍해, 는 홍해, 에서 홍해, 은 홍해"
위촉,105,7,6,5,"을 위촉하여, 으로 위촉하였, 이 위촉하는, 이 위촉한다, 가 위촉하며"
한다고,104,6,8,4,"도 한다고한다, 을 한다고한다, 을 한다고하여, 를 한다고한다"
간편,104,11,3,6,"을 간편하게, 를 간편하게, 로 간편하게, 이 간편하다, 으로 간편하게, 이 간편하고"
자결,104,10,9,7,"는 자결하였, 에서 자결하였, 에 자결하였, 로 자결하였, 에서 자결했다, 으로 자결하였, 은 자결했다"
배회,104,2,6,7,"을 배회하고, 를 배회하는, 을 배회하던, 를 배회하던, 을 배회한다, 을 배회하는, 를 배회하고"
각오,104,3,2,3,"를 각오하고, 을 각오했다, 을 각오하고"
안착,104,2,4,4,"에 안착하였, 에 안착했다, 에 안착하는, 에 안착하게"
교호,104,2,4,4,"이 교호한다, 이 교호하며, 이 교호하고, 이 교호하는"
투척,103,4,7,6,"을 투척하고, 을 투척하였, 을 투척했다, 을 투척한사건, 을 투척하여, 을 투척하는"
포진,103,4,6,5,"에 포진해있, 에 포진했다, 에 포진하였, 이 포진해있, 에 포진하고"
3,103,10,11,6,"은 3할대, 의 3할을, 에 3할대, 는 3할대, 이 3할대, 으로 3할대"
분담,103,4,9,6,"을 분담하는, 을 분담하여, 를 분담하고, 을 분담하고, 을 분담하기, 를 분담하는"
편승,103,1,2,2,"에 편승하여, 에 편승하는"
착취,103,3,3,4,"을 착취하는, 를 착취하는, 을 착취하여, 을 착취하고"
증대,103,7,8,7,"을 증대하기, 이 증대하였, 을 증대하는, 이 증대함에, 이 증대하고, 이 증대하여, 을 증대하고"
공용,103,4,5,6,"를 공용하고, 을 공용한다, 을 공용하며, 와 공용하는, 을 공용하는, 와 공용한다"
수령,103,5,8,6,"을 수령하였, 을 수령할수, 을 수령했다, 을 수령하고, 를 수령하였, 를 수령할수"
부화,103,8,8,5,"에 부화하고, 에 부화한다, 이 부화하여, 에서 부화하여, 에 부화하며"
긍정,102,3,5,5,"을 긍정하고, 을 긍정하면서, 를 긍정하고, 를 긍정하는, 을 긍정하는"
미미,102,10,14,6,"는 미미하다, 이 미미하다, 는 미미하였, 은 미미하다, 은 미미했다, 는 미미했다"
면담,102,4,6,7,"을 면담하고, 를 면담했다, 을 면담했다, 과 면담하였, 을 면담하였, 를 면담하고, 과 면담하고"
낭비,102,3,8,5,"을 낭비하는, 을 낭비하고, 을 낭비하지, 을 낭비하게, 을 낭비했다"
경시,102,3,4,5,"를 경시하고, 을 경시하는, 를 경시하는, 을 경시하고, 을 경시했다"
호종,102,5,6,7,"를 호종하였, 까지 호종하였, 를 호종하여, 을 호종하여, 을 호종하는, 을 호종하였, 을 호종한공"
분별,102,4,8,6,"를 분별하는, 을 분별하고, 을 분별하는, 로 분별하여, 을 분별할수, 을 분별함,"
진력,101,2,4,4,"에 진력하였, 에 진력하여, 에 진력하고, 에 진력했다"
통달,101,4,7,5,"도 통달하였, 에 통달하고, 에 통달하였, 에 통달한자, 에 통달하여"
정화,101,3,5,5,"을 정화하는, 를 정화하기, 을 정화하고, 을 정화하기, 를 정화하는"
무마,100,2,7,5,"를 무마하기, 을 무마하기, 을 무마하고, 을 무마하려, 을 무마하려고"
양산,100,3,8,6,"를 양산하는, 을 양산하는, 을 양산하였, 을 양산했다, 를 양산했다, 을 양산하기"
추궁,100,2,8,6,"를 추궁하였, 을 추궁했다, 을 추궁하는, 를 추궁했다, 을 추궁하였, 를 추궁하고"
첨부,100,3,8,6,"을 첨부하여, 를 첨부하여, 를 첨부하였, 에 첨부하여, 을 첨부하였, 을 첨부할수"
인증,100,8,7,6,"을 인증하는, 를 인증하는, 을 인증하기, 을 인증하고, 가 인증하는, 을 인증했다"
반조,100,1,1,1,을 반조하여
집계,99,8,10,6,"을 집계하는, 을 집계하여, 를 집계한것, 으로 집계했다, 를 집계하는, 만 집계하였"
직감,99,2,4,4,"을 직감하고, 을 직감한다, 을 직감했다, 을 직감하였"
연상,99,2,4,4,"을 연상하게, 을 연상하는, 를 연상하게, 를 연상하는"
얘기,98,14,10,5,"을 얘기하지, 을 얘기한다, 을 얘기하는, 를 얘기하는, 을 얘기하고"
산정,98,4,9,6,"을 산정하여, 를 산정하기, 를 산정하는, 을 산정한다, 을 산정하는, 을 산정함에"
출몰,98,5,8,6,"에 출몰하는, 이 출몰하는, 이 출몰하였, 이 출몰하여, 에 출몰하여, 이 출몰하고"
전직,98,3,4,6,"로 전직하였, 으로 전직할수, 로 전직하여, 으로 전직하였, 로 전직했다, 로 전직할수"
세습,98,4,6,6,"을 세습하는, 를 세습했다, 을 세습하였, 를 세습하였, 을 세습했다, 를 세습하는"
갈음,98,2,2,2,"에 갈음하여, 에 갈음하는"
재적,98,3,5,4,"이 재적하고, 에 재적하고, 에 재적하는, 이 재적한다"
내셔널,98,4,1,4,"에 내셔널하키리그, 는 내셔널하키리그, 로 내셔널하키리그, 까지 내셔널하키리그"
미쿠리,98,1,1,1,나 미쿠리하시
보답,97,5,7,5,"에 보답했다, 에 보답하고, 에 보답하는, 에 보답하고자, 에 보답하기"
질투,97,5,6,6,"을 질투하는, 를 질투하여, 을 질투하고, 를 질투한다, 를 질투하고, 를 질투하는"
적발,97,2,6,7,"을 적발하고, 를 적발하는, 을 적발하여, 을 적발하는, 을 적발하였, 를 적발하여, 을 적발했다"
위독,97,4,5,6,"가 위독하다는, 가 위독해지, 이 위독한상태, 이 위독하자, 이 위독해지, 이 위독하다는"
관철,96,2,7,8,"를 관철하기, 을 관철하였, 를 관철하고, 을 관철하는, 을 관철하기, 을 관철하고, 을 관철했다, 을 관철하여"
사업,96,1,1,1,가 사업하는
묵인,96,5,6,7,"을 묵인하는, 을 묵인하였, 를 묵인하는, 를 묵인하고, 를 묵인했다, 을 묵인했다, 를 묵인하였"
신랄,96,4,2,2,"을 신랄하게, 를 신랄하게"
지양,96,3,3,3,"를 지양하고, 을 지양하고, 을 지양하는"
재위,96,6,7,4,"까지 재위하는, 로 재위하였, 까지 재위하였, 까지 재위했다"
인터뷰,95,8,10,6,"을 인터뷰하는, 을 인터뷰하였, 를 인터뷰하는, 라고 인터뷰하였, 을 인터뷰하고, 을 인터뷰했다"
평범,95,15,17,8,"는 평범한인간, 은 평범한사람, 의 평범하고, 는 평범하고, 를 평범하게, 은 평범하지만, 의 평범한일상, 는 평범하게"
경질,95,3,4,4,"을 경질하고, 를 경질하고, 을 경질하는, 을 경질하였"
당당,95,13,4,5,"는 당당하게, 에서 당당하게, 을 당당하게, 도 당당하게, 에 당당하게"
미세,95,13,7,7,"의 미세한차이, 이 미세하게, 을 미세하게, 의 미세한변화, 를 미세하게, 가 미세하게, 과 미세함)"
주연,95,3,8,6,"가 주연한영화, 이 주연했다, 이 주연한영화, 가 주연한《, 에 주연하였, 가 주연했다"
대파,95,5,7,6,"으로 대파하고, 을 대파하고, 를 대파하고, 을 대파하여, 을 대파하였, 로 대파하고"
월동,95,3,2,3,"에서 월동한다, 에서 월동하는, 로 월동한다"
꺼,94,2,2,2,"을 꺼려했, 를 꺼려했"
투명,94,15,8,4,"을 투명하게, 에 투명하게, 를 투명하게, 는 투명하고"
예정,94,5,5,3,"을 예정하고, 으로 예정하고, 를 예정하고"
이직,94,2,3,5,"으로 이직했다, 으로 이직하였, 로 이직하였, 로 이직하여, 로 이직했다"
파산,94,7,10,7,"이 파산한후, 이 파산하고, 이 파산하면서, 가 파산하면서, 에 파산했다, 에 파산하였, 가 파산하여"
게양,94,5,6,5,"를 게양하고, 를 게양한다, 를 게양하는, 를 게양하였, 를 게양했다"
나포,94,3,5,6,"을 나포하고, 을 나포하였, 을 나포하는, 을 나포하여, 을 나포했다, 를 나포했다"
감동,94,4,3,2,"에 감동하여, 이 감동하여"
찬미,94,2,3,4,"을 찬미하는, 을 찬미하고, 을 찬미하며, 를 찬미하는"
불쾌,93,12,5,2,"을 불쾌하게, 를 불쾌하게"
간,93,7,1,4,"을 간하, 이 간하, 를 간하, 으로 간하"
루,93,5,4,4,"와 루한, 와 루한스크, 는 루한스크, 랴 루한스크"
왕복,92,3,4,4,"를 왕복하는, 을 왕복하는, 를 왕복하며, 을 왕복한다"
극명,92,8,2,5,"가 극명하게, 에서 극명하게, 을 극명하게, 를 극명하게, 이 극명하게"
투고,91,4,7,7,"에 투고한글, 을 투고하고, 을 투고하기, 를 투고하였, 을 투고했다, 을 투고하였, 에 투고했다"
불신,91,2,6,7,"을 불신하는, 을 불신하게, 을 불신하고, 를 불신하였, 를 불신하게, 를 불신하는, 을 불신했다"
첫,91,7,5,5,"의 첫해에, 는 첫해에, 의 첫해, 에서 첫해트트릭, 의 첫해트트릭"
간과,91,6,8,6,"도 간과할수, 을 간과해서는, 를 간과할수, 을 간과할수, 을 간과한것, 을 간과하고"
구비,91,2,6,3,"을 구비하고, 을 구비하는, 를 구비하고"
맞대결,91,4,4,3,"과 맞대결하게, 은 맞대결하지, 에서 맞대결한다"
집대성,90,4,8,6,"를 집대성하여, 를 집대성하는, 을 집대성한것, 을 집대성하여, 을 집대성하였, 을 집대성하였으며"
퇴위,90,7,9,6,"가 퇴위할때, 가 퇴위하고, 가 퇴위하면서, 가 퇴위하자, 이 퇴위하고, 는 퇴위하고"
처참,90,10,6,5,"은 처참하게, 이 처참하게, 는 처참하게, 의 처참한성적, 에게 처참하게"
적대,90,7,8,5,"을 적대하는, 에 적대하는, 를 적대하는, 와 적대하는, 과 적대하는"
거병,90,6,6,5,"에서 거병하여, 가 거병하자, 가 거병하여, 이 거병하여, 에서 거병하였"
우대,90,2,4,5,"를 우대하는, 을 우대하고, 을 우대하는, 을 우대하였, 을 우대하여"
처분,90,7,9,6,"를 처분하고, 을 처분하였, 을 처분하고, 을 처분하여, 의 처분했다, 을 처분하는"
파,90,2,4,3,"을 파하, 를 파하, 을 파해"
써야,89,5,4,4,"를 써야한다, 을 써야한다, 을 써야하는, 로 써야한다"
상의,89,6,8,4,"과 상의하여, 과 상의하였, 와 상의하여, 과 상의하지"
입점,89,4,4,3,"가 입점해있, 이 입점해있, 에 입점해있"
사면,89,2,6,6,"를 사면하는, 를 사면하였, 을 사면하였, 을 사면하는, 을 사면하고, 를 사면하고"
위조,89,2,8,3,"를 위조하는, 를 위조하여, 을 위조하여"
연유,89,3,5,6,"에서 연유한것, 에서 연유한다, 에 연유하여, 에서 연유하였, 서 연유한다, 에 연유한다"
종단,89,4,4,5,"으로 종단하고, 을 종단하고, 를 종단하는, 으로 종단하는, 을 종단하는"
학대,88,3,6,5,"을 학대하는, 으로 학대하는, 을 학대하고, 를 학대하는, 를 학대하고"
대두,88,5,7,6,"이 대두하게, 가 대두하여, 이 대두하여, 이 대두하였, 이 대두하고, 이 대두하면서"
시성,88,3,3,2,"가 시성한성인, 으로 시성하였"
회담,88,3,6,6,"과 회담하고, 과 회담하였, 과 회담했다, 와 회담하였, 과 회담하여, 과 회담하는"
기다려야,88,3,3,5,"을 기다려야했다, 을 기다려야한다, 을 기다려야하는, 까지 기다려야한다, 까지 기다려야했다"
매장,88,5,9,5,"에 매장했다, 에 매장하였, 에 매장하는, 을 매장하는, 를 매장하는"
자청,88,2,6,5,"을 자청했다, 를 자청하여, 을 자청하였, 을 자청하여, 를 자청했다"
강간,88,2,9,6,"를 강간하는, 을 강간하는, 를 강간하려고, 을 강간하고, 를 강간하고, 을 강간했다"
풍미,87,2,4,3,"를 풍미했던, 를 풍미하였, 를 풍미했다"
어필,87,5,7,6,"에게 어필할수, 을 어필하는, 에게 어필하기, 을 어필하고, 을 어필했다, 에게 어필하는"
입안,87,4,6,5,"을 입안했다, 을 입안하여, 을 입안하고, 을 입안하는, 을 입안하였"
제패,87,3,7,5,"을 제패했다, 를 제패했다, 을 제패하는, 를 제패하였, 을 제패하고"
채굴,87,3,5,5,"을 채굴한다, 을 채굴하는, 을 채굴하기, 을 채굴하여, 을 채굴하고"
한탄,87,5,8,5,"을 한탄하였, 을 한탄하고, 을 한탄하며, 를 한탄하며, 을 한탄하는"
어,87,6,4,5,"이 어찌하, 을 어찌하, 나 어떡해, 을 어려워하, 가 어찌하"
하달,87,3,5,5,"에 하달하였, 을 하달하고, 을 하달하였, 을 하달했다, 을 하달하는"
마땅,87,4,5,4,"이 마땅하다고, 이 마땅하다, 이 마땅하다는, 이 마땅한일"
주청,87,4,6,4,"을 주청하였, 을 주청하는, 을 주청하였으나, 을 주청하여"
심판,86,6,8,5,"을 심판한다, 을 심판하기, 를 심판하러, 을 심판하는, 를 심판하는"
폭파,86,4,6,6,"을 폭파하고, 를 폭파하였, 를 폭파하고, 을 폭파하는, 을 폭파하여, 를 폭파하여"
인계,86,4,4,6,"에 인계하고, 을 인계하고, 를 인계하고, 에게 인계하고, 에 인계하였, 에게 인계하였"
두려워,86,8,8,6,"을 두려워하여, 도 두려워하지, 을 두려워하였, 는 두려워하여, 가 두려워하는, 를 두려워하지"
해체,86,9,9,5,"에 해체했다, 을 해체한다, 을 해체했다, 으로 해체했다, 를 해체했다"
전제,86,4,6,4,"을 전제한다, 을 전제하고, 을 전제하는, 를 전제하고"
함양,86,2,4,4,"을 함양하는, 을 함양할수, 을 함양하고, 을 함양하기"
강탈,85,2,6,6,"을 강탈하고, 을 강탈하여, 을 강탈하기, 를 강탈하고, 을 강탈하는, 을 강탈했다"
유린,85,2,5,6,"을 유린했다, 을 유린하였, 를 유린하였, 를 유린하고, 을 유린하여, 을 유린하고"
처치,85,3,6,6,"를 처치하는, 를 처치하고, 을 처치하고, 를 처치한다, 를 처치하기, 을 처치하는"
비참,85,10,7,6,"의 비참한삶, 의 비참한생활, 에서 비참하게, 의 비참한최후, 의 비참함을, 의 비참한상황"
배향,85,4,4,5,"을 배향하였, 을 배향하고, 에 배향하였, 을 배향하는, 를 배향하고"
영유,84,4,5,6,"를 영유하고, 을 영유하는, 을 영유하고, 을 영유했다, 를 영유하는, 를 영유했다"
근사,84,5,4,5,"를 근사하는, 을 근사하는, 로 근사할수, 로 근사하는, 으로 근사할수"
즐비,84,2,5,4,"이 즐비하게, 이 즐비하고, 이 즐비하다, 이 즐비해있"
라,84,3,6,6,"을 라하면, 을 라하고, 를 라하자, 를 라하면, 을 라할때, 을 라하자"
원조,84,4,6,5,"을 원조하는, 을 원조하여, 을 원조하기, 을 원조하였, 를 원조하였"
봉헌,84,5,5,7,"을 봉헌하는, 를 봉헌했다, 를 봉헌하고, 를 봉헌하는, 을 봉헌했다, 에게 봉헌하는, 에게 봉헌하였"
응모,84,5,6,6,"에 응모하기, 에 응모하여, 에 응모했지만, 에 응모하였, 에 응모해,, 이 응모하여"
절묘,84,7,2,5,"를 절묘하게, 을 절묘하게, 의 절묘한조화, 이 절묘하게, 가 절묘하게"
세력,84,3,1,3,"의 세력하에, 를 세력하에, 을 세력하에"
서임,84,5,4,5,"으로 서임하였, 로 서임하였, 에 서임하였, 에 서임했다, 에 서임하고"
:,84,8,2,2,"가 :하기와라유, 나 :해당부분"
급부상,83,4,6,5,"로 급부상했다, 로 급부상하였, 으로 급부상하였, 로 급부상하게, 으로 급부상했다"
순직,83,6,3,3,"이 순직하였, 이 순직하고, 로 순직했다"
청취,83,5,5,5,"를 청취할수, 을 청취할수, 에서 청취할수, 을 청취하고, 로 청취할수"
고찰,83,4,8,6,"으로 고찰하는, 을 고찰하고, 를 고찰한다, 를 고찰하는, 을 고찰하는, 를 고찰할수"
증강,83,4,6,6,"을 증강하고, 을 증강했다, 을 증강하여, 을 증강하기, 을 증강하였, 을 증강하는"
피해야,83,4,3,3,"을 피해야한다, 를 피해야한다, 은 피해야한다"
접경,83,2,4,4,"와 접경하고, 과 접경하고, 와 접경한다, 과 접경한다"
전라남도,83,2,9,7,"는 전라남도함평군함평읍, 은 전라남도해남군해남읍, 는 전라남도해남군황산면, 는 전라남도해남군문내면, 은 전라남도함평군함평읍, 는 전라남도해남군해남읍, 는 전라남도해남군에"
단사,82,4,4,3,"는 단사함수이, 은 단사함수이, 은 단사함수인"
무색,82,4,2,5,"이 무색하게, 를 무색하게, 을 무색하게, 가 무색하게, 이 무색할정도"
실감,82,2,5,5,"을 실감하고, 을 실감할수, 를 실감하게, 을 실감하게, 을 실감했다"
갈망,82,4,6,3,"을 갈망하는, 를 갈망하는, 를 갈망하고"
가혹,82,15,13,3,"을 가혹하게, 의 가혹한통치, 를 가혹하게"
상연,82,5,6,5,"을 상연하였, 에서 상연하였, 을 상연하여, 를 상연하였, 을 상연하는"
친절,82,9,4,4,"은 친절하고, 는 친절하고, 에게 친절하고, 에게 친절하게"
꺼려,82,3,7,6,"을 꺼려하여, 을 꺼려하였, 을 꺼려하고, 을 꺼려하는, 를 꺼려하는, 를 꺼려하고"
색출,82,2,5,6,"를 색출하는, 을 색출하기, 를 색출하기, 을 색출하고, 을 색출하여, 을 색출하는"
시기,82,2,4,5,"을 시기하여, 를 시기하여, 를 시기하고, 을 시기하고, 를 시기하는"
증축,82,5,7,4,"을 증축하여, 을 증축하고, 을 증축하였, 을 증축했다"
근절,81,2,3,5,"를 근절하기, 을 근절하기, 를 근절하고, 을 근절하는, 를 근절하는"
돌진,81,6,7,7,"로 돌진하여, 으로 돌진하여, 에게 돌진하여, 으로 돌진했다, 로 돌진했다, 으로 돌진하였, 으로 돌진하는"
부득이,81,5,3,6,"는 부득이하게, 에 부득이하게, 이 부득이한사유, 은 부득이하게, 로 부득이하게, 이 부득이하게"
안장,81,3,4,2,"에 안장하였, 에 안장했다"
교유,81,3,4,4,"과 교유하며, 과 교유하였, 도 교유하였, 과 교유하면서"
입선,81,8,9,6,"에 입선하였, 에 입선하고, 에 입선한다, 에 입선하는, 에 입선하여, 에 입선했다"
욕,81,3,5,2,"를 욕하, 을 욕하"
함축,80,3,3,3,"를 함축하고, 을 함축하고, 을 함축한다"
입항,80,3,4,4,"에 입항했다, 에 입항하여, 에 입항하는, 에 입항하였"
추월,80,3,11,6,"을 추월하여, 을 추월할것, 를 추월하였, 를 추월하여, 를 추월했다, 를 추월하는"
호,80,7,3,2,"의 호위함, 의 호한"
반항,80,4,7,3,"에 반항하는, 에 반항하여, 에게 반항하는"
따,80,2,2,4,"을 따라한, 을 따라했, 를 따라한, 를 따라했"
업데이트,79,5,9,7,"으로 업데이트하여, 를 업데이트하는, 으로 업데이트한다, 을 업데이트하여, 을 업데이트할수, 를 업데이트했다, 을 업데이트하는"
내려야,79,2,3,2,"을 내려야했다, 을 내려야한다"
교수,79,2,3,2,"을 교수하고, 을 교수하는"
종결,78,5,5,5,"을 종결하였, 를 종결하였, 을 종결하는, 을 종결했다, 을 종결하고"
삭감,78,2,5,4,"을 삭감하는, 를 삭감하는, 을 삭감하고, 을 삭감하였"
내정,78,5,5,5,"을 내정하였, 로 내정하였, 으로 내정했다, 으로 내정하였, 를 내정했다"
구타,78,4,5,5,"을 구타하는, 을 구타하였, 를 구타하고, 을 구타하고, 를 구타하는"
향상,78,5,5,3,"을 향상하기, 을 향상하는, 을 향상하고"
혹,78,4,3,4,"의 혹한, 가 혹한, 이 혹하, 에 혹해"
적법,78,10,8,6,"에서 적법하게, 는 적법한절차, 가 적법하게, 이 적법하게, 을 적법하게, 에 적법하게"
옥사,78,7,3,4,"의 옥사한사람, 에서 옥사하였, 에 옥사하였, 에서 옥사했다"
피로,78,7,4,2,"를 피로했다, 을 피로했다"
우월,77,8,8,5,"의 우월함을, 보다 우월하다고, 보다 우월하다는, 보다 우월하다, 이 우월하다고"
고문,77,2,4,5,"을 고문하는, 를 고문하여, 을 고문하고, 를 고문하고, 을 고문하여"
가결,77,4,4,4,"을 가결했다, 를 가결하였, 을 가결하였, 로 가결했다"
지출,77,8,7,6,"을 지출하고, 를 지출하고, 을 지출했다, 을 지출하여, 를 지출하는, 을 지출하는"
간결,77,13,4,4,"이 간결하고, 을 간결하게, 를 간결하게, 은 간결하고"
대등,77,12,8,3,"와 대등한위치, 과 대등하게, 와 대등하게"
흥행,77,8,4,4,"을 흥행하는, 을 흥행하였, 을 흥행하고, 를 흥행하는"
소홀히,77,4,7,6,"도 소홀히하지, 를 소홀히하고, 을 소홀히하는, 를 소홀히하여, 를 소홀히하였, 을 소홀히하였"
염원,77,2,3,2,"를 염원하는, 을 염원하는"
자퇴,77,3,4,4,"를 자퇴했다, 를 자퇴하고, 를 자퇴하였, 을 자퇴하고"
제사,77,4,2,2,"을 제사하는, 를 제사하고"
졸,77,4,4,4,"로 졸하였, 로 졸하자, 에 졸하였, 로 졸했다"
상냥,77,9,7,5,"도 상냥하게, 에게 상냥하게, 는 상냥하고, 은 상냥하고, 는 상냥하게"
참패,76,10,10,6,"에서 참패하였, 에서 참패하고, 에 참패했다, 에서 참패하여, 에서 참패했다, 에게 참패하였"
시원,76,12,4,4,"를 시원하게, 을 시원하게, 은 시원하고, 는 시원하고"
말살,76,2,6,6,"을 말살하는, 을 말살하기, 를 말살하기, 을 말살하려는, 을 말살하고, 를 말살하는"
평탄,76,7,6,5,"는 평탄하고, 는 평탄한지형, 을 평탄하게, 은 평탄하고, 는 평탄하다"
초연,76,7,5,4,"에서 초연했다, 을 초연했다, 에서 초연하였, 를 초연했다"
딱,76,8,3,4,"를 딱하게, 에서 딱한번, 에 딱한번, 에게 딱한가지"
보필,76,3,7,5,"를 보필하는, 를 보필하였, 을 보필하여, 을 보필하는, 을 보필하였"
캐스팅,76,5,6,6,"을 캐스팅했다, 을 캐스팅하였, 를 캐스팅하는, 을 캐스팅하여, 를 캐스팅하였, 을 캐스팅하기"
징발,75,4,6,4,"을 징발하여, 을 징발하는, 를 징발하여, 을 징발할수"
올림픽,75,1,1,1,의 올림픽하키참가
책정,74,5,7,5,"을 책정하고, 을 책정하여, 을 책정하는, 으로 책정했다, 을 책정했다"
편제,74,4,3,4,"로 편제하여, 를 편제하여, 을 편제하고, 를 편제하고"
성대,74,10,1,5,"를 성대하게, 에서 성대하게, 을 성대하게, 가 성대하게, 이 성대하게"
분사,74,8,7,5,"로 분사하였, 을 분사하여, 를 분사하여, 를 분사하는, 에서 분사하여"
이루어져야,74,6,5,4,"이 이루어져야한다, 가 이루어져야한다, 으로 이루어져야한다, 에서 이루어져야한다"
호스팅,74,4,5,5,"을 호스팅하는, 를 호스팅하고, 를 호스팅한다, 을 호스팅한다, 를 호스팅하는"
소망,74,4,2,2,"은 소망하는, 는 소망한다내게"
정제,73,3,5,5,"을 정제하고, 을 정제하여, 를 정제하여, 를 정제하는, 을 정제하는"
귀향,73,4,4,4,"로 귀향하였, 으로 귀향하여, 로 귀향하여, 에 귀향하여"
방치,73,4,10,6,"을 방치하는, 을 방치하고, 을 방치할수, 를 방치하고, 를 방치하였, 을 방치하면"
문란,73,7,3,4,"이 문란해지, 를 문란하게, 을 문란하게, 가 문란해지"
시복,73,2,1,1,가 시복한복자
타협,73,7,8,5,"와 타협하지, 와 타협하여, 에 타협하지, 과 타협하여, 과 타협하지"
흡입,73,3,5,5,"를 흡입하는, 를 흡입하여, 를 흡입하면, 을 흡입하는, 을 흡입하여"
공평,73,10,3,4,"를 공평하게, 을 공평하게, 에게 공평하게, 이 공평하게"
수려,73,7,6,4,"이 수려하다, 이 수려하고, 이 수려하여, 의 수려한자연"
너무,73,3,4,3,"이 너무해》, 이 너무해2, 이 너무해("
유포,73,5,8,4,"을 유포하고, 을 유포한혐의, 를 유포하는, 을 유포하는"
폐막,72,4,1,2,"에서 폐막하였, 이 폐막하였"
대면,72,6,9,5,"과 대면한다, 과 대면하게, 와 대면한다, 와 대면하게, 와 대면하여"
예리,72,11,4,3,"을 예리하게, 를 예리하게, 가 예리한이"
병용,72,4,7,5,"를 병용하고, 를 병용하는, 을 병용하는, 을 병용할수, 를 병용하여"
조언,72,6,7,5,"을 조언했다, 에게 조언한다, 에게 조언하였, 고 조언했다, 을 조언하였"
실점,72,8,8,5,"을 실점했다, 을 실점하며, 을 실점하였, 을 실점하여, 을 실점하는"
푸른,72,4,6,4,"의 푸른하늘(, 이 푸른하늘에, 은 푸른하늘》, 까지 푸른하늘인가"
초회,72,4,2,4,"의 초회한정반, 의 초회한정판, 과 초회한정판, 는 초회한정반"
불그스레,72,4,2,3,"은 불그스레한갈색, 부터 불그스레한갈색, 는 불그스레한갈색"
열망,71,2,6,3,"를 열망했다, 를 열망하는, 을 열망하는"
잔존,71,12,7,5,"에 잔존하는, 가 잔존하고, 에 잔존해있, 에 잔존하고, 이 잔존하고"
잠복,71,4,3,3,"에 잠복해있, 에 잠복하여, 에 잠복하고"
타진,71,2,5,5,"를 타진했다, 을 타진하기, 을 타진하였, 을 타진했지만, 을 타진했다"
만끽,71,2,4,5,"를 만끽할수, 을 만끽한다, 을 만끽할수, 을 만끽하는, 을 만끽하고"
견고,70,13,9,3,"을 견고하게, 를 견고하게, 이 견고하고"
취입,70,6,6,5,"을 취입했다, 을 취입하기, 을 취입하여, 을 취입하였, 에 취입했다"
대조,70,4,7,4,"과 대조하여, 을 대조하여, 를 대조하여, 와 대조하여"
애용,70,4,6,5,"을 애용하는, 가 애용하는, 이 애용하는, 를 애용하고, 를 애용한다"
진언,70,5,7,4,"을 진언하였, 에게 진언하여, 을 진언했다, 에게 진언하였"
매복,70,6,5,4,"에서 매복하고, 에 매복하고, 에 매복해있, 에 매복하게"
지각,70,6,4,4,"를 지각하는, 이 지각하는, 을 지각하고, 을 지각하는"
/,70,2,1,1,나 /해설)
배달,70,5,6,3,"을 배달하는, 을 배달하고, 를 배달하는"
미달,69,1,2,2,"에 미달하여, 에 미달하는"
시정,69,2,6,5,"을 시정하고, 을 시정하기, 를 시정하는, 를 시정하기, 을 시정하는"
참관,69,4,5,6,"을 참관하고, 를 참관했다, 를 참관하고, 을 참관하였, 을 참관했다, 이 참관했다"
무능,69,10,9,5,"의 무능함을, 의 무능함에, 의 무능함과, 의 무능함이, 으로 무능하고"
수월,69,7,2,3,"을 수월하게, 를 수월하게, 이 수월하다"
적재,69,3,5,4,"을 적재하고, 를 적재할수, 을 적재할수, 을 적재하는"
입소,69,3,4,4,"에 입소하여, 에 입소했다, 에 입소하였, 으로 입소했다"
무자비,69,8,3,4,"의 무자비한탄압, 은 무자비한밤, 에게 무자비하게, 를 무자비하게"
통괄,69,2,5,2,"을 통괄하는, 를 통괄하는"
득,69,2,2,3,"을 득하, 를 득하, 를 득한"
조심,69,4,8,6,"을 조심해야한다, 에 조심해야한다, 을 조심하라, 를 조심하라, 를 조심하라고, 를 조심하세요"
베트남,69,4,7,4,"에 베트남하노이남동쪽, 에 베트남하노이남서쪽, 은 베트남하노이의, 에 베트남하노이남쪽"
노출,68,5,9,5,"를 노출하는, 를 노출하여, 을 노출하는, 을 노출하고, 를 노출하고"
포용,68,3,6,4,"을 포용하고, 을 포용하는, 를 포용하는, 를 포용하고"
사주,68,3,4,3,"을 사주하여, 을 사주했다는, 를 사주하여"
각별,68,12,10,5,"에 각별한주의, 에 각별한관심, 의 각별한신뢰, 의 각별한신임, 과 각별한사이"
불사,68,3,4,3,"도 불사하겠, 을 불사하는, 도 불사하는"
향유,68,3,5,5,"을 향유할수, 을 향유하고, 을 향유하는, 를 향유할수, 를 향유하는"
져야,68,2,4,4,"을 져야한다"", 을 져야한다, 을 져야하는, 를 져야했다"
우아,68,13,5,5,"의 우아하고, 은 우아하고, 과 우아함을, 의 우아함과, 는 우아하고"
습작,68,4,2,3,"가 습작했다, 이 습작했다, 를 습작하였"
완파,68,4,6,4,"으로 완파하고, 으로 완파하며, 로 완파하고, 으로 완파했다"
야,68,7,2,4,"는 야마하, 은 야마하, 의 야마하, 가 야하치만"
발차,68,4,2,3,"에서 발차하는, 에 발차하는, 에서 발차한다"
판시,67,5,4,4,"라고 판시하였, 고 판시했다, 고 판시하고, 고 판시하였"
모독,67,2,3,3,"을 모독하고, 을 모독하는, 를 모독하는"
바,67,5,3,3,"의 바하, 는 바하, 은 바하"
한몫,67,2,2,3,"도 한몫하였, 에 한몫했다, 도 한몫했다"
제지,67,4,8,6,"을 제지하는, 를 제지하는, 을 제지하기, 을 제지하고, 를 제지하고, 를 제지하려"
출진,67,7,3,5,"으로 출진하였, 로 출진하여, 에 출진했다, 에서 출진하여, 로 출진하였"
몰입,67,1,4,4,"에 몰입하게, 에 몰입하는, 에 몰입할수, 에 몰입하여"
적어도,66,7,6,2,"은 적어도하나의, 는 적어도하나의"
터치,66,4,4,3,"을 터치하여, 을 터치하면, 를 터치하면"
대출,66,4,4,2,"을 대출해주, 을 대출했다"
자백,66,5,5,4,"을 자백했다, 을 자백하고, 을 자백하였, 을 자백한것"
접견,66,4,7,4,"을 접견하는, 을 접견하였, 를 접견하였, 을 접견하고"
소급,66,7,1,4,"가 소급하여, 을 소급하여, 에 소급하여, 는 소급하여"
아시안,66,4,1,4,"과 아시안하이웨, 은 아시안하이웨, 는 아시안하이웨, 의 아시안하이웨"
수식,66,4,4,2,"를 수식하는, 을 수식하는"
빙자,66,2,1,2,"을 빙자하여, 를 빙자하여"
예장,66,2,1,2,"에 예장하였, 로 예장하였"
복당,65,2,2,4,"에 복당했다, 에 복당하였, 으로 복당했다, 으로 복당하였"
결집,65,7,7,4,"을 결집하고, 을 결집하여, 을 결집하는, 이 결집하여"
"""",65,16,17,6,"는 ""한국의, 은 ""하나의, 는 ""한번, 는 ""하나의, 은 ""한국의, 은 ""한국이"
시뮬레이션,65,3,6,3,"을 시뮬레이션할수, 을 시뮬레이션하는, 를 시뮬레이션하는"
파동,65,4,7,4,"는 파동함수의, 의 파동함수가, 의 파동함수는, 의 파동함수를"
잔혹,65,10,4,3,"을 잔혹하게, 의 잔혹함을, 를 잔혹하게"
경기,65,9,7,4,"이 경기하는, 에서 경기하는, 가 경기하는, 에서 경기했다"
오직,65,7,6,3,"는 오직하나의, 에 오직하나의, 은 오직하나의"
분출,65,8,11,5,"에서 분출하는, 이 분출하여, 을 분출하는, 이 분출하는, 이 분출했다"
봉기,65,5,5,3,"이 봉기하여, 이 봉기하였, 에서 봉기했다"
특기,65,5,1,3,"은 특기할만, 이 특기할만, 에서 특기할만"
득세,65,2,7,4,"이 득세하고, 이 득세하여, 이 득세하자, 이 득세하였"
저주,65,2,7,4,"를 저주하는, 을 저주하고, 을 저주하는, 를 저주하고"
부지,65,1,3,3,"을 부지하기, 을 부지할수, 을 부지하고"
송환,65,6,7,5,"으로 송환하였, 은 송환할것, 로 송환했다는, 으로 송환한책임자, 으로 송환하는"
전입,65,4,5,3,"에 전입했다, 이 전입할때, 에 전입한다"
감,65,3,3,4,"를 감하, 을 감해, 을 감하, 과 감한"
정산,65,3,2,2,"을 정산할수, 으로 정산할수"
만류,64,4,9,5,"를 만류하였, 을 만류하는, 를 만류하는, 을 만류하였, 이 만류하였"
북쪽,64,2,3,3,"의 북쪽해안에, 는 북쪽하늘의, 의 북쪽해안"
획책,64,2,6,4,"을 획책하고, 을 획책하는, 을 획책하였, 을 획책했다"
격상,64,2,5,4,"로 격상하는, 로 격상하고, 로 격상했다, 로 격상하였"
떠들썩,64,6,1,2,"을 떠들썩하게, 를 떠들썩하게"
포격,64,4,6,5,"을 포격하기, 를 포격하기, 를 포격했다, 을 포격하는, 을 포격했다"
공경,64,4,5,3,"을 공경하고, 을 공경하는, 를 공경하는"
심문,64,2,6,5,"을 심문하는, 를 심문하고, 를 심문하는, 을 심문하여, 을 심문했다"
출동,64,6,9,4,"가 출동하여, 이 출동하여, 로 출동하여, 에 출동하여"
보고,64,2,2,2,"에게 보고하기, 에게 보고하는"
디스,64,2,3,3,"를 디스하였, 를 디스하는, 을 디스하는"
KBS,64,3,3,3,"의 KBS한국방송공사), 는 KBS한민족, 는 KBS해피FM"
대담,63,14,4,5,"이 대담하고, 는 대담하고, 는 대담하게, 을 대담하게, 의 대담하고"
명료,63,7,3,2,"을 명료하게, 를 명료하게"
분산,63,6,5,5,"로 분산하여, 을 분산하고, 에 분산하여, 을 분산하기, 을 분산하는"
그렇게,63,9,11,4,"는 그렇게할수, 는 그렇게하는, 은 그렇게하지, 는 그렇게하지"
둔,63,5,2,2,"이 둔하, 가 둔하나신심"
영향력,63,1,2,1,의 영향력하에
점재,63,3,3,3,"이 점재하고, 이 점재한다, 이 점재하는"
무분별,63,10,1,5,"이 무분별하게, 을 무분별하게, 으로 무분별하게, 에 무분별하게, 를 무분별하게"
도발,63,3,5,5,"을 도발하여, 를 도발하여, 를 도발하는, 을 도발하고, 을 도발하는"
개간,63,2,5,4,"을 개간하여, 를 개간하여, 을 개간하고, 를 개간하고"
치러진,63,1,1,1,에서 치러진하원의원
투병,62,2,3,3,"으로 투병하다가, 으로 투병하다, 으로 투병하던"
성,62,7,5,4,"의 성함, 에 성하, 는 성한, 의 성하"
들어야,62,3,5,5,"을 들어야한다, 을 들어야했다, 에 들어야한다, 에 들어야한다는A, 에 들어야한다는B"
팔레스타인,62,4,1,3,"는 팔레스타인해방기구, 과 팔레스타인해방기구, 은 팔레스타인해방기구"
세세,62,7,2,3,"를 세세하게, 을 세세하게, 의 세세한부분"
반입,62,5,8,2,"을 반입하는, 에 반입하여야"
수강,62,4,6,5,"를 수강하였, 을 수강하고, 를 수강했다, 을 수강하는, 을 수강할수"
남쪽,62,4,3,3,"는 남쪽하늘의, 의 남쪽해안에, 의 남쪽해안"
개소,62,5,5,3,"를 개소하였, 를 개소하여, 가 개소하였"
나,62,11,3,4,"의 나하, 에 나하, 는 나하, 의 나한"
인코딩,62,4,5,2,"을 인코딩하는, 를 인코딩하는"
탐독,61,2,4,4,"을 탐독하고, 을 탐독하였, 을 탐독하며, 를 탐독하고"
등재,61,5,4,4,"에 등재하였, 으로 등재했다, 으로 등재하였, 에 등재했다"
운동,61,9,5,4,"로 운동하는, 는 운동하는, 으로 운동하는, 에서 운동하는"
진동,61,9,7,4,"으로 진동하는, 로 진동하는, 에서 진동하는, 가 진동하는"
과다,61,7,1,4,"이 과다하게, 을 과다하게, 가 과다하게, 를 과다하게"
리드,61,6,2,4,"를 리드하는, 을 리드하고, 로 리드하고, 을 리드하는"
태그,61,2,2,2,"에 태그하는, 에 태그해요금"
기울여야,61,2,3,2,"를 기울여야한다, 을 기울여야한다"
세심,61,6,3,3,"을 세심하게, 에 세심한주의, 를 세심하게"
행차,61,4,5,3,"에 행차하였, 에 행차하여, 에 행차할때"
합체,61,7,7,4,"와 합체하여, 로 합체하여, 와 합체하는, 과 합체하여"
화합,61,4,5,4,"이 화합하여, 과 화합하여, 가 화합하는, 가 화합하여"
입부,61,2,4,3,"에 입부한다, 에 입부하였, 에 입부했다"
치러야,60,2,3,3,"을 치러야했다, 을 치러야한다, 를 치러야했다"
안정,60,11,8,5,"의 안정한동위, 을 안정하게, 으로 안정한전략, 를 안정하게, 으로 안정하고"
강경,60,9,4,4,"에 강경하게, 를 강경하게, 는 강경하게, 을 강경하게"
합법화,60,2,5,4,"을 합법화하는, 을 합법화하였, 를 합법화하고, 를 합법화하는"
큼직,60,8,2,3,"을 큼직하게, 가 큼직하게, 이 큼직하게"
섭정,60,3,3,3,"가 섭정하였, 의 섭정하에, 이 섭정하였"
명중,60,6,6,3,"에 명중했다, 에 명중하였, 에 명중하여"
히트,60,7,6,5,"가 히트하였, 이 히트했다, 가 히트하면서, 에서 히트했다, 이 히트하였"
난립,59,2,5,4,"이 난립하였, 이 난립하고, 이 난립하여, 이 난립하는"
과장,59,3,5,4,"을 과장하여, 를 과장하여, 을 과장하는, 을 과장하거나"
내접,59,1,1,1,에 내접하는
연연,59,1,2,1,에 연연하지
약,59,7,4,4,"에서 약한달, 은 약한달, 까지 약한달, 는 약한달"
격노,59,7,7,3,"는 격노하여, 은 격노하여, 에 격노하여"
차출,59,6,5,3,"를 차출하여, 를 차출할수, 을 차출하여"
아닌,58,3,4,4,"가 아닌한,, 가 아닌하나의, 이 아닌하나의, 도 아닌해원》"
안주,58,1,3,2,"에 안주하는, 에 안주하지"
동쪽,58,4,2,2,"의 동쪽해안에, 의 동쪽해안"
채결,58,2,3,3,"을 채결하였, 을 채결했다, 을 채결하여"
건원,58,2,1,2,"로 건원함, 으로 건원함"
진주,57,4,8,4,"에 진주하면서, 이 진주하였, 에 진주한소련, 에 진주하였"
치밀,57,13,3,3,"을 치밀하게, 를 치밀하게, 이 치밀하고"
맹렬,57,12,5,3,"의 맹렬한공격, 의 맹렬한반대, 을 맹렬하게"
취해야,57,2,2,2,"를 취해야한다, 을 취해야한다"
적대시,57,2,5,3,"을 적대시하는, 를 적대시하는, 를 적대시하고"
출두,57,3,5,3,"에 출두하였, 에 출두했다, 에 출두하여"
강렬,57,15,9,4,"을 강렬하게, 를 강렬하게, 에게 강렬한인상, 이 강렬하게"
강성,57,3,3,3,"이 강성해지, 가 강성해지, 이 강성한것"
산란,57,5,5,3,"에 산란한다, 을 산란한다, 에 산란하는"
잘못,56,9,11,5,"을 잘못해석하, 에게 잘못한이, 을 잘못하여, 를 잘못하여, 을 잘못하는"
승소,56,5,3,3,"에서 승소하였, 에서 승소했다, 에서 승소하여"
막강,56,11,12,4,"에 막강한영향력, 의 막강한힘, 에서 막강한영향력, 의 막강한권력"
경작,56,5,7,3,"를 경작하는, 을 경작하는, 을 경작하고"
정찰,56,2,6,4,"을 정찰하는, 을 정찰하기, 을 정찰했다, 을 정찰하고"
송치,56,3,2,2,"에 송치했다, 에 송치하였"
식용,56,4,3,4,"는 식용하며, 은 식용하며, 은 식용한다, 는 식용한다"
배역,56,1,1,1,을 배역한성우
소원,55,7,4,3,"가 소원해졌다, 가 소원해지, 가 소원했던"
불응,55,1,4,3,"에 불응하는, 에 불응하여, 에 불응하고"
2,55,8,9,4,"에 2할대, 이 2할5, 이 2할대, 은 2할5"
선양,55,3,4,3,"을 선양하기, 를 선양하고, 을 선양하고"
비호,55,4,5,3,"을 비호하고, 의 비호하에, 를 비호하는"
양육,54,5,6,4,"를 양육하였, 를 양육하는, 을 양육하는, 을 양육하였"
광고,54,7,6,3,"를 광고하는, 을 광고하기, 을 광고하는"
질책,54,2,6,4,"을 질책하였, 을 질책하는, 을 질책하고, 를 질책하였"
인상,54,4,7,3,"을 인상하여, 을 인상하고, 을 인상하는"
~,54,3,2,2,"와 ~한국은, 가 ~한그릇"
속한다고,53,1,2,2,"에 속한다고할수, 에 속한다고한다"
번안,53,4,4,4,"로 번안하여, 를 번안한곡, 로 번안한곡, 을 번안한것"
연애,53,5,5,3,"를 연애하게, 야 연애하자, 가 연애할수"
초라,53,4,2,1,의 초라한성적
불량,53,4,4,4,"이 불량하여, 이 불량하고, 이 불량하다, 가 불량하여"
방비,53,2,4,3,"을 방비하기, 을 방비하는, 을 방비하였"
현전,53,5,5,4,"은 현전하는, 가 현전하며, 에 현전하는, 이 현전할때"
국토,53,4,1,4,"은 국토해양부, 는 국토해양부, 에 국토해양부, 의 국토해양부"
전출,53,3,2,2,"를 전출하고, 이 전출할때"
산입,53,1,1,1,에 산입하지
분주,53,3,3,1,로 분주한공항
사모,52,2,4,4,"을 사모하고, 을 사모하여, 를 사모하는, 를 사모하여"
반출,52,4,1,1,으로 반출하는
가진다고,52,2,4,4,"를 가진다고하자, 을 가진다고한다, 을 가진다고할수, 을 가진다고하자"
호칭,52,6,7,4,"으로 호칭하고, 으로 호칭한다, 로 호칭한다, 을 호칭하는"
절충,52,2,3,3,"을 절충하여, 을 절충한것, 를 절충하여"
작정,52,2,4,4,"로 작정했다, 로 작정하고, 로 작정하였, 로 작정한다"
해설,52,5,5,4,"를 해설하는, 를 해설하고, 을 해설하는, 을 해설하고"
혼란,52,7,6,4,"이 혼란해지, 의 혼란한상황, 가 혼란해지, 을 혼란하게"
르,52,1,2,2,"가 르하벨리, 가 르하원의원"
양분,52,5,6,4,"를 양분하는, 을 양분하여, 를 양분하고, 을 양분하고"
항소,52,5,8,4,"에 항소하였, 에 항소하여, 에 항소했다, 에 항소하였으나"
주차,52,4,3,3,"를 주차할수, 에 주차할수, 로 주차할수"
시전,52,3,7,4,"을 시전할수, 을 시전한다, 를 시전한다, 을 시전하는"
초,51,3,3,2,"의 초전하, 의 초계함"
일맥상통,51,3,2,4,"과 일맥상통한다, 도 일맥상통한다, 과 일맥상통하는, 와 일맥상통한다"
이름,51,7,10,4,"의 이름하에, 이라고 이름한것, 의 이름한글자, 도 이름하는데"
마지막,51,4,3,3,"의 마지막해였, 의 마지막해에, 의 마지막해를"
열악,51,11,10,3,"이 열악하여, 의 열악한환경, 의 열악한노동"
광대,51,11,7,3,"의 광대한지역, 의 광대한영토, 는 광대한영토"
풍성,51,8,4,3,"의 풍성한범주, 이 풍성하게, 을 풍성하게"
출강,51,3,5,2,"도 출강하였, 로 출강하였"
시달려야,51,1,1,1,에 시달려야했다
주살,51,2,4,3,"을 주살하고, 를 주살하고, 을 주살하였"
단련,51,3,4,3,"을 단련하여, 을 단련하고, 을 단련하는"
펫,51,1,1,1,의 펫하우스(
반연,51,2,3,3,"을 반연하여, 를 반연하여, 을 반연하고"
선행,50,7,4,2,"에 선행하는, 에 선행하여"
방황,50,6,8,4,"에서 방황하는, 를 방황하는, 는 방황하는, 를 방황한다"
유의미,50,9,6,4,"에 유의미한영향, 이 유의미하게, 가 유의미하게, 으로 유의미한차이"
혁파,50,3,3,3,"을 혁파하여, 을 혁파하고, 를 혁파하고"
체크,50,2,6,4,"을 체크할수, 을 체크하기, 을 체크하는, 을 체크하고"
동결,50,3,5,2,"로 동결하다, 을 동결하고"
불시착,50,3,4,3,"에 불시착했다, 에 불시착하게, 에 불시착한다"
*,50,12,4,4,"과 *한양대학교, 과 *해양수산, 로 *하이패스전용, 과 *해양훈련"
이송,50,5,9,4,"로 이송했다, 으로 이송하는, 으로 이송했다, 로 이송하는"
게임,50,2,2,1,의 게임해설가
회의,50,2,2,2,"의 회의하원의원, 의 회의하원에서"
극단,50,1,1,1,가 극단하나구미
하가,50,1,3,3,"에게 하가했다, 에게 하가하였, 에게 하가하여"
가속,49,9,7,3,"을 가속하는, 까지 가속할수, 에 가속할수"
순방,49,2,6,4,"을 순방하고, 을 순방하며, 을 순방했다, 를 순방하고"
서약,49,4,4,4,"을 서약하는, 을 서약하였, 을 서약했다, 을 서약하고"
공습,49,2,5,3,"을 공습했다, 를 공습했다, 을 공습하였"
공언,49,4,5,3,"을 공언하였, 을 공언하고, 을 공언했다"
환생,49,5,8,2,"로 환생한다, 로 환생해버렸"
안타,49,2,2,2,"을 안타하였, 을 안타하고"
막,49,1,2,1,의 막하
운집,48,3,4,3,"이 운집한가운데, 이 운집하여, 이 운집했다"
필,48,2,3,3,"을 필하, 을 필한, 는 필리핀해"
혼용,48,4,5,3,"을 혼용하여, 를 혼용하여, 을 혼용하는"
냉정,48,10,3,3,"은 냉정하고, 을 냉정하게, 는 냉정하고"
첨예,48,5,3,2,"가 첨예하게, 이 첨예하게"
현명,48,10,6,4,"는 현명하고, 을 현명하게, 를 현명하게, 은 현명하지"
증정,48,3,4,4,"을 증정했다, 을 증정하는, 를 증정했다, 를 증정하는"
도망,48,6,4,4,"로 도망하였, 으로 도망하여, 으로 도망하였, 로 도망했다"
기탁,48,4,4,3,"을 기탁했다, 을 기탁하였, 에 기탁했다"
응징,48,3,3,4,"을 응징하기, 를 응징하기, 를 응징하고, 를 응징하는"
코믹,48,4,1,2,"을 코믹하게, 를 코믹하게"
꾸준,47,15,8,4,"도 꾸준하게, 까지 꾸준하게, 을 꾸준하게, 는 꾸준하게"
개축,47,5,5,3,"을 개축하였, 을 개축하여, 을 개축하고"
다량,47,4,3,3,"이 다량함유되, 을 다량함유하, 가 다량함유되"
미안,47,7,6,3,"에게 미안하다, 가 미안하다, 에게 미안한마음"
유통,47,6,7,3,"를 유통하는, 을 유통하고, 을 유통하는"
시급,47,3,5,3,"이 시급하다, 이 시급하다고, 가 시급하다"
추봉,47,3,2,3,"으로 추봉하고, 으로 추봉하였, 에 추봉하였"
따라서,47,2,1,1,에 따라서한선수
협연,47,5,4,3,"와 협연하였, 과 협연하였, 과 협연했다"
위급,47,3,4,3,"이 위급해지, 의 위급한상황, 의 위급함을"
출병,47,5,3,3,"에 출병하였, 에 출병하여, 으로 출병하였"
방위,47,2,2,3,"을 방위하기, 을 방위하는, 를 방위하는"
전임,47,2,3,3,"로 전임하였, 으로 전임했다, 으로 전임하였"
접목,47,5,2,3,"를 접목하여, 을 접목하여, 에 접목하여"
침묵,46,7,6,4,"는 침묵했다, 으로 침묵했다, 는 침묵하고, 이 침묵하면서"
처방,46,3,5,4,"을 처방한다, 를 처방하는, 을 처방하는, 을 처방하고"
요리,46,6,7,3,"을 요리하는, 을 요리하여, 를 요리하는"
패전,46,6,7,3,"에서 패전하면서, 에서 패전한후, 에서 패전하고"
멸시,46,2,2,3,"을 멸시하는, 를 멸시하고, 을 멸시하고"
탈선,46,3,7,3,"가 탈선하여, 에서 탈선했다, 가 탈선하는"
제약,46,2,3,2,"을 제약하는, 를 제약하는"
내재,46,4,3,1,에 내재하는
넉넉,46,8,3,3,"이 넉넉하고, 이 넉넉하지, 을 넉넉하게"
부설,46,4,6,4,"를 부설하는, 를 부설하였, 를 부설하고, 이 부설한기뢰"
또한,46,4,1,1,을 또한하게
문제,46,10,6,3,"의 문제해결을, 는 문제해결에, 는 문제해결을"
공여,46,3,3,1,에 공여하기
풀이,45,4,8,3,"을 풀이하면, 으로 풀이할수, 로 풀이하면"
적분,45,2,3,4,"을 적분하여, 을 적분하면, 를 적분하여, 를 적분하면"
강인,45,9,8,4,"의 강인함을, 의 강인함과, 는 강인하고, 는 강인한의지"
무난,45,8,2,3,"는 무난하게, 을 무난하게, 는 무난한모습"
개창,45,4,3,2,"를 개창했다, 를 개창하였"
불행,45,10,5,2,"는 불행하게, 을 불행하게"
터득,45,2,5,3,"을 터득했다, 을 터득하였, 을 터득하고"
볼록,45,7,4,3,"가 볼록하게, 이 볼록하게, 이 볼록하고"
경주,45,4,4,2,"의 경주한국수력, 의 경주한수원"
회차,45,3,4,3,"에서 회차한다, 에서 회차하여, 에서 회차하는"
전당,45,1,2,2,"의 전당한가람, 의 전당해돋이극장"
착좌,44,4,3,3,"에 착좌하였, 에 착좌했다, 으로 착좌하였"
',44,16,15,4,"은 '하나의, 가 '해방후, 에서 '한국의, 는 '한국의"
단정,44,11,10,3,"이 단정하고, 으로 단정하고, 가 단정하고"
동맹,44,2,4,2,"와 동맹하여, 과 동맹하여"
반증,44,2,3,2,"을 반증하는, 을 반증한다"
팽팽,44,11,3,3,"이 팽팽하게, 로 팽팽하게, 의 팽팽한투수"
궁금,44,5,6,4,"이 궁금하다, 이 궁금해하, 를 궁금해한다, 이 궁금하여"
동정,44,4,5,3,"을 동정하는, 을 동정하고, 를 동정하는"
논평,44,2,2,2,"라고 논평했다, 고 논평했다"
신성,44,15,10,3,"를 신성하게, 의 신성함을, 의 신성함과"
실존,44,6,3,3,"는 실존하는, 에 실존하는, 에 실존했던"
접대,44,2,5,1,을 접대하는
봐야,44,4,7,3,"로 봐야한다, 으로 봐야한다, 을 봐야한다"
성교,44,1,1,1,과 성교하는
전업,44,2,3,2,"로 전업했다, 로 전업하였"
장전,44,3,4,3,"을 장전하는, 을 장전하고, 을 장전할수"
경감,44,2,3,3,"을 경감하는, 을 경감하기, 을 경감하고"
습봉,44,2,1,2,"를 습봉하였, 을 습봉하였"
출원,43,2,2,2,"를 출원하였, 를 출원했다"
증설,43,2,6,4,"을 증설하고, 를 증설하여, 을 증설하였, 을 증설하여"
정칙,43,3,4,3,"에서 정칙함수이, 의 정칙함수들, 는 정칙함수이"
''',43,16,2,3,"은 '''한국의, 는 '''한국의, 은 '''한국프로"
경기도,43,2,3,2,"는 경기도하남시에, 은 경기도하남시의"
비치,43,3,3,4,"에 비치하여, 를 비치하고, 을 비치하고, 에 비치하는"
합치,43,3,2,3,"에 합치하는, 에 합치하지, 과 합치하지"
상이,43,12,11,4,"이 상이하다, 로 상이하다, 마다 상이하다, 가 상이하다"
컨트롤,43,2,5,3,"을 컨트롤하는, 을 컨트롤할수, 를 컨트롤한다"
좌지우지,43,2,4,3,"를 좌지우지하는, 를 좌지우지하고, 을 좌지우지하는"
징집,43,3,5,3,"을 징집하여, 을 징집하는, 을 징집하였"
살상,43,2,4,3,"을 살상했다, 을 살상하는, 을 살상하고"
수직,43,3,2,2,"에 수직한방향, 에 수직하게"
협동,43,5,2,3,"와 협동하여, 과 협동하여, 이 협동하여"
경비,43,2,3,3,"을 경비하고, 를 경비하는, 을 경비하는"
포상,43,3,2,1,을 포상할때
서포트,43,2,4,3,"를 서포트하는, 를 서포트한다, 을 서포트하는"
매립,43,2,1,2,"를 매립하여, 을 매립하여"
경외,43,2,1,2,"을 경외하는, 를 경외하는"
양수,43,2,4,3,"을 양수하여, 을 양수하였, 을 양수한자"
남자,43,2,1,1,의 남자해머던지기선수
위법,43,5,5,2,"은 위법하다, 이 위법하다고"
선곡,43,3,3,3,"를 선곡했다, 을 선곡하여, 을 선곡했다"
호선,43,1,2,2,"에서 호선하며, 에서 호선한다"
단멸,43,3,2,2,"과 단멸한번, 을 단멸하여"
악수,42,3,2,2,"과 악수하는, 와 악수하는"
수주,42,4,5,3,"를 수주하였, 을 수주했다, 를 수주했다"
소중히,42,2,2,3,"을 소중히하는, 를 소중히하고, 을 소중히하고"
인가,42,3,6,3,"을 인가하였, 을 인가하는, 을 인가하여"
아슬아슬,42,8,1,3,"을 아슬아슬하게, 에 아슬아슬하게, 를 아슬아슬하게"
확연,42,4,2,3,"가 확연하게, 이 확연하게, 는 확연하게"
무사,42,8,6,3,"은 무사하였, 은 무사했다, 로 무사하였"
자수,42,5,4,2,"에 자수하였, 에 자수했다"
경,42,5,4,2,"의 경순양함, 은 경순양함"
스캔,42,4,5,3,"를 스캔한다, 을 스캔하여, 을 스캔하는"
정직,42,8,3,3,"을 정직하게, 에 정직하게, 는 정직하고"
벌,42,2,4,4,"을 벌하기, 를 벌하고, 를 벌하는, 를 벌하기"
읍,42,1,1,1,도 읍하
입궁,42,4,2,3,"에 입궁하였, 으로 입궁하였, 에 입궁하여"
밀생,42,2,3,2,"이 밀생하며, 이 밀생한다"
신기,41,6,3,2,"의 신기한여행, 을 신기하게"
몰수,41,6,6,3,"을 몰수하는, 을 몰수하기, 를 몰수했다"
숙고,41,4,4,3,"로 숙고하였, 으로 숙고하였, 을 숙고하였"
치사,41,2,2,2,"로 치사하였, 으로 치사하였"
경합,41,6,6,3,"이 경합하는, 을 경합하는, 이 경합했다"
감복,41,1,2,2,"에 감복하여, 에 감복하였"
영합,41,2,3,3,"에 영합하는, 에 영합하여, 에 영합하지"
즉사,41,4,5,3,"에서 즉사했다, 이 즉사하고, 에서 즉사하고"
대여,41,7,8,3,"을 대여해주, 를 대여할수, 를 대여하여"
면밀,41,4,1,2,"를 면밀하게, 을 면밀하게"
출격,41,7,6,4,"가 출격했다, 에서 출격했다, 가 출격하여, 에 출격하여"
역행,41,4,2,2,"에 역행하는, 에 역행하여"
섭입,41,3,5,2,"로 섭입하는, 로 섭입하면서"
쇠,41,2,2,2,"이 쇠하, 가 쇠하"
렌더링,40,5,4,3,"을 렌더링하는, 를 렌더링하는, 를 렌더링한다"
근,40,3,2,3,"의 근해, 의 근사해, 도 근해"
배분,40,6,5,2,"을 배분하는, 으로 배분하는"
최대,40,5,2,3,"을 최대한줄, 를 최대한번, 를 최대한줄"
채색,40,4,5,1,에 채색하여
각성,40,9,7,3,"로 각성하게, 으로 각성한다, 로 각성한다"
건재,40,6,7,2,"의 건재함을, 도 건재하다"
협소,40,5,3,3,"이 협소하고, 가 협소하여, 이 협소하여"
유입,40,6,2,2,"로 유입하는, 으로 유입하는"
기만,40,2,3,3,"을 기만하고, 을 기만하는, 를 기만하는"
패소,40,5,5,3,"에서 패소했다, 에서 패소하였, 에서 패소하여"
찬동,40,1,3,2,"에 찬동하여, 에 찬동하는"
대전,40,7,6,2,"의 대전하나시티즌, 의 대전한국철도"
달라,40,1,1,1,과 달라하라
희끄무레,40,3,3,2,"은 희끄무레하다, 은 희끄무레한색"
버린다,40,2,1,2,"을 버린다함은, 를 버린다함은"
성토,39,3,4,3,"을 성토하였, 를 성토하는, 을 성토하는"
경우,39,1,3,3,"의 경우하나의, 의 경우하루에, 의 경우해당포지션"
로,39,7,4,2,"은 로한, 까지 로한다"
혹독,39,11,8,3,"의 혹독한훈련, 를 혹독하게, 을 혹독하게"
소일,39,2,3,2,"으로 소일하였, 로 소일하였"
통감,39,2,1,1,을 통감하고
판이,39,3,1,2,"는 판이하게, 이 판이하게"
답사,39,2,3,3,"을 답사하였, 을 답사하고, 를 답사하고"
신비,39,8,7,3,"의 신비한여행, 의 신비한모험, 의 신비한몬스터"
경악,39,5,6,3,"을 경악하게, 를 경악하게, 에 경악한다"
교섭,39,4,5,2,"와 교섭하여, 과 교섭하여"
포식,39,2,2,3,"를 포식하는, 을 포식한다, 을 포식하는"
기준,39,3,1,2,"을 기준하여, 에 기준하여"
경사,39,2,2,2,"으로 경사한다, 으로 경사하는"
이거,39,2,2,3,"으로 이거하여, 로 이거하였, 으로 이거하였"
입격,39,3,3,2,"에 입격하여, 에 입격하고"
쇠약,38,8,3,2,"이 쇠약해지, 가 쇠약해지"
요양,38,1,3,3,"에서 요양하였, 에서 요양하던, 에서 요양하다가"
유보,38,4,4,3,"을 유보하였, 을 유보하고, 을 유보했다"
절제,38,3,3,3,"를 절제하는, 을 절제하고, 을 절제하는"
촘촘,38,6,2,3,"으로 촘촘하게, 로 촘촘하게, 이 촘촘하게"
황홀,38,1,2,2,"의 황홀한지옥, 의 황홀한해방"
소,38,9,5,3,"이 소하, 의 소해, 는 소하"
추억,38,2,2,3,"를 추억하며, 을 추억하는, 을 추억하며"
설법,38,6,4,2,"가 설법하는, 에서 설법하는"
뉴스,38,1,1,1,의 뉴스하이
정중,37,6,2,3,"는 정중하게, 를 정중하게, 을 정중하게"
일본,37,13,8,2,"는 일본해군의, 은 일본해군의"
중개,37,2,1,2,"를 중개하는, 을 중개하는"
채집,37,3,5,3,"을 채집하였, 를 채집하여, 을 채집하여"
여러,37,9,2,2,"은 여러해동안, 는 여러해동안"
고지,37,4,5,3,"을 고지하지, 을 고지하고, 을 고지하는"
난사,37,2,4,3,"을 난사하여, 를 난사하여, 을 난사하는"
머물러야,37,1,1,1,에 머물러야했다
돌변,37,4,5,3,"으로 돌변한다, 로 돌변하여, 로 돌변한다"
책임,37,1,1,1,의 책임하에
립,37,1,1,1,가 립한것
진봉,37,2,1,2,"로 진봉하였, 으로 진봉하였"
문합,37,2,1,2,"과 문합한다, 와 문합한다"
계합,37,1,1,1,에 계합하는
연관,36,2,1,2,"와 연관하여, 과 연관하여"
정진,36,1,4,2,"에 정진하여, 에 정진하는"
즐겨,36,3,6,3,"를 즐겨하였, 를 즐겨하는, 을 즐겨하는"
가환,36,4,4,2,"이 가환한다, 을 가환하게"
압수수색,36,2,2,3,"를 압수수색했다, 을 압수수색했다, 을 압수수색하였"
전화,36,4,3,2,"에 전화하여, 에게 전화하여"
고전,36,10,12,3,"에 고전하는, 에서 고전하는, 에서 고전하고"
질문,36,7,7,3,"라고 질문하자, 에게 질문하는, 라고 질문했다"
간곡,36,1,3,2,"의 간곡한설득, 의 간곡한부탁"
침착,36,8,3,3,"이 침착하고, 는 침착하고, 는 침착하게"
기약,36,2,6,2,"을 기약하고, 을 기약하며"
보여야,36,2,2,1,을 보여야한다
해킹,36,2,5,3,"을 해킹하여, 를 해킹하는, 를 해킹하여"
분촌,36,4,1,2,"이 분촌하였, 을 분촌하였"
게이,36,7,4,2,"와 게이한신, 으로 게이한전기철도"
현행,36,2,3,1,가 현행하는
거쳐,35,2,3,2,"를 거쳐한양대학교, 을 거쳐한팀"
미약,35,8,7,3,"이 미약하고, 이 미약하다, 이 미약하여"
직시,35,2,2,2,"을 직시하고, 를 직시하고"
강직,35,5,2,2,"이 강직하고, 이 강직하여"
송신,35,6,5,2,"을 송신하는, 를 송신하는"
퇴화,35,6,4,3,"가 퇴화하여, 은 퇴화하여, 는 퇴화하여"
토론,35,6,5,3,"을 토론하고, 를 토론하고, 를 토론하는"
지방,35,3,3,2,"은 지방하천으로, 의 지방하천"
벤치마킹,35,2,2,2,"을 벤치마킹하여, 를 벤치마킹하여"
경호,35,2,1,2,"을 경호하는, 를 경호하는"
위배,35,3,3,2,"에 위배하여, 을 위배하는"
남극,35,3,2,2,"도 남극해로, 을 남극해의"
표창,35,2,4,2,"을 표창하는, 을 표창하기"
재조명,35,2,3,2,"를 재조명하고, 를 재조명하는"
회군,35,3,2,3,"로 회군하였, 에서 회군하여, 으로 회군하였"
황당,34,5,3,2,"의 황당한저주, 의 황당한순간"
단언,34,6,5,2,"을 단언하였, 는 단언할수"
검열,34,2,4,2,"를 검열하는, 을 검열하는"
칩거,34,2,5,3,"에 칩거하면서, 에 칩거하였, 에 칩거했다"
개진,34,1,4,3,"을 개진할수, 을 개진하였, 을 개진하는"
열광,34,4,4,2,"에 열광하는, 에 열광했다"
중원소,34,1,2,2,"의 중원소함량이, 의 중원소함량은"
일주,34,2,1,2,"를 일주하는, 을 일주하는"
아부,34,2,3,2,"에게 아부하는, 에게 아부하여"
과소평가,34,2,3,2,"을 과소평가하는, 을 과소평가하고"
교역,34,5,6,3,"과 교역하였, 과 교역하고, 과 교역하는"
환,34,3,2,3,"을 환하, 의 환해, 를 환해"
연신,34,2,2,2,"까지 연신해,, 부터 연신했던"
괄목,33,4,1,2,"에서 괄목할만, 은 괄목할만"
제소,33,4,5,2,"에 제소하였, 에 제소했다"
조리,33,6,8,3,"을 조리할때, 를 조리할때, 을 조리하는"
연행,33,5,6,3,"을 연행하고, 을 연행하였, 을 연행하여"
비평,33,3,4,2,"을 비평하는, 를 비평하는"
독차지,33,3,5,2,"을 독차지하고, 을 독차지하는"
에게,33,6,5,3,"는 에게해의, 는 에게해에, 은 에게해의"
패주,33,8,6,3,"으로 패주하였, 은 패주하는, 으로 패주했다"
승복,33,2,1,2,"를 승복하지, 에 승복하지"
역력,33,1,2,2,"이 역력하다, 이 역력했다"
거역,33,3,4,2,"을 거역하고, 을 거역하는"
합심,33,4,1,2,"이 합심하여, 과 합심하여"
순종,33,5,3,2,"에 순종하는, 에게 순종하는"
포장,33,5,6,2,"를 포장하는, 을 포장하는"
재판,33,5,5,2,"을 재판하는, 를 재판하는"
절멸,33,5,4,2,"가 절멸하다, 이 절멸하다"
휴관,33,2,2,2,"은 휴관한다, 는 휴관함)"
염색,33,4,6,2,"을 염색하는, 를 염색하고"
시발,33,1,2,2,"에서 시발하여, 에서 시발하는"
망각,32,3,1,2,"을 망각하고, 를 망각하고"
체득,32,3,4,3,"를 체득하는, 을 체득하고, 을 체득하여"
무례,32,7,6,2,"의 무례함을, 에게 무례하게"
주사,32,6,6,2,"을 주사하여, 을 주사하는"
병기,32,3,7,2,"를 병기하는, 에 병기한지역"
진흥,32,2,3,2,"을 진흥하고, 을 진흥하기"
생육,32,3,2,2,"에 생육하는, 이 생육하고"
청렴,32,4,1,2,"이 청렴하고, 는 청렴하고"
절실,32,4,5,3,"이 절실하다, 이 절실했던, 가 절실했던"
일괄,32,2,1,2,"을 일괄하여, 를 일괄하여"
길쭉,32,8,6,2,"으로 길쭉하게, 은 길쭉하고"
윤허,32,3,2,3,"을 윤허하지, 이 윤허하였, 이 윤허하지"
섭외,32,4,4,2,"을 섭외하여, 를 섭외하여"
아이러니,32,2,1,2,"은 아이러니하게, 는 아이러니하게"
표상,32,2,2,2,"을 표상하는, 를 표상하는"
부수,32,1,2,2,"에 부수하여, 에 부수하는"
여자,32,3,3,2,"의 여자해머던지기선수, 는 여자하기"
세거,32,4,3,2,"에 세거하였, 에 세거하면서"
쿠,32,5,4,2,"의 쿠하103, 의 쿠하111"
상수,31,4,4,1,는 상수함수이
논증,31,3,4,2,"을 논증한다, 을 논증하였"
임차,31,3,2,2,"을 임차하여, 를 임차하여"
상기,31,4,5,2,"을 상기하고, 을 상기하며"
술회,31,3,3,3,"라고 술회했다, 고 술회했다, 고 술회하고"
교부,31,3,6,3,"을 교부하였, 에게 교부하는, 을 교부하는"
컴파일,31,6,7,3,"을 컴파일하는, 를 컴파일할수, 로 컴파일할수"
둔갑,31,2,2,2,"로 둔갑하여, 으로 둔갑하여"
끔찍,31,12,3,2,"을 끔찍하게, 를 끔찍하게"
선점,31,2,5,2,"을 선점하고, 을 선점하기"
고시,31,6,4,2,"을 고시하였, 로 고시한바"
흠모,31,2,4,2,"을 흠모하여, 를 흠모하여"
완곡,31,2,1,2,"를 완곡하게, 을 완곡하게"
임용,31,6,4,1,에 임용하고
여,31,2,1,1,의 여하
교,31,1,1,1,은 교하
탄복,31,1,2,2,"에 탄복하였, 에 탄복하여"
오목,31,8,4,2,"이 오목하게, 의 오목한부분"
누설,31,4,5,3,"을 누설하지, 을 누설하였, 을 누설하는"
윤회,31,4,2,3,"에 윤회하는, 를 윤회하게, 에서 윤회하는"
중국,31,5,3,2,"은 중국한나라, 는 중국한나라"
원활히,31,2,2,2,"을 원활히하기, 을 원활히할수"
달한다고,31,1,1,1,에 달한다고한다
꼼꼼,31,4,2,2,"을 꼼꼼하게, 를 꼼꼼하게"
리믹스,31,5,4,2,"을 리믹스하였, 를 리믹스하였"
객사,31,1,2,2,"에서 객사했다, 에서 객사하였"
중창,30,5,3,3,"를 중창하였, 가 중창하였, 을 중창하였"
응수,30,4,2,2,"라고 응수했다, 으로 응수했다"
휴학,30,2,1,2,"를 휴학하고, 을 휴학하고"
발주,30,7,5,2,"을 발주했다, 을 발주하였"
바라본,30,2,1,1,이 바라본하늘의
파란만장,30,2,3,1,와 파란만장한남편
원래,30,3,2,1,는 원래해당종
이별,30,3,5,2,"와 이별할때, 과 이별하고"
-,30,9,1,2,"이 -한국영화, 에 -한국영화"
굵직,30,1,1,1,의 굵직한성과
전가,30,4,1,2,"에게 전가하는, 을 전가하는"
추도,30,2,2,2,"을 추도하는, 를 추도하는"
융,30,1,1,1,의 융해
무시무시,30,4,1,1,의 무시무시한모험
비견,30,3,2,2,"에 비견할수, 에 비견할만"
조음,30,2,1,2,"로 조음하는, 에서 조음하는"
마운트,30,3,2,1,에 마운트하여
출반,30,2,2,1,에 출반한음반
혹평,29,5,3,2,"라고 혹평했다, 고 혹평했다"
굳건,29,8,1,2,"을 굳건하게, 를 굳건하게"
소박,29,10,3,2,"는 소박하고, 은 소박하고"
흥,29,5,2,2,"가 흥하, 이 흥하"
일소,29,2,3,2,"을 일소하고, 를 일소하고"
창백,29,5,2,2,"이 창백해지, 의 창백한말"
이른다고,29,1,1,1,에 이른다고한다
서쪽,29,1,2,2,"의 서쪽해안, 의 서쪽해안에"
화친,29,2,2,2,"와 화친하였, 와 화친하고"
엄폐,29,2,2,2,"를 엄폐할예정, 을 엄폐한다"
주체,29,1,2,1,을 주체하지
안녕,29,2,2,2,"은 안녕하십니까, 에서 안녕하세요"
봉직,29,4,6,2,"로 봉직하였, 로 봉직했다"
불명,29,5,3,2,"는 불명하지만, 는 불명하다"
주파,29,4,5,2,"에 주파할수, 에 주파하는"
결가부좌,29,2,2,2,"에 결가부좌하였, 에 결가부좌하고"
복속,28,4,4,2,"에 복속하였, 에 복속하여"
온난,28,7,4,2,"는 온난하고, 으로 온난하고"
제청,28,1,3,2,"을 제청했다, 을 제청하였"
사죄,28,5,4,2,"에게 사죄하는, 에게 사죄하고"
증폭,28,2,4,2,"를 증폭하고, 를 증폭하는"
농후,28,2,2,1,이 농후하다
화답,28,6,7,2,"에 화답하여, 에 화답하는"
세워야,28,2,2,1,을 세워야한다
무력,28,8,2,2,"을 무력하게, 의 무력함을"
결백,28,3,3,1,는 결백하다
탓,28,2,4,2,"을 탓하는, 을 탓하며"
간호,28,3,7,2,"을 간호하는, 를 간호하고"
가격,28,5,5,2,"을 가격하여, 를 가격하는"
셈,28,3,1,2,"를 셈하, 을 셈하"
선위,28,2,2,2,"에게 선위하고, 를 선위하고"
피복,28,1,3,2,"으로 피복하고, 으로 피복하며"
저서,28,2,1,1,을 저서하였
강연,27,4,3,2,"로 강연하였, 로 강연했다"
연임,27,5,3,2,"을 연임했다, 을 연임하였"
구금,27,3,4,2,"을 구금하고, 를 구금하였"
병존,27,2,2,2,"이 병존하고, 이 병존하는"
증발,27,7,9,2,"이 증발하여, 이 증발하며"
최소,27,4,4,1,에 최소한경기
세분,27,4,9,2,"로 세분하여, 으로 세분하여"
교배,27,4,1,2,"를 교배하여, 을 교배하여"
익사,27,6,4,2,"이 익사했다, 에서 익사했다"
후술,27,3,2,2,"는 후술하는, 는 후술한다"
험준,27,5,5,2,"의 험준한산악, 의 험준한지형"
확증,27,2,2,2,"을 확증했다, 을 확증하는"
강등,27,3,4,2,"으로 강등하였, 으로 강등하고"
교화,27,1,3,2,"을 교화하고, 을 교화하는"
압송,27,3,3,2,"으로 압송하였, 로 압송하였"
손질,27,3,3,2,"을 손질하는, 을 손질하고"
스포츠,27,1,1,1,의 스포츠해설가
비스듬,27,8,1,2,"으로 비스듬하게, 을 비스듬하게"
인출,27,5,4,2,"을 인출하는, 을 인출하여"
안심,27,5,2,2,"가 안심하고, 이 안심하고"
숙지,27,2,2,2,"을 숙지하고, 을 숙지해야한다"
계발,27,2,2,2,"을 계발하는, 을 계발하고"
누르스름,27,3,4,1,은 누르스름한갈색
폐선,27,1,2,1,을 폐선하였
가까이,26,4,5,2,"을 가까이하지, 을 가까이하고"
상환,26,3,5,2,"를 상환하지, 를 상환하기"
관조,26,2,1,1,을 관조하는
매도,26,6,5,2,"로 매도하는, 를 매도하는"
예감,26,2,1,1,을 예감하고
딱딱,26,10,4,2,"은 딱딱하고, 는 딱딱하고"
로드,26,4,5,2,"를 로드하고, 를 로드하는"
티,26,3,3,2,"는 티레니아해, 엔 티한국《"
순국,26,6,2,1,에서 순국하였
결여,26,2,2,2,"을 결여하고, 를 결여하였"
승부,26,3,1,2,"로 승부하는, 으로 승부하는"
총지휘,26,2,3,2,"을 총지휘하는, 을 총지휘하였"
반격,26,10,6,2,"에 반격하기, 이 반격하여"
보이콧,26,4,6,2,"를 보이콧했다, 를 보이콧하겠"
왕후,26,1,1,1,의 왕후한씨
구해야,26,2,3,2,"를 구해야한다, 을 구해야한다"
설욕,26,1,2,2,"를 설욕했다, 를 설욕하였"
총,26,1,1,1,는 총한명
괴로워,26,4,2,2,"이 괴로워하는, 에 괴로워하던"
주동,26,3,2,2,"이 주동하여, 을 주동하였"
일목요연,26,2,1,2,"를 일목요연하게, 을 일목요연하게"
잠금,26,2,3,1,을 잠금해제》
모두,25,11,6,2,"을 모두할수, 은 모두하나의"
옮겨야,25,4,1,2,"으로 옮겨야했다, 를 옮겨야했다"
두둔,25,2,3,2,"를 두둔하는, 을 두둔하는"
언,25,3,1,2,"을 언해, 의 언해"
가진,25,4,1,2,"을 가진하나의, 를 가진하나의"
공약,25,2,3,2,"을 공약하였, 을 공약했다"
위문,25,2,4,2,"을 위문하였, 을 위문하기"
저격,25,3,5,1,을 저격하는
복학,25,1,3,2,"에 복학하였, 에 복학하여"
절망,25,2,4,2,"에 절망하고, 에 절망하여"
발효,25,6,5,2,"을 발효하여, 로 발효하여"
덜,25,7,5,1,는 덜하지만
재일,25,6,7,2,"은 재일한국인축구, 는 재일한국인축구"
데,25,3,1,1,로 데할리스코
갈취,25,2,2,2,"을 갈취하는, 을 갈취하여"
총동원,25,2,2,1,을 총동원하여
경쾌,25,11,3,2,"의 경쾌하고, 을 경쾌하게"
호송,25,5,3,2,"까지 호송하였, 을 호송하는"
융기,25,2,3,2,"이 융기하여, 이 융기하는"
유람,25,2,3,2,"을 유람하고, 를 유람하며"
딸,25,5,2,2,"과 딸한명, 과 딸하나를"
베,25,3,1,2,"도 베링해, 부터 베링해"
상고,25,6,6,2,"에 상고하였, 에 상고하였으나"
리얼,25,2,1,1,을 리얼하게
사고,25,1,2,2,"으로 사고하는, 으로 사고하고"
가상,25,2,2,1,를 가상하여
빈발,24,3,6,2,"이 빈발하고, 이 빈발했다"
사인,24,1,2,2,"에 사인하였, 에 사인했다"
인사,24,4,4,2,"에게 인사하고, 에게 인사하는"
질타,24,3,5,2,"을 질타하였, 을 질타하고"
맹비난,24,2,1,2,"을 맹비난했다, 를 맹비난했다"
음역,24,5,2,2,"를 음역한것, 로 음역한것"
지루,24,9,5,2,"을 지루하게, 의 지루함을"
팽배,24,3,7,2,"이 팽배해있, 이 팽배했다"
다른,24,14,11,2,"과 다른하나는, 와 다른하나는"
재가,24,6,4,2,"의 재가하에, 에게 재가하여"
리뷰,24,4,3,2,"라고 리뷰했다, 고 리뷰했다"
분간,24,2,3,2,"을 분간할수, 를 분간할수"
퇴원,24,4,3,2,"에 퇴원하였, 에 퇴원했다"
신임,24,4,5,2,"를 신임하여, 을 신임하였"
산책,24,3,3,2,"을 산책하는, 를 산책하는"
자진,24,8,3,2,"에 자진하여, 이 자진하여"
출루,24,4,6,2,"로 출루한뒤, 으로 출루하고"
올라야,24,1,1,1,에 올라야했다
전단사,24,5,2,1,는 전단사함수이
통곡,24,2,4,2,"는 통곡한다》, 는 통곡한다-"
인산화,24,2,3,2,"을 인산화하여, 을 인산화하는"
장원,24,2,2,2,"에 장원하였, 에 장원하여"
억류,24,4,2,2,"을 억류하고, 를 억류하고"
제향,24,3,2,2,"을 제향하는, 를 제향하는"
도용,24,2,3,2,"를 도용하여, 을 도용하여"
만난다고,24,1,1,1,에서 만난다고하자
차,24,4,2,2,"에 차하, 와 차한잔"
배송,24,4,1,2,"을 배송하는, 으로 배송하는"
의문,24,3,1,2,"을 의문하였, 를 의문하였"
딸린,24,1,2,2,"에 딸린한해살이풀이, 에 딸린한속"
청주,24,2,1,2,"는 청주한씨, 은 청주한씨"
차분,23,8,4,2,"는 차분하고, 으로 차분하고"
좌절,23,6,7,2,"에 좌절하여, 에 좌절하고"
무고,23,12,6,2,"의 무고한사람, 에서 무고한만주족"
단죄,23,4,4,2,"을 단죄하고, 을 단죄하였"
횡행,23,2,5,2,"이 횡행하는, 이 횡행하여"
격멸,23,2,3,2,"을 격멸하는, 을 격멸하기"
진두지휘,23,2,2,2,"을 진두지휘했다, 을 진두지휘하였"
창궐,23,3,5,2,"이 창궐하였, 이 창궐하여"
강대,23,7,3,2,"이 강대해지, 의 강대한힘"
전폐,23,1,1,1,을 전폐하고
금기시,23,2,1,2,"을 금기시하는, 를 금기시하는"
대사,23,2,2,2,"을 대사하는, 을 대사할수"
궁,23,1,2,2,"이 궁해, 이 궁금해하"
유예,23,2,4,2,"를 유예할수, 을 유예하는"
아르바이트,23,2,2,2,"에서 아르바이트하고, 가 아르바이트하는"
커리어,23,3,3,2,"에서 커리어하이를, 의 커리어하이를"
대별,22,2,1,2,"으로 대별할수, 로 대별할수"
빈약,22,8,7,2,"가 빈약하다, 가 빈약하고"
황폐,22,8,4,2,"는 황폐해지, 이 황폐해지"
실증,22,2,3,2,"을 실증하였, 을 실증하는"
돌격,22,5,5,2,"으로 돌격하여, 으로 돌격하였"
유능,22,13,8,2,"는 유능하고, 의 유능한인재"
영도,22,4,2,1,의 영도하에
전멸,22,7,5,2,"이 전멸하고, 가 전멸하고"
모여,22,3,1,1,이 모여하나의
개청,22,1,2,1,가 개청하였
행군,22,6,4,2,"으로 행군하라, 으로 행군하여"
해박,22,4,2,2,"에 해박한지식, 의 해박한지식"
에릭,22,1,1,1,는 에릭해커가
진수,22,4,4,2,"을 진수하였, 을 진수하고"
용맹,22,6,4,1,의 용맹함을
상통,22,4,2,2,"과 상통한다, 과 상통하는"
매핑,22,5,3,2,"에 매핑하는, 로 매핑하는"
돈독,22,7,2,2,"과 돈독한관계, 를 돈독하게"
허무,22,4,2,2,"로 허무하게, 의 허무함을"
아첨,22,2,2,2,"에 아첨하는, 에게 아첨하여"
귀부,22,2,2,2,"에게 귀부하였, 에 귀부하였"
웅장,22,10,5,1,가 웅장하고
타,22,6,3,2,"의 타지마할, 란 타하계올림픽"
패용,22,3,2,1,에 패용한다
하강,22,7,5,2,"가 하강하는, 는 하강하는"
장사,22,2,2,1,에 장사하였
부정확,22,6,3,2,"을 부정확하게, 를 부정확하게"
담담,22,3,1,1,을 담담하게
사유,22,4,3,2,"의 사유한완비, 으로 사유하는"
난처,22,5,2,2,"를 난처하게, 을 난처하게"
분립,22,6,2,1,이 분립하였
간여,22,1,3,2,"에 간여하지, 에 간여할수"
키스,22,5,4,2,"에게 키스하고, 에게 키스하는"
매끄러운,22,3,3,2,"는 매끄러운함수이, 의 매끄러운함수에"
경배,22,4,2,2,"을 경배하는, 을 경배하고"
기공,22,2,3,1,에 기공하여
상쾌,22,3,3,1,의 상쾌한아침
수납,22,3,4,2,"를 수납할수, 을 수납할수"
측량,21,2,3,2,"를 측량하는, 을 측량하는"
혼미,21,1,2,1,이 혼미하거나
잠식,21,2,4,2,"를 잠식하는, 를 잠식했음"
미흡,21,8,10,2,"이 미흡하고, 이 미흡하여"
폐업,21,7,4,1,에 폐업하였
상상도,21,2,1,2,"는 상상도할수, 은 상상도할수"
충만,21,7,5,1,의 충만한부분
진솔,21,2,2,1,을 진솔하게
탄원,21,4,4,1,을 탄원하였
투과,21,3,3,2,"을 투과할수, 을 투과하는"
도주,21,4,7,2,"은 도주했다, 는 도주하였"
부끄러워,21,3,2,1,에게 부끄러워하지
검소,21,5,3,2,"는 검소하고, 이 검소하고"
광,21,4,5,1,의 광분해
청혼,21,2,4,2,"에게 청혼한다, 에게 청혼하였"
골인,21,2,1,1,에 골인한다
숭고,21,4,3,2,"의 숭고한희생, 의 숭고한정신"
파종,21,1,1,1,에 파종하여
유폐,21,3,1,2,"를 유폐하고, 에 유폐하고"
고증,21,3,2,1,를 고증할수
피폐,21,7,5,2,"을 피폐하게, 가 피폐해지"
유구,21,1,1,1,의 유구한역사
월등,21,5,2,2,"보다 월등하게, 이 월등하게"
무의미,21,7,4,2,"를 무의미하게, 을 무의미하게"
묘연,21,2,3,2,"이 묘연해졌다, 이 묘연하다"
증류,21,3,2,1,를 증류하여
온순,21,3,1,1,이 온순하고
입,21,3,2,2,"는 입하, 도 입해"
조공,21,2,2,1,에 조공하였
허,21,2,1,1,을 허하
입조,21,3,3,1,에 입조하여
참살,21,2,3,2,"을 참살하였, 을 참살하고"
동요,21,7,7,2,"가 동요하는, 도 동요하지"
부산광역시,21,2,2,1,는 부산광역시해운대구우동
지참,21,2,2,2,"를 지참하고, 를 지참하여"
수련,21,4,7,1,을 수련하는
이름자,21,2,2,2,"로부터 이름자한자, 의 이름자한자"
타이완,21,1,1,1,은 타이완해협에
산리쿠,21,2,2,1,와 산리쿠해역지진
중도,21,5,4,2,"에 중도하차하, 으로 중도하차하"
동네,21,1,1,1,의 동네한바퀴
의기투합,20,4,3,1,로 의기투합하게
상관,20,4,1,2,"는 상관하지, 도 상관하지"
거룩,20,12,9,1,을 거룩하게
출소,20,5,4,1,에 출소했다
비상,20,8,7,2,"가 비상하고, 에 비상한관심"
휴무,20,1,1,1,는 휴무한다
단지,20,2,1,2,"은 단지하나의, 는 단지하나의"
희,20,2,2,2,"의 희한, 도 희한동규"
감격,20,2,1,1,에 감격하여
신격화,20,2,3,2,"을 신격화하여, 을 신격화한것"
격리,20,4,2,2,"를 격리하는, 을 격리하는"
성폭행,20,3,2,1,을 성폭행한혐의
지녀야,20,3,1,1,을 지녀야한다
교대,20,7,8,2,"를 교대하고, 와 교대하여"
급,20,5,1,1,의 급강하
절,20,5,4,2,"의 절하, 가 절하"
달콤,20,11,6,1,의 달콤한향기
신장,20,2,5,2,"을 신장하는, 을 신장하기"
목욕,20,3,1,2,"에서 목욕하는, 가 목욕하는"
친애,20,1,1,1,의 친애하는
신앙,20,2,1,2,"를 신앙하는, 을 신앙하는"
돌아와야,20,2,1,2,"으로 돌아와야했다, 로 돌아와야했다"
웅거,20,1,2,2,"에 웅거하여, 에 웅거하고"
동래,20,1,2,1,에 동래하여
변동,20,5,2,2,"으로 변동하는, 가 변동하는"
순절,20,5,3,1,에서 순절하였
시무,20,3,2,2,"로 시무했다, 로 시무하였"
회송,20,4,2,1,으로 회송하여
오싹,20,1,1,1,의 오싹한모험
민활,20,1,1,1,이 민활하지
화천군,20,1,1,1,도 화천군하남
거무스레,20,3,3,2,"부터 거무스레한색, 은 거무스레한갈색"
살포,19,3,6,1,를 살포하는
반문,19,2,2,1,라고 반문했다
친근,19,7,4,1,에게 친근하게
엉뚱,19,7,5,1,는 엉뚱해!
명심,19,1,1,1,을 명심해야한다
소리,19,1,1,1,의 소리한국어방송
제도,19,2,1,1,으로 제도할이
허다,19,3,3,1,가 허다하다
산만,19,4,2,1,를 산만하게
심대,19,1,2,1,에 심대한영향
대노,19,3,1,1,은 대노하여
서늘,19,9,4,1,을 서늘하게
태어난,19,5,3,1,에서 태어난한국계
싸워야,19,4,3,1,과 싸워야했다
교란,19,2,4,1,를 교란하는
중복,19,3,2,1,과 중복하행진출
표의,19,1,1,1,라고 표의했다
기시,19,1,1,1,에서 기시한다
협시,19,1,1,1,이 협시하고
적정,18,7,1,1,을 적정하게
개사,18,4,1,1,를 개사하여
외접,18,1,1,1,에 외접하는
통지,18,4,8,1,에게 통지하여야
희사,18,2,2,1,을 희사하여
파생,18,6,5,1,에서 파생한것
사실상,18,3,1,1,은 사실상해체되
밀,18,1,1,1,은 밀하게
조회,18,4,3,1,를 조회할수
엄선,18,3,1,1,을 엄선하여
성찰,18,2,3,1,를 성찰하다
샤,18,1,1,1,의 샤한샤
날인,18,3,1,1,를 날인할수
귀,18,4,3,1,를 귀여워하
훙서,18,3,1,1,로 훙서하였
'',18,4,2,1,을 ''함의한다
시니어,18,1,1,1,의 시니어해에
농구,18,1,1,1,의 농구해설가
월백,18,1,1,1,에 월백하고
우즈,18,1,1,1,고 우즈하루시게
적시,17,3,4,1,을 적시하여
나타낸다고,17,2,1,1,을 나타낸다고한다
단교,17,3,2,1,과 단교하고
이루어진,17,2,1,1,로 이루어진하나의
조밀,17,6,3,1,이 조밀하게
청정,17,4,1,1,을 청정하게
벌여야,17,2,1,1,을 벌여야했다
날조,17,3,2,1,을 날조하여
증거,17,2,3,1,을 증거하는
신선,17,14,7,1,에게 신선한충격
참혹,17,3,3,1,의 참혹함을
사격,17,7,4,1,을 사격하는
배워야,17,2,2,1,을 배워야한다
투사,17,4,4,1,을 투사하는
내려,17,2,1,1,을 내려해괴제(
조업,17,2,2,1,에서 조업하는
격침,17,2,4,1,을 격침했다
평안,17,3,1,1,을 평안하게
교사,17,2,1,1,을 교사하여
강론,17,2,2,1,을 강론하였
그대로,17,5,1,1,를 그대로한글로
출중,17,6,4,1,이 출중하여
녹화,17,6,7,1,을 녹화할수
착발,17,1,1,1,에서 착발하는
알려야,17,3,1,1,에게 알려야한다
스물,17,1,1,1,의 스물한번
남발,17,2,4,1,를 남발하는
혐,17,1,1,1,의 혐한
연파,17,2,2,1,를 연파하고
다분,17,2,1,1,이 다분하다
파직,17,2,1,1,을 파직하고
변제,17,3,6,1,를 변제하지
공동,17,2,2,1,이 공동하여
포스트,17,1,1,1,의 포스트하드코어밴드
분관,17,1,1,1,로 분관하였
패퇴,16,9,8,1,에 패퇴했다
장담,16,2,1,1,를 장담할수
활발히,16,3,4,1,을 활발히하고
꼭,16,3,1,1,에 꼭하고
판가름,16,2,1,1,를 판가름하는
융성,16,5,5,1,이 융성하였
반죽,16,5,1,1,를 반죽하여
천안,16,7,6,1,는 천안함침몰
수거,16,3,4,1,를 수거하는
흉흉,16,1,1,1,이 흉흉해지
우연,16,6,5,1,의 우연한만남
전력,16,1,1,1,에 전력하였
방대,16,13,8,1,는 방대한양
사후,16,1,1,1,의 사후해석에서
저작,16,4,1,1,을 저작하였
독실,16,7,8,1,는 독실한가톨릭
비대,16,3,1,1,이 비대해지
변혁,16,2,1,1,를 변혁하는
숙박,16,3,3,1,이 숙박한경기도
바쳐야,16,5,4,1,을 바쳐야했다
도시,16,3,1,1,에다 도시하루감독
관전,16,3,5,1,를 관전하러
수영,16,3,2,1,에서 수영하는
짜릿,16,2,1,1,에서 짜릿한기쁨
갈구,16,2,2,1,을 갈구하는
집약,16,5,4,1,을 집약하여
콤팩트,16,5,3,1,는 콤팩트하우스도르프공간
나타난,16,1,1,1,에 나타난하나님의
순시,16,2,2,1,을 순시하였
영리,16,4,2,1,는 영리하고
제련,16,1,1,1,을 제련하는
준다고,16,1,1,1,을 준다고한다
갖춰야,16,4,1,1,을 갖춰야한다
애석,16,3,1,1,을 애석하게
마셔야,16,2,2,1,를 마셔야했다
끈끈,16,1,1,1,의 끈끈함그런데
배,16,2,2,1,의 배하
아찔,16,1,1,1,의 아찔한연애
봉무,16,2,1,1,으로 봉무하였
출계,16,2,2,1,로 출계하였
구애,16,2,1,1,에게 구애하는
대위,16,1,1,1,를 대위하여
・,16,1,1,1,에 ・하이지마선
아간,16,1,1,1,나 아간해상점
감축,15,4,5,1,을 감축하는
지지부진,15,4,5,1,이 지지부진하자
호령,15,2,2,1,를 호령하는
에,15,6,2,1,까지 에해당하
배우,15,1,1,1,의 배우해나
암송,15,2,2,1,를 암송하는
교감,15,3,3,1,과 교감하는
느긋,15,6,3,1,의 느긋한나날
장대,15,7,2,1,이 장대하고
수탈,15,2,1,1,을 수탈하는
코딩,15,2,1,1,을 코딩하는
서안,15,1,1,1,는 서안해양성
똑똑,15,7,4,1,는 똑똑하고
모른다고,15,1,1,1,도 모른다고한다
프랑스,15,9,8,1,은 프랑스해군의
무상,15,2,1,1,의 무상함을
명쾌,15,3,2,1,을 명쾌하게
몰살,15,2,3,1,을 몰살하고
참회,15,2,2,1,를 참회하는
거짓말,15,1,1,1,은 거짓말하지
감찰,15,2,2,1,을 감찰하는
·,15,5,1,1,와 ·하치노헤방면
무방,15,1,1,1,도 무방하다
간통,15,4,5,1,와 간통하여
기망,15,2,1,1,을 기망하여
한심,15,4,1,1,을 한심하게
든다고,15,1,1,1,이 든다고한다
관절,15,1,1,1,와 관절한다
차가타이,15,2,1,1,는 차가타이한국의
부기,15,1,2,1,을 부기했다
열창,15,2,2,1,를 열창했다
블루스,15,1,1,1,의 블루스하모니카연주자
콘티넨탈,15,1,1,1,의 콘티넨탈하키리그
드,15,1,1,1,헌티 드하우스(
송수신,15,1,2,1,를 송수신할수
노현,15,1,1,1,가 노현하니시나군
롱,15,1,1,1,의 롱하프타임워크
언제나,14,3,1,1,은 언제나하레와
가운데,14,3,1,1,가 가운데한사람
고양,14,2,2,1,을 고양하고
화장,14,6,5,1,을 화장한후
병설,14,2,3,1,을 병설하고
탕진,14,3,3,1,을 탕진하고
단결,14,6,1,1,이 단결하여
백,14,7,5,1,의 백일천하
출근,14,4,3,1,에 출근하는
항등,14,3,1,1,는 항등함수이
포고,14,2,2,1,을 포고하였
개탄,14,2,5,1,을 개탄하고
약칭,14,4,3,1,으로 약칭하기
험악,14,4,2,1,가 험악해지
정돈,14,2,1,1,를 정돈하고
노련,14,4,1,1,에 노련한사람
어찌,14,3,3,1,는 어찌하여
인자,14,2,2,1,의 인자하심
보인다고,14,5,4,1,을 보인다고한다
우롱,14,2,1,1,을 우롱하는
일으켜,14,2,1,1,를 일으켜해탈로
환송,14,2,2,1,으로 환송했다
뜻풀이,14,1,1,1,를 뜻풀이하면
개수,14,5,5,1,을 개수하여
애틋,14,1,1,1,의 애틋한사랑
다이,14,2,1,1,과 다이하이드록
착,14,1,1,1,에 착함
정비례,14,1,1,1,에 정비례한다
일체,14,1,1,1,을 일체하지
내로라,14,1,1,1,에서 내로라하는
결박,14,2,2,1,을 결박하여
콜라보,14,3,1,1,을 콜라보한크로스
對,14,1,1,1,에 對하여
개성,14,1,1,1,로 개성하였
야심,14,1,1,1,의 야심한책
조시,14,1,1,1,에 조시하츠쿠미
공조,13,2,1,1,과 공조하여
입건,13,2,2,1,로 입건했다
지닌다고,13,2,1,1,를 지닌다고할수
비관,13,2,1,1,을 비관하여
연소,13,6,4,1,를 연소하는
내게,13,2,2,1,을 내게하는
지낸,13,2,1,1,을 지낸한진창(
미야자키,13,1,2,1,는 미야자키하야오의
투영,13,5,5,1,을 투영하는
구걸,13,3,3,1,을 구걸하는
나란,13,3,1,1,과 나란하게
희롱,13,2,2,1,을 희롱하는
분면,13,1,2,1,으로 분면하였
노예,13,4,2,1,의 노예해방선언
순결,13,2,1,1,의 순결한15
경청,13,2,2,1,을 경청하고
정주,13,2,2,1,에 정주하였
엄금,13,2,2,1,을 엄금하고
납득,13,7,5,1,이 납득할수
유일무이,13,4,1,1,에서 유일무이하게
문의,13,5,4,1,에 문의하여
통렬,13,2,1,1,을 통렬하게
연발,13,2,3,1,을 연발하는
퇴보,13,2,1,1,에서 퇴보하지
순탄,13,2,2,1,은 순탄하지
소심,13,5,2,1,는 소심하고
천시,13,1,1,1,을 천시하는
질주,13,4,4,1,를 질주하는
총망라,13,2,2,1,을 총망라하여
모토,13,1,1,1,와 모토하루(
이등분,13,3,3,1,를 이등분한다
폐합,13,1,1,1,을 폐합하여
영면,13,3,2,1,에서 영면하였
關,13,1,1,1,에 關한硏究
폐문,13,1,1,1,이 폐문하였
뭐,13,4,2,1,에 뭐하세요
증원,13,3,5,1,을 증원하여
중심,13,2,1,1,을 중심하여
고단,13,1,1,1,의 고단한삶
창성,13,1,1,1,로 창성하였
만발,13,1,2,1,이 만발한숲
혁혁,13,2,2,1,에서 혁혁한공
타이,13,1,1,1,가 타이한국의
도움,13,1,1,1,의 도움하에
편안히,13,1,1,1,을 편안히하면서
로그인,13,3,5,1,에 로그인할수
픽,13,1,1,1,"에 픽하이,"
퀸,13,1,1,1,로 퀸하이클래스
신승,13,2,1,1,은 신승해나
내려서,13,1,1,1,을 내려서해괴제(
비로소,12,1,1,1,야 비로소해탈하
어떤,12,8,4,1,의 어떤하루-
생소,12,6,1,1,는 생소했던
사소,12,10,7,1,는 사소한것
꿋꿋,12,2,1,1,도 꿋꿋하게
병약,12,8,4,1,이 병약하여
작도,12,3,2,1,을 작도하는
수긍,12,3,5,1,을 수긍한사례
발흥,12,4,3,1,이 발흥하여
월북,12,5,3,1,으로 월북했다
은둔,12,2,3,1,에서 은둔하며
투철,12,3,3,1,이 투철하고
찬란,12,5,3,1,에 찬란한빛
조준,12,3,4,1,을 조준하고
매끈,12,4,3,1,가 매끈하고
계몽,12,1,3,1,을 계몽하는
장만,12,2,1,1,을 장만하고
비범,12,4,2,1,의 비범함을
편평,12,7,4,1,은 편평하고
기이,12,6,3,1,의 기이한모험
타결,12,1,1,1,을 타결하였
환수,12,2,2,1,로 환수하기
접종,12,4,5,1,을 접종하는
독학,12,2,3,1,을 독학했다
나약,12,3,2,1,의 나약함을
독일,12,7,6,1,는 독일하드록
준거,12,1,2,1,에 준거하여
감형,12,2,2,1,으로 감형함
운운,12,2,2,1,를 운운하며
재처리,12,2,1,1,를 재처리하여
척결,12,2,1,1,를 척결하고
몰,12,1,1,1,의 몰이해
제재,12,3,1,1,을 제재하는
호가,12,1,1,1,을 호가하는
당해야,12,1,1,1,을 당해야했다
책망,12,2,2,1,을 책망하였
씨름,12,2,1,1,과 씨름하는
심오,12,3,2,1,에 심오한영향
굉장,12,11,3,1,이 굉장해!
든든,12,6,4,1,를 든든하게
배구,12,1,1,1,의 배구해설가
배웅,12,3,3,1,을 배웅했다
낭송,12,2,2,1,를 낭송하는
배합,12,2,1,1,을 배합하여
친정,12,4,2,1,까지 친정하였
간언,12,4,4,1,을 간언하였
쳐서,12,2,1,1,을 쳐서함락시키
모사,12,2,3,1,을 모사하여
잠잠,12,4,3,1,이 잠잠해지
신용,12,2,2,1,을 신용하지
매매,12,3,2,1,을 매매하는
추시,12,1,1,1,로 추시하였
환대,12,2,2,1,을 환대하고
정연,12,2,2,1,이 정연하게
일용,12,1,1,1,에게 일용할양식
속죄,12,2,2,1,를 속죄하기
사통,12,2,2,1,과 사통하여
마쳐야,12,2,2,1,을 마쳐야한다
윤택,12,1,1,1,을 윤택하게
지도력,12,1,1,1,의 지도력하에
주권,12,1,1,1,의 주권하에
능멸,12,2,1,1,를 능멸하는
난다고,12,2,1,1,가 난다고한다
영전,12,2,2,1,으로 영전하였
단층면,12,1,2,1,의 단층면해는
커야,12,1,1,1,보다 커야한다
재전송,12,2,2,1,을 재전송한다
취조,12,1,1,1,을 취조하는
카풀,12,1,1,1,으로 카풀해서오
어떡,12,1,1,1,는 어떡하라고
바라봐야,12,1,1,1,을 바라봐야할것
기다린다고,12,1,1,1,를 기다린다고함은
해태,12,1,1,1,를 해태하지
측,12,1,1,1,가 측함수의
차운,12,1,1,1,에 차운하다
훈수,12,1,1,1,을 훈수하고
생기,12,1,1,1,이 생기하는
727,12,1,1,1,로 727한국체육
궤,12,1,1,1,의 궤해제집
충북,12,1,1,1,과 충북한국교원
활동도,11,1,1,1,의 활동도하고
된,11,4,1,1,가 된해에
폭락,11,5,5,1,가 폭락했다
직교,11,4,1,1,에 직교하는
애호,11,2,1,1,을 애호하는
명백히,11,2,2,1,을 명백히하였
독식,11,3,3,1,을 독식하는
급박,11,4,3,1,이 급박하게
서로,11,3,1,1,은 서로한차례
목표,11,4,3,1,을 목표하고
가해야,11,2,1,1,을 가해야한다
흐릿,11,5,2,1,이 흐릿하게
동부,11,3,4,1,의 동부해안에
북상,11,10,8,1,으로 북상하여
놀,11,1,2,1,에 놀라워하
신음,11,4,3,1,에 신음하는
급변,11,5,6,1,은 급변했다
폭주,11,5,5,1,이 폭주하여
엄중,11,4,2,1,을 엄중하게
일신,11,2,3,1,을 일신하고
예민,11,10,5,1,을 예민하게
미행,11,2,2,1,을 미행하고
회,11,1,3,1,의 회한
활달,11,3,1,1,이 활달하고
상담,11,5,7,1,에게 상담한다
세척,11,3,1,1,를 세척하는
희구,11,2,1,1,을 희구하는
1,11,6,2,1,이 1할대
프로그래밍,11,4,3,1,을 프로그래밍할수
분투,11,6,3,1,에서 분투하여
무뚝뚝,11,2,1,1,는 무뚝뚝하고
폐국,11,1,1,1,에 폐국하였
잠수,11,3,3,1,까지 잠수할수
결행,11,2,2,1,을 결행하였
평온,11,8,2,1,을 평온하게
키워야,11,2,1,1,으로 키워야한다
자원입대,11,1,2,1,에 자원입대하여
원칙,11,1,1,1,의 원칙하에
절대,11,3,1,1,을 절대하지
취업,11,5,6,1,에 취업하는
체재,11,1,2,1,에 체재하고
암기,11,2,2,1,를 암기하고
겁탈,11,2,2,1,를 겁탈하려
부재,11,3,5,1,이 부재한다
원정,11,6,5,1,에 원정하여
세탁,11,1,2,1,을 세탁하는
진실,11,8,5,1,의 진실한모습
행세,11,3,6,1,처럼 행세하며
쟁쟁,11,1,1,1,의 쟁쟁한선수
낙점,11,4,3,1,로 낙점했다
대우,11,5,7,1,으로 대우하는
명석,11,4,2,1,가 명석하고
방랑,11,2,5,1,를 방랑하며
일임,11,4,5,1,에게 일임하고
돌출,11,5,3,1,으로 돌출해있
무제,11,1,1,1,의 무제한잠수함
윤,11,3,1,1,는 윤하
돈독히,11,2,2,1,를 돈독히하였
능수능란,11,1,1,1,을 능수능란하게
받아들여야,11,4,4,1,를 받아들여야했다
노략질,11,2,2,1,을 노략질하였
가설,11,3,2,1,을 가설하여
곡,11,1,2,1,을 곡해
공양,11,4,3,1,을 공양하는
수도,11,4,2,1,의 수도한성
투숙,11,2,2,1,에 투숙하였
인양,11,2,2,1,을 인양하였
입시,11,2,2,1,에 입시하였
담판,11,1,1,1,과 담판하여
혁신,11,2,2,1,을 혁신하는
피휘,11,2,1,1,를 피휘하여
합장,11,4,3,1,에 합장하였
복권,11,2,1,1,을 복권해야된다는
무모,11,6,4,1,의 무모한도전
짤막,11,5,1,1,을 짤막하게
승급,11,2,2,1,으로 승급했다
퇴거,11,3,2,1,으로 퇴거하였
게스트,11,1,1,1,의 게스트하우스》
완주,11,5,4,1,를 완주하는
특화,11,2,1,1,에 특화하여
다재다능,11,3,3,1,의 다재다능함을
겸허,11,1,1,1,을 겸허하게
난폭,11,5,3,1,이 난폭하고
공제,11,3,2,1,을 공제한금액
카피,11,2,3,1,을 카피하다
취합,11,2,1,1,을 취합하여
줄여야,11,3,2,1,을 줄여야한다
유기,11,3,5,1,에 유기하였
침강,11,5,3,1,이 침강하는
굴착,11,2,4,1,을 굴착하여
속박,11,2,1,1,를 속박하는
지연,11,2,1,1,을 지연하는
속행,11,2,2,1,를 속행할수
감경,11,1,2,1,을 감경할수
남반구,11,1,1,1,는 남반구하늘의
유계,11,1,1,1,는 유계함수이
하역,11,1,1,1,을 하역하는
기간,11,4,2,1,의 기간한정으로
남향,11,1,1,1,에 남향하여
작전,11,1,2,1,에서 작전하는
테니스,11,1,1,1,의 테니스해설가
가뿐,11,1,1,1,이 가뿐하고
프로야구,11,1,1,1,부터 프로야구한국시리즈
란트,11,1,1,1,로 란트하저구
풀질,11,1,1,1,에 풀질하고
미야기현,11,1,1,1,의 미야기현해역지진
실,10,1,1,1,는 실해
완전히,10,8,4,1,은 완전히해체되
밝혀야,10,2,1,1,을 밝혀야한다
공생,10,6,3,1,와 공생하는
부각,10,2,4,1,을 부각하기
연립,10,1,2,1,을 연립하면
의사소통,10,4,2,1,과 의사소통하는
미분기,10,3,2,1,과 미분기하학에서
태동,10,3,3,1,이 태동하던
예배,10,3,2,1,을 예배하는
부실,10,6,3,1,이 부실하다는
의해서,10,1,1,1,에 의해서한번
아직,10,3,2,1,는 아직해결되
애절,10,5,3,1,을 애절하게
퇴진,10,5,1,1,이 퇴진하고
정정,10,4,5,1,로 정정하였
서부,10,2,2,1,의 서부해안을
러시아,10,7,1,1,는 러시아해군의
재탈환,10,2,3,1,를 재탈환하였
급파,10,5,3,1,를 급파하였
비축,10,2,8,1,을 비축하고
경미,10,9,6,1,에 경미한부상
결제,10,5,2,1,로 결제하는
전용,10,5,7,1,을 전용하고
편입학,10,2,2,1,에 편입학하였
현혹,10,2,1,1,을 현혹하는
반려,10,3,1,1,이 반려하였
민족,10,6,2,1,의 민족해방운동
맹신,10,2,1,1,을 맹신하는
물론,10,2,1,1,는 물론해외에서
탄탄,10,11,5,1,을 탄탄하게
유출,10,6,6,1,를 유출하여
전이,10,3,2,1,로 전이하는
전과,10,2,2,1,로 전과하여
일사,10,1,1,1,나 일사하라
무궁,10,1,1,1,의 무궁한발전
연모,10,2,3,1,를 연모하는
술,10,2,3,1,는 술루해
그리,10,3,1,1,은 그리하지
견학,10,2,3,1,을 견학하고
역이용,10,2,2,1,을 역이용하여
사악,10,10,4,1,의 사악함을
데이트,10,2,4,1,와 데이트하였
급등,10,5,5,1,이 급등하여
민첩,10,6,3,1,이 민첩하고
자립,10,9,4,1,이 자립하여
진료,10,2,4,1,을 진료하는
압승,10,5,4,1,이 압승했다
버트,10,1,1,1,로 버트할리
방화,10,3,4,1,에 방화하고
소설,10,1,1,1,의 소설해리포터
돼야,10,2,2,1,"가 돼야한다"""
논박,10,2,4,1,을 논박하였
적출,10,2,2,1,을 적출하는
남긴,10,1,1,1,가 남긴한마디》
붓,10,1,1,1,의 붓할머니
독,10,1,1,1,의 독해
박멸,10,2,3,1,을 박멸하기
핍박,10,2,3,1,을 핍박하는
돈,10,1,1,1,은 돈한푼
돌려야,10,2,1,1,를 돌려야했다
어수선,10,5,2,1,가 어수선해지
수업,10,3,2,1,로 수업하는
방탕,10,3,2,1,의 방탕한생활
이간질,10,2,2,1,를 이간질하여
부가,10,3,3,1,을 부가하는
지켜봐야,10,2,1,1,를 지켜봐야했다
유복,10,5,4,1,에서 유복하게
이착륙,10,3,2,1,가 이착륙할수
과대평가,10,2,1,1,을 과대평가하는
중의원,10,2,3,1,에 중의원해산(
광범,10,4,1,1,를 광범하게
시공,10,8,5,1,으로 시공하였
조차,10,2,2,1,에 조차하는
불쌍,10,7,2,1,은 불쌍하다
순례,10,2,2,1,를 순례하는
부강,10,2,1,1,를 부강하게
상향,10,2,1,1,로 상향했다
구획,10,3,4,1,으로 구획하여
봉행,10,2,1,1,를 봉행하고
정해야,10,3,1,1,을 정해야한다
난당,10,1,1,1,도 난당했다
압류,10,2,2,1,을 압류하고
공명,10,2,2,1,에 공명하여
혜,10,2,1,1,는 혜해
비와,10,1,1,1,는 비와함께간다
그리워,10,2,2,1,을 그리워하는
패스,10,4,3,1,에게 패스했고
판각,10,5,2,1,을 판각한것
추동,10,2,1,1,을 추동하는
기항,10,2,2,1,에 기항하여
철저히,10,2,3,1,을 철저히하고
고요,10,6,3,1,이 고요하지
기특,10,1,1,1,를 기특하게
분파,10,2,2,1,로 분파하였
봉납,10,3,2,1,을 봉납하였
이장,10,5,5,1,으로 이장했다
접안,10,2,1,1,이 접안할수
추숭,10,4,4,1,로 추숭하였
알선,10,2,3,1,을 알선하는
회개,10,5,3,1,를 회개하고
유머러스,10,3,2,1,을 유머러스하게
삼엄,10,2,1,1,의 삼엄한감시
무참,10,1,1,1,을 무참하게
미혹,10,1,1,1,에 미혹한번뇌
배알,10,2,3,1,를 배알하고
직영,10,1,1,1,에서 직영하는
은은,10,7,2,1,이 은은하다
불룩,10,2,1,1,이 불룩하게
즐,10,1,1,1,을 즐거워하
공허,10,5,2,1,의 공허함을
흥분,10,7,3,1,은 흥분하여
톡톡히,10,1,1,1,을 톡톡히하고
부조,10,1,1,1,을 부조하였
월남,10,6,3,1,으로 월남했다
투약,10,3,1,1,을 투약한혐의
성경,10,4,4,1,의 성경해석과
잠재,10,2,2,1,에 잠재하는
고창,10,1,1,1,를 고창하며
촉촉,10,1,1,1,를 촉촉하게
걸린다고,10,1,1,1,이 걸린다고한다
의문시,10,2,1,1,을 의문시하는
담합,10,1,1,1,을 담합하여
올림,10,1,1,1,에서 올림하면
칭탁,10,1,1,1,을 칭탁하여
뇌,10,1,1,1,고 뇌하는
양각,10,2,3,1,를 양각하였
부안군,10,1,1,1,도 부안군하서
달랑달랑,10,1,1,1,이 달랑달랑한닉
스타일리시,10,1,1,1,의 스타일리시한생활
수양,10,1,1,1,을 수양하는
역전패,10,2,2,1,로 역전패했다
미즈,10,1,2,1,하 미즈하)
절개,10,2,3,1,을 절개하여
관립,10,1,2,1,에 관립한성
킵차크,10,2,1,1,는 킵차크한국의
일절,10,1,1,1,은 일절하지
개학,10,1,1,1,에 개학한다
스토킹,10,2,1,1,를 스토킹하는
좌,10,1,1,1,와 좌하
코멘트,10,1,1,1,라고 코멘트했다
조연,10,1,1,1,에 조연하였
양구군,10,1,1,1,도 양구군해안면
드래그,10,2,2,1,을 드래그하여
증보,10,2,1,1,을 증보하여
등제,10,1,1,1,에 등제하여
아키코,10,1,1,1,에 아키코하야시타카요시
